{ "traceEvents":[{"name":"Base","cat":"Feature","ph":"B","ts":0,"pid":1074570,"tid":1074570,"args":{"ID":0}},{"name":"FR(FeatureA)","cat":"Feature","ph":"B","ts":2000121,"pid":1074570,"tid":1074570,"args":{"ID":1729382256910270467}},{"name":"FR(FeatureA)","cat":"Feature","ph":"E","ts":2000121,"pid":1074570,"tid":1074570,"args":{"ID":1729382256910270467}},{"name":"FR(FeatureB)","cat":"Feature","ph":"B","ts":3000222,"pid":1074570,"tid":1074570,"args":{"ID":1729382256910286851}},{"name":"FR(FeatureC)","cat":"Feature","ph":"B","ts":3000222,"pid":1074570,"tid":1074570,"args":{"ID":1729382256910303235}},{"name":"FR(FeatureC)","cat":"Feature","ph":"E","ts":3000227,"pid":1074570,"tid":1074570,"args":{"ID":1729382256910303235}},{"name":"FR(FeatureB)","cat":"Feature","ph":"E","ts":3000227,"pid":1074570,"tid":1074570,"args":{"ID":1729382256910286851}},{"name":"FR(FeatureA)","cat":"Feature","ph":"E","ts":3000228,"pid":1074570,"tid":1074570,"args":{"ID":1729382256910270467}},{"name":"FR(FeatureC)","cat":"Feature","ph":"E","ts":3000242,"pid":1074570,"tid":1074570,"args":{"ID":1729382256910303235}},{"name":"FR(FeatureB)","cat":"Feature","ph":"E","ts":3000243,"pid":1074570,"tid":1074570,"args":{"ID":1729382256910286851}},{"name":"FR(FeatureA)","cat":"Feature","ph":"E","ts":3000243,"pid":1074570,"tid":1074570,"args":{"ID":1729382256910270467}},{"name":"FR(FeatureA)","cat":"Feature","ph":"B","ts":3000244,"pid":1074570,"tid":1074570,"args":{"ID":1729382256910319619}},{"name":"FR(FeatureC)","cat":"Feature","ph":"B","ts":3000245,"pid":1074570,"tid":1074570,"args":{"ID":1729382256910352387}},{"name":"FR(FeatureC)","cat":"Feature","ph":"E","ts":3000245,"pid":1074570,"tid":1074570,"args":{"ID":1729382256910352387}},{"name":"FR(FeatureA)","cat":"Feature","ph":"E","ts":3000245,"pid":1074570,"tid":1074570,"args":{"ID":1729382256910319619}},{"name":"FR(FeatureC)","cat":"Feature","ph":"E","ts":3000246,"pid":1074570,"tid":1074570,"args":{"ID":1729382256910303235}},{"name":"FR(FeatureB)","cat":"Feature","ph":"E","ts":3000246,"pid":1074570,"tid":1074570,"args":{"ID":1729382256910286851}},{"name":"FR(FeatureA)","cat":"Feature","ph":"E","ts":3000247,"pid":1074570,"tid":1074570,"args":{"ID":1729382256910270467}},{"name":"Base","cat":"Feature","ph":"E","ts":3000248,"pid":1074570,"tid":1074570,"args":{"ID":0}}],"stackFrames":{},"timestampUnit":"us"}