{ "traceEvents":[{"name":"Base","cat":"Feature","ph":"B","ts":0,"pid":1075547,"tid":1075547,"args":{"ID":0}},{"name":"FR(FeatureA)","cat":"Feature","ph":"B","ts":2000120,"pid":1075547,"tid":1075547,"args":{"ID":1729382256910270467}},{"name":"FR(FeatureA)","cat":"Feature","ph":"E","ts":2000121,"pid":1075547,"tid":1075547,"args":{"ID":1729382256910270467}},{"name":"FR(FeatureB)","cat":"Feature","ph":"B","ts":3000222,"pid":1075547,"tid":1075547,"args":{"ID":1729382256910286851}},{"name":"FR(FeatureC)","cat":"Feature","ph":"B","ts":3000223,"pid":1075547,"tid":1075547,"args":{"ID":1729382256910303235}},{"name":"FR(FeatureC)","cat":"Feature","ph":"E","ts":3000231,"pid":1075547,"tid":1075547,"args":{"ID":1729382256910303235}},{"name":"FR(FeatureB)","cat":"Feature","ph":"E","ts":3000231,"pid":1075547,"tid":1075547,"args":{"ID":1729382256910286851}},{"name":"FR(FeatureA)","cat":"Feature","ph":"E","ts":3000232,"pid":1075547,"tid":1075547,"args":{"ID":1729382256910270467}},{"name":"FR(FeatureC)","cat":"Feature","ph":"E","ts":3000247,"pid":1075547,"tid":1075547,"args":{"ID":1729382256910303235}},{"name":"FR(FeatureB)","cat":"Feature","ph":"E","ts":3000248,"pid":1075547,"tid":1075547,"args":{"ID":1729382256910286851}},{"name":"FR(FeatureA)","cat":"Feature","ph":"E","ts":3000248,"pid":1075547,"tid":1075547,"args":{"ID":1729382256910270467}},{"name":"FR(FeatureA)","cat":"Feature","ph":"B","ts":3000249,"pid":1075547,"tid":1075547,"args":{"ID":1729382256910319619}},{"name":"FR(FeatureC)","cat":"Feature","ph":"B","ts":3000250,"pid":1075547,"tid":1075547,"args":{"ID":1729382256910352387}},{"name":"FR(FeatureC)","cat":"Feature","ph":"E","ts":3000251,"pid":1075547,"tid":1075547,"args":{"ID":1729382256910352387}},{"name":"FR(FeatureA)","cat":"Feature","ph":"E","ts":3000252,"pid":1075547,"tid":1075547,"args":{"ID":1729382256910319619}},{"name":"FR(FeatureC)","cat":"Feature","ph":"E","ts":3000252,"pid":1075547,"tid":1075547,"args":{"ID":1729382256910303235}},{"name":"FR(FeatureB)","cat":"Feature","ph":"E","ts":3000253,"pid":1075547,"tid":1075547,"args":{"ID":1729382256910286851}},{"name":"FR(FeatureA)","cat":"Feature","ph":"E","ts":3000254,"pid":1075547,"tid":1075547,"args":{"ID":1729382256910270467}},{"name":"Base","cat":"Feature","ph":"E","ts":3000255,"pid":1075547,"tid":1075547,"args":{"ID":0}}],"stackFrames":{},"timestampUnit":"us"}