{ "traceEvents":[{"name":"Base","cat":"Feature","ph":"B","ts":0,"pid":1073835,"tid":1073835,"args":{"ID":0}},{"name":"FR(FeatureA)","cat":"Feature","ph":"B","ts":2000126,"pid":1073835,"tid":1073835,"args":{"ID":1729382256910270467}},{"name":"FR(FeatureA)","cat":"Feature","ph":"E","ts":2000126,"pid":1073835,"tid":1073835,"args":{"ID":1729382256910270467}},{"name":"FR(FeatureB)","cat":"Feature","ph":"B","ts":3000239,"pid":1073835,"tid":1073835,"args":{"ID":1729382256910286851}},{"name":"FR(FeatureC)","cat":"Feature","ph":"B","ts":3000240,"pid":1073835,"tid":1073835,"args":{"ID":1729382256910303235}},{"name":"FR(FeatureC)","cat":"Feature","ph":"E","ts":3000249,"pid":1073835,"tid":1073835,"args":{"ID":1729382256910303235}},{"name":"FR(FeatureB)","cat":"Feature","ph":"E","ts":3000250,"pid":1073835,"tid":1073835,"args":{"ID":1729382256910286851}},{"name":"FR(FeatureA)","cat":"Feature","ph":"E","ts":3000251,"pid":1073835,"tid":1073835,"args":{"ID":1729382256910270467}},{"name":"FR(FeatureC)","cat":"Feature","ph":"E","ts":3000265,"pid":1073835,"tid":1073835,"args":{"ID":1729382256910303235}},{"name":"FR(FeatureB)","cat":"Feature","ph":"E","ts":3000265,"pid":1073835,"tid":1073835,"args":{"ID":1729382256910286851}},{"name":"FR(FeatureA)","cat":"Feature","ph":"E","ts":3000266,"pid":1073835,"tid":1073835,"args":{"ID":1729382256910270467}},{"name":"FR(FeatureA)","cat":"Feature","ph":"B","ts":3000267,"pid":1073835,"tid":1073835,"args":{"ID":1729382256910319619}},{"name":"FR(FeatureC)","cat":"Feature","ph":"B","ts":3000268,"pid":1073835,"tid":1073835,"args":{"ID":1729382256910352387}},{"name":"FR(FeatureC)","cat":"Feature","ph":"E","ts":3000269,"pid":1073835,"tid":1073835,"args":{"ID":1729382256910352387}},{"name":"FR(FeatureA)","cat":"Feature","ph":"E","ts":3000269,"pid":1073835,"tid":1073835,"args":{"ID":1729382256910319619}},{"name":"FR(FeatureC)","cat":"Feature","ph":"E","ts":3000270,"pid":1073835,"tid":1073835,"args":{"ID":1729382256910303235}},{"name":"FR(FeatureB)","cat":"Feature","ph":"E","ts":3000271,"pid":1073835,"tid":1073835,"args":{"ID":1729382256910286851}},{"name":"FR(FeatureA)","cat":"Feature","ph":"E","ts":3000272,"pid":1073835,"tid":1073835,"args":{"ID":1729382256910270467}},{"name":"Base","cat":"Feature","ph":"E","ts":3000273,"pid":1073835,"tid":1073835,"args":{"ID":0}}],"stackFrames":{},"timestampUnit":"us"}