{ "traceEvents":[{"name":"Base","cat":"Feature","ph":"B","ts":0,"pid":1074325,"tid":1074325,"args":{"ID":0}},{"name":"FR(FeatureA)","cat":"Feature","ph":"B","ts":2000137,"pid":1074325,"tid":1074325,"args":{"ID":1729382256910270467}},{"name":"FR(FeatureA)","cat":"Feature","ph":"E","ts":2000137,"pid":1074325,"tid":1074325,"args":{"ID":1729382256910270467}},{"name":"FR(FeatureB)","cat":"Feature","ph":"B","ts":3000236,"pid":1074325,"tid":1074325,"args":{"ID":1729382256910286851}},{"name":"FR(FeatureC)","cat":"Feature","ph":"B","ts":3000236,"pid":1074325,"tid":1074325,"args":{"ID":1729382256910303235}},{"name":"FR(FeatureC)","cat":"Feature","ph":"E","ts":3000243,"pid":1074325,"tid":1074325,"args":{"ID":1729382256910303235}},{"name":"FR(FeatureB)","cat":"Feature","ph":"E","ts":3000243,"pid":1074325,"tid":1074325,"args":{"ID":1729382256910286851}},{"name":"FR(FeatureA)","cat":"Feature","ph":"E","ts":3000244,"pid":1074325,"tid":1074325,"args":{"ID":1729382256910270467}},{"name":"FR(FeatureC)","cat":"Feature","ph":"E","ts":3000259,"pid":1074325,"tid":1074325,"args":{"ID":1729382256910303235}},{"name":"FR(FeatureB)","cat":"Feature","ph":"E","ts":3000260,"pid":1074325,"tid":1074325,"args":{"ID":1729382256910286851}},{"name":"FR(FeatureA)","cat":"Feature","ph":"E","ts":3000260,"pid":1074325,"tid":1074325,"args":{"ID":1729382256910270467}},{"name":"FR(FeatureA)","cat":"Feature","ph":"B","ts":3000261,"pid":1074325,"tid":1074325,"args":{"ID":1729382256910319619}},{"name":"FR(FeatureC)","cat":"Feature","ph":"B","ts":3000262,"pid":1074325,"tid":1074325,"args":{"ID":1729382256910352387}},{"name":"FR(FeatureC)","cat":"Feature","ph":"E","ts":3000262,"pid":1074325,"tid":1074325,"args":{"ID":1729382256910352387}},{"name":"FR(FeatureA)","cat":"Feature","ph":"E","ts":3000262,"pid":1074325,"tid":1074325,"args":{"ID":1729382256910319619}},{"name":"FR(FeatureC)","cat":"Feature","ph":"E","ts":3000263,"pid":1074325,"tid":1074325,"args":{"ID":1729382256910303235}},{"name":"FR(FeatureB)","cat":"Feature","ph":"E","ts":3000264,"pid":1074325,"tid":1074325,"args":{"ID":1729382256910286851}},{"name":"FR(FeatureA)","cat":"Feature","ph":"E","ts":3000264,"pid":1074325,"tid":1074325,"args":{"ID":1729382256910270467}},{"name":"Base","cat":"Feature","ph":"E","ts":3000265,"pid":1074325,"tid":1074325,"args":{"ID":0}}],"stackFrames":{},"timestampUnit":"us"}