{ "traceEvents":[{"name":"Base","cat":"Feature","ph":"B","ts":0,"pid":1173817,"tid":1173817,"args":{"ID":0}},{"name":"FR(FeatureA)","cat":"Feature","ph":"B","ts":2000118,"pid":1173817,"tid":1173817,"args":{"ID":1729382256910270467}},{"name":"FR(FeatureB)","cat":"Feature","ph":"B","ts":2000118,"pid":1173817,"tid":1173817,"args":{"ID":1729382256910286851}},{"name":"FR(FeatureC)","cat":"Feature","ph":"B","ts":2000119,"pid":1173817,"tid":1173817,"args":{"ID":1729382256910303235}},{"name":"FR(FeatureC)","cat":"Feature","ph":"E","ts":2000120,"pid":1173817,"tid":1173817,"args":{"ID":1729382256910303235}},{"name":"FR(FeatureB)","cat":"Feature","ph":"E","ts":2000125,"pid":1173817,"tid":1173817,"args":{"ID":1729382256910286851}},{"name":"FR(FeatureA)","cat":"Feature","ph":"E","ts":2000125,"pid":1173817,"tid":1173817,"args":{"ID":1729382256910270467}},{"name":"FR(FeatureC)","cat":"Feature","ph":"E","ts":3000231,"pid":1173817,"tid":1173817,"args":{"ID":1729382256910303235}},{"name":"FR(FeatureB)","cat":"Feature","ph":"E","ts":3000232,"pid":1173817,"tid":1173817,"args":{"ID":1729382256910286851}},{"name":"FR(FeatureA)","cat":"Feature","ph":"E","ts":3000233,"pid":1173817,"tid":1173817,"args":{"ID":1729382256910270467}},{"name":"FR(FeatureC)","cat":"Feature","ph":"E","ts":3000234,"pid":1173817,"tid":1173817,"args":{"ID":1729382256910303235}},{"name":"FR(FeatureB)","cat":"Feature","ph":"E","ts":3000234,"pid":1173817,"tid":1173817,"args":{"ID":1729382256910286851}},{"name":"FR(FeatureA)","cat":"Feature","ph":"E","ts":3000235,"pid":1173817,"tid":1173817,"args":{"ID":1729382256910270467}},{"name":"FR(FeatureC)","cat":"Feature","ph":"E","ts":3000236,"pid":1173817,"tid":1173817,"args":{"ID":1729382256910303235}},{"name":"FR(FeatureB)","cat":"Feature","ph":"E","ts":3000237,"pid":1173817,"tid":1173817,"args":{"ID":1729382256910286851}},{"name":"FR(FeatureA)","cat":"Feature","ph":"E","ts":3000237,"pid":1173817,"tid":1173817,"args":{"ID":1729382256910270467}},{"name":"FR(FeatureC)","cat":"Feature","ph":"B","ts":4000318,"pid":1173817,"tid":1173817,"args":{"ID":1729382256910352387}},{"name":"FR(FeatureC)","cat":"Feature","ph":"E","ts":4000319,"pid":1173817,"tid":1173817,"args":{"ID":1729382256910352387}},{"name":"FR(FeatureA)","cat":"Feature","ph":"E","ts":4000320,"pid":1173817,"tid":1173817,"args":{"ID":1729382256910319619}},{"name":"FR(FeatureC)","cat":"Feature","ph":"E","ts":4000320,"pid":1173817,"tid":1173817,"args":{"ID":1729382256910303235}},{"name":"FR(FeatureB)","cat":"Feature","ph":"E","ts":4000321,"pid":1173817,"tid":1173817,"args":{"ID":1729382256910286851}},{"name":"FR(FeatureA)","cat":"Feature","ph":"E","ts":4000322,"pid":1173817,"tid":1173817,"args":{"ID":1729382256910270467}},{"name":"FR(FeatureC)","cat":"Feature","ph":"E","ts":4000322,"pid":1173817,"tid":1173817,"args":{"ID":1729382256910352387}},{"name":"FR(FeatureA)","cat":"Feature","ph":"E","ts":4000323,"pid":1173817,"tid":1173817,"args":{"ID":1729382256910319619}},{"name":"FR(FeatureC)","cat":"Feature","ph":"E","ts":4000324,"pid":1173817,"tid":1173817,"args":{"ID":1729382256910303235}},{"name":"FR(FeatureB)","cat":"Feature","ph":"E","ts":4000325,"pid":1173817,"tid":1173817,"args":{"ID":1729382256910286851}},{"name":"FR(FeatureA)","cat":"Feature","ph":"E","ts":4000325,"pid":1173817,"tid":1173817,"args":{"ID":1729382256910270467}},{"name":"Base","cat":"Feature","ph":"E","ts":4000326,"pid":1173817,"tid":1173817,"args":{"ID":0}}],"stackFrames":{},"timestampUnit":"us"}