{ "traceEvents":[{"name":"Base","cat":"Feature","ph":"B","ts":0,"pid":2053356,"tid":2053356,"args":{"ID":0}},{"name":"FR(FeatureA)","cat":"Feature","ph":"B","ts":2000129,"pid":2053356,"tid":2053356,"args":{"ID":1729382256910270467}},{"name":"FR(FeatureA)","cat":"Feature","ph":"E","ts":3000234,"pid":2053356,"tid":2053356,"args":{"ID":1729382256910270467}},{"name":"FR(FeatureD)","cat":"Feature","ph":"B","ts":3000235,"pid":2053356,"tid":2053356,"args":{"ID":1729382256910319619}},{"name":"FR(FeatureD)","cat":"Feature","ph":"E","ts":5000332,"pid":2053356,"tid":2053356,"args":{"ID":1729382256910319619}},{"name":"FR(FeatureA)","cat":"Feature","ph":"B","ts":5000338,"pid":2053356,"tid":2053356,"args":{"ID":1729382256910336003}},{"name":"FR(FeatureA)","cat":"Feature","ph":"E","ts":5000338,"pid":2053356,"tid":2053356,"args":{"ID":1729382256910336003}},{"name":"Base","cat":"Feature","ph":"E","ts":5000339,"pid":2053356,"tid":2053356,"args":{"ID":0}}],"stackFrames":{},"timestampUnit":"us"}