{ "traceEvents":[{"name":"Base","cat":"Feature","ph":"B","ts":0,"pid":2050975,"tid":2050975,"args":{"ID":0}},{"name":"FR(FeatureA)","cat":"Feature","ph":"B","ts":2000108,"pid":2050975,"tid":2050975,"args":{"ID":1729382256910270467}},{"name":"FR(FeatureA)","cat":"Feature","ph":"E","ts":3000186,"pid":2050975,"tid":2050975,"args":{"ID":1729382256910270467}},{"name":"FR(FeatureD)","cat":"Feature","ph":"B","ts":3000186,"pid":2050975,"tid":2050975,"args":{"ID":1729382256910319619}},{"name":"FR(FeatureD)","cat":"Feature","ph":"E","ts":5000270,"pid":2050975,"tid":2050975,"args":{"ID":1729382256910319619}},{"name":"FR(FeatureA)","cat":"Feature","ph":"B","ts":5000276,"pid":2050975,"tid":2050975,"args":{"ID":1729382256910336003}},{"name":"FR(FeatureA)","cat":"Feature","ph":"E","ts":5000276,"pid":2050975,"tid":2050975,"args":{"ID":1729382256910336003}},{"name":"Base","cat":"Feature","ph":"E","ts":5000277,"pid":2050975,"tid":2050975,"args":{"ID":0}}],"stackFrames":{},"timestampUnit":"us"}