{ "traceEvents":[{"name":"Base","cat":"Feature","ph":"B","ts":0,"pid":2090572,"tid":2090572,"args":{"ID":0}},{"name":"FR(FeatureA)","cat":"Feature","ph":"B","ts":2000116,"pid":2090572,"tid":2090572,"args":{"ID":1729382256910270467}},{"name":"FR(FeatureA)","cat":"Feature","ph":"E","ts":3000216,"pid":2090572,"tid":2090572,"args":{"ID":1729382256910270467}},{"name":"FR(FeatureD)","cat":"Feature","ph":"B","ts":3000216,"pid":2090572,"tid":2090572,"args":{"ID":1729382256910319619}},{"name":"FR(FeatureD)","cat":"Feature","ph":"E","ts":5000320,"pid":2090572,"tid":2090572,"args":{"ID":1729382256910319619}},{"name":"FR(FeatureA)","cat":"Feature","ph":"B","ts":5000326,"pid":2090572,"tid":2090572,"args":{"ID":1729382256910336003}},{"name":"FR(FeatureA)","cat":"Feature","ph":"E","ts":5000326,"pid":2090572,"tid":2090572,"args":{"ID":1729382256910336003}},{"name":"Base","cat":"Feature","ph":"E","ts":5000327,"pid":2090572,"tid":2090572,"args":{"ID":0}}],"stackFrames":{},"timestampUnit":"us"}