{ "traceEvents":[{"name":"Base","cat":"Feature","ph":"B","ts":0,"pid":2078850,"tid":2078850,"args":{"ID":0}},{"name":"FR(FeatureA)","cat":"Feature","ph":"B","ts":2000117,"pid":2078850,"tid":2078850,"args":{"ID":1729382256910270467}},{"name":"FR(FeatureA)","cat":"Feature","ph":"E","ts":3000216,"pid":2078850,"tid":2078850,"args":{"ID":1729382256910270467}},{"name":"FR(FeatureD)","cat":"Feature","ph":"B","ts":3000217,"pid":2078850,"tid":2078850,"args":{"ID":1729382256910319619}},{"name":"FR(FeatureD)","cat":"Feature","ph":"E","ts":5000353,"pid":2078850,"tid":2078850,"args":{"ID":1729382256910319619}},{"name":"FR(FeatureA)","cat":"Feature","ph":"B","ts":5000361,"pid":2078850,"tid":2078850,"args":{"ID":1729382256910336003}},{"name":"FR(FeatureA)","cat":"Feature","ph":"E","ts":5000362,"pid":2078850,"tid":2078850,"args":{"ID":1729382256910336003}},{"name":"Base","cat":"Feature","ph":"E","ts":5000362,"pid":2078850,"tid":2078850,"args":{"ID":0}}],"stackFrames":{},"timestampUnit":"us"}