{ "traceEvents":[{"name":"Base","cat":"Feature","ph":"B","ts":0,"pid":2076801,"tid":2076801,"args":{"ID":0}},{"name":"FR(FeatureA)","cat":"Feature","ph":"B","ts":2000118,"pid":2076801,"tid":2076801,"args":{"ID":1729382256910270467}},{"name":"FR(FeatureA)","cat":"Feature","ph":"E","ts":3000212,"pid":2076801,"tid":2076801,"args":{"ID":1729382256910270467}},{"name":"FR(FeatureD)","cat":"Feature","ph":"B","ts":3000213,"pid":2076801,"tid":2076801,"args":{"ID":1729382256910319619}},{"name":"FR(FeatureD)","cat":"Feature","ph":"E","ts":5000323,"pid":2076801,"tid":2076801,"args":{"ID":1729382256910319619}},{"name":"FR(FeatureA)","cat":"Feature","ph":"B","ts":5000329,"pid":2076801,"tid":2076801,"args":{"ID":1729382256910336003}},{"name":"FR(FeatureA)","cat":"Feature","ph":"E","ts":5000330,"pid":2076801,"tid":2076801,"args":{"ID":1729382256910336003}},{"name":"Base","cat":"Feature","ph":"E","ts":5000330,"pid":2076801,"tid":2076801,"args":{"ID":0}}],"stackFrames":{},"timestampUnit":"us"}