{ "traceEvents":[{"name":"Base","cat":"Feature","ph":"B","ts":0,"pid":2085993,"tid":2085993,"args":{"ID":0}},{"name":"FR(FeatureA)","cat":"Feature","ph":"B","ts":2000115,"pid":2085993,"tid":2085993,"args":{"ID":1729382256910270467}},{"name":"FR(FeatureA)","cat":"Feature","ph":"E","ts":3000207,"pid":2085993,"tid":2085993,"args":{"ID":1729382256910270467}},{"name":"FR(FeatureD)","cat":"Feature","ph":"B","ts":3000207,"pid":2085993,"tid":2085993,"args":{"ID":1729382256910319619}},{"name":"FR(FeatureD)","cat":"Feature","ph":"E","ts":5000286,"pid":2085993,"tid":2085993,"args":{"ID":1729382256910319619}},{"name":"FR(FeatureA)","cat":"Feature","ph":"B","ts":5000294,"pid":2085993,"tid":2085993,"args":{"ID":1729382256910336003}},{"name":"FR(FeatureA)","cat":"Feature","ph":"E","ts":5000294,"pid":2085993,"tid":2085993,"args":{"ID":1729382256910336003}},{"name":"Base","cat":"Feature","ph":"E","ts":5000295,"pid":2085993,"tid":2085993,"args":{"ID":0}}],"stackFrames":{},"timestampUnit":"us"}