{ "traceEvents":[{"name":"Base","cat":"Feature","ph":"B","ts":0,"pid":2041523,"tid":2041523,"args":{"ID":0}},{"name":"FR(FeatureA)","cat":"Feature","ph":"B","ts":2000121,"pid":2041523,"tid":2041523,"args":{"ID":1729382256910270467}},{"name":"FR(FeatureA)","cat":"Feature","ph":"E","ts":3000209,"pid":2041523,"tid":2041523,"args":{"ID":1729382256910270467}},{"name":"FR(FeatureD)","cat":"Feature","ph":"B","ts":3000210,"pid":2041523,"tid":2041523,"args":{"ID":1729382256910319619}},{"name":"FR(FeatureD)","cat":"Feature","ph":"E","ts":5000306,"pid":2041523,"tid":2041523,"args":{"ID":1729382256910319619}},{"name":"FR(FeatureA)","cat":"Feature","ph":"B","ts":5000310,"pid":2041523,"tid":2041523,"args":{"ID":1729382256910336003}},{"name":"FR(FeatureA)","cat":"Feature","ph":"E","ts":5000310,"pid":2041523,"tid":2041523,"args":{"ID":1729382256910336003}},{"name":"Base","cat":"Feature","ph":"E","ts":5000311,"pid":2041523,"tid":2041523,"args":{"ID":0}}],"stackFrames":{},"timestampUnit":"us"}