{ "traceEvents":[{"name":"Base","cat":"Feature","ph":"B","ts":0,"pid":2069392,"tid":2069392,"args":{"ID":0}},{"name":"FR(FeatureA)","cat":"Feature","ph":"B","ts":2000100,"pid":2069392,"tid":2069392,"args":{"ID":1729382256910270467}},{"name":"FR(FeatureA)","cat":"Feature","ph":"E","ts":3000188,"pid":2069392,"tid":2069392,"args":{"ID":1729382256910270467}},{"name":"FR(FeatureD)","cat":"Feature","ph":"B","ts":3000189,"pid":2069392,"tid":2069392,"args":{"ID":1729382256910319619}},{"name":"FR(FeatureD)","cat":"Feature","ph":"E","ts":5000273,"pid":2069392,"tid":2069392,"args":{"ID":1729382256910319619}},{"name":"FR(FeatureA)","cat":"Feature","ph":"B","ts":5000279,"pid":2069392,"tid":2069392,"args":{"ID":1729382256910336003}},{"name":"FR(FeatureA)","cat":"Feature","ph":"E","ts":5000279,"pid":2069392,"tid":2069392,"args":{"ID":1729382256910336003}},{"name":"Base","cat":"Feature","ph":"E","ts":5000279,"pid":2069392,"tid":2069392,"args":{"ID":0}}],"stackFrames":{},"timestampUnit":"us"}