{ "traceEvents":[{"name":"Base","cat":"Feature","ph":"B","ts":0,"pid":2108919,"tid":2108919,"args":{"ID":0}},{"name":"FR(FeatureA)","cat":"Feature","ph":"B","ts":2000114,"pid":2108919,"tid":2108919,"args":{"ID":1729382256910270467}},{"name":"FR(FeatureA)","cat":"Feature","ph":"E","ts":3000199,"pid":2108919,"tid":2108919,"args":{"ID":1729382256910270467}},{"name":"FR(FeatureD)","cat":"Feature","ph":"B","ts":3000200,"pid":2108919,"tid":2108919,"args":{"ID":1729382256910319619}},{"name":"FR(FeatureD)","cat":"Feature","ph":"E","ts":5000287,"pid":2108919,"tid":2108919,"args":{"ID":1729382256910319619}},{"name":"FR(FeatureA)","cat":"Feature","ph":"B","ts":5000292,"pid":2108919,"tid":2108919,"args":{"ID":1729382256910336003}},{"name":"FR(FeatureA)","cat":"Feature","ph":"E","ts":5000292,"pid":2108919,"tid":2108919,"args":{"ID":1729382256910336003}},{"name":"Base","cat":"Feature","ph":"E","ts":5000293,"pid":2108919,"tid":2108919,"args":{"ID":0}}],"stackFrames":{},"timestampUnit":"us"}