{ "traceEvents":[{"name":"Base","cat":"Feature","ph":"B","ts":0,"pid":2746259,"tid":2746259,"args":{"ID":0}},{"name":"FR(FeatureC)","cat":"Feature","ph":"B","ts":2000105,"pid":2746259,"tid":2746259,"args":{"ID":1729382256910303235}},{"name":"FR(FeatureC)","cat":"Feature","ph":"E","ts":3000223,"pid":2746259,"tid":2746259,"args":{"ID":1729382256910303235}},{"name":"FR(FeatureD)","cat":"Feature","ph":"B","ts":3000224,"pid":2746259,"tid":2746259,"args":{"ID":1729382256910319619}},{"name":"FR(FeatureD)","cat":"Feature","ph":"E","ts":5000329,"pid":2746259,"tid":2746259,"args":{"ID":1729382256910319619}},{"name":"FR(FeatureC)","cat":"Feature","ph":"B","ts":5000336,"pid":2746259,"tid":2746259,"args":{"ID":1729382256910368771}},{"name":"FR(FeatureD)","cat":"Feature","ph":"B","ts":5000337,"pid":2746259,"tid":2746259,"args":{"ID":1729382256910385155}},{"name":"FR(FeatureC)","cat":"Feature","ph":"E","ts":5000372,"pid":2746259,"tid":2746259,"args":{"ID":1729382256910368771}},{"name":"FR(FeatureD)","cat":"Feature","ph":"E","ts":5000372,"pid":2746259,"tid":2746259,"args":{"ID":1729382256910385155}},{"name":"Base","cat":"Feature","ph":"E","ts":5000373,"pid":2746259,"tid":2746259,"args":{"ID":0}}],"stackFrames":{},"timestampUnit":"us"}