{ "traceEvents":[{"name":"Base","cat":"Feature","ph":"B","ts":0,"pid":2742748,"tid":2742748,"args":{"ID":0}},{"name":"FR(FeatureC)","cat":"Feature","ph":"B","ts":2000120,"pid":2742748,"tid":2742748,"args":{"ID":1729382256910303235}},{"name":"FR(FeatureC)","cat":"Feature","ph":"E","ts":3000206,"pid":2742748,"tid":2742748,"args":{"ID":1729382256910303235}},{"name":"FR(FeatureD)","cat":"Feature","ph":"B","ts":3000207,"pid":2742748,"tid":2742748,"args":{"ID":1729382256910319619}},{"name":"FR(FeatureD)","cat":"Feature","ph":"E","ts":5000308,"pid":2742748,"tid":2742748,"args":{"ID":1729382256910319619}},{"name":"FR(FeatureC)","cat":"Feature","ph":"B","ts":5000314,"pid":2742748,"tid":2742748,"args":{"ID":1729382256910368771}},{"name":"FR(FeatureD)","cat":"Feature","ph":"B","ts":5000314,"pid":2742748,"tid":2742748,"args":{"ID":1729382256910385155}},{"name":"FR(FeatureC)","cat":"Feature","ph":"E","ts":5000338,"pid":2742748,"tid":2742748,"args":{"ID":1729382256910368771}},{"name":"FR(FeatureD)","cat":"Feature","ph":"E","ts":5000339,"pid":2742748,"tid":2742748,"args":{"ID":1729382256910385155}},{"name":"Base","cat":"Feature","ph":"E","ts":5000340,"pid":2742748,"tid":2742748,"args":{"ID":0}}],"stackFrames":{},"timestampUnit":"us"}