{ "traceEvents":[{"name":"Base","cat":"Feature","ph":"B","ts":0,"pid":2733958,"tid":2733958,"args":{"ID":0}},{"name":"FR(FeatureC)","cat":"Feature","ph":"B","ts":2000140,"pid":2733958,"tid":2733958,"args":{"ID":1729382256910303235}},{"name":"FR(FeatureC)","cat":"Feature","ph":"E","ts":3000237,"pid":2733958,"tid":2733958,"args":{"ID":1729382256910303235}},{"name":"FR(FeatureD)","cat":"Feature","ph":"B","ts":3000238,"pid":2733958,"tid":2733958,"args":{"ID":1729382256910319619}},{"name":"FR(FeatureD)","cat":"Feature","ph":"E","ts":5000341,"pid":2733958,"tid":2733958,"args":{"ID":1729382256910319619}},{"name":"FR(FeatureC)","cat":"Feature","ph":"B","ts":5000346,"pid":2733958,"tid":2733958,"args":{"ID":1729382256910368771}},{"name":"FR(FeatureD)","cat":"Feature","ph":"B","ts":5000347,"pid":2733958,"tid":2733958,"args":{"ID":1729382256910385155}},{"name":"FR(FeatureC)","cat":"Feature","ph":"E","ts":5000374,"pid":2733958,"tid":2733958,"args":{"ID":1729382256910368771}},{"name":"FR(FeatureD)","cat":"Feature","ph":"E","ts":5000374,"pid":2733958,"tid":2733958,"args":{"ID":1729382256910385155}},{"name":"Base","cat":"Feature","ph":"E","ts":5000375,"pid":2733958,"tid":2733958,"args":{"ID":0}}],"stackFrames":{},"timestampUnit":"us"}