{ "traceEvents":[{"name":"Base","cat":"Feature","ph":"B","ts":0,"pid":2728340,"tid":2728340,"args":{"ID":0}},{"name":"FR(FeatureC)","cat":"Feature","ph":"B","ts":2000124,"pid":2728340,"tid":2728340,"args":{"ID":1729382256910303235}},{"name":"FR(FeatureC)","cat":"Feature","ph":"E","ts":3000217,"pid":2728340,"tid":2728340,"args":{"ID":1729382256910303235}},{"name":"FR(FeatureD)","cat":"Feature","ph":"B","ts":3000217,"pid":2728340,"tid":2728340,"args":{"ID":1729382256910319619}},{"name":"FR(FeatureD)","cat":"Feature","ph":"E","ts":5000311,"pid":2728340,"tid":2728340,"args":{"ID":1729382256910319619}},{"name":"FR(FeatureC)","cat":"Feature","ph":"B","ts":5000324,"pid":2728340,"tid":2728340,"args":{"ID":1729382256910368771}},{"name":"FR(FeatureD)","cat":"Feature","ph":"B","ts":5000325,"pid":2728340,"tid":2728340,"args":{"ID":1729382256910385155}},{"name":"FR(FeatureC)","cat":"Feature","ph":"E","ts":5000337,"pid":2728340,"tid":2728340,"args":{"ID":1729382256910368771}},{"name":"FR(FeatureD)","cat":"Feature","ph":"E","ts":5000338,"pid":2728340,"tid":2728340,"args":{"ID":1729382256910385155}},{"name":"Base","cat":"Feature","ph":"E","ts":5000339,"pid":2728340,"tid":2728340,"args":{"ID":0}}],"stackFrames":{},"timestampUnit":"us"}