{ "traceEvents":[{"name":"Base","cat":"Feature","ph":"B","ts":0,"pid":2766104,"tid":2766104,"args":{"ID":0}},{"name":"FR(FeatureC)","cat":"Feature","ph":"B","ts":2000135,"pid":2766104,"tid":2766104,"args":{"ID":1729382256910303235}},{"name":"FR(FeatureC)","cat":"Feature","ph":"E","ts":3000256,"pid":2766104,"tid":2766104,"args":{"ID":1729382256910303235}},{"name":"FR(FeatureD)","cat":"Feature","ph":"B","ts":3000256,"pid":2766104,"tid":2766104,"args":{"ID":1729382256910319619}},{"name":"FR(FeatureD)","cat":"Feature","ph":"E","ts":5000396,"pid":2766104,"tid":2766104,"args":{"ID":1729382256910319619}},{"name":"FR(FeatureC)","cat":"Feature","ph":"B","ts":5000405,"pid":2766104,"tid":2766104,"args":{"ID":1729382256910368771}},{"name":"FR(FeatureD)","cat":"Feature","ph":"B","ts":5000406,"pid":2766104,"tid":2766104,"args":{"ID":1729382256910385155}},{"name":"FR(FeatureC)","cat":"Feature","ph":"E","ts":5000440,"pid":2766104,"tid":2766104,"args":{"ID":1729382256910368771}},{"name":"FR(FeatureD)","cat":"Feature","ph":"E","ts":5000441,"pid":2766104,"tid":2766104,"args":{"ID":1729382256910385155}},{"name":"Base","cat":"Feature","ph":"E","ts":5000442,"pid":2766104,"tid":2766104,"args":{"ID":0}}],"stackFrames":{},"timestampUnit":"us"}