{ "traceEvents":[{"name":"Base","cat":"Feature","ph":"B","ts":0,"pid":2772513,"tid":2772513,"args":{"ID":0}},{"name":"FR(FeatureC)","cat":"Feature","ph":"B","ts":2000138,"pid":2772513,"tid":2772513,"args":{"ID":1729382256910303235}},{"name":"FR(FeatureC)","cat":"Feature","ph":"E","ts":3000249,"pid":2772513,"tid":2772513,"args":{"ID":1729382256910303235}},{"name":"FR(FeatureD)","cat":"Feature","ph":"B","ts":3000249,"pid":2772513,"tid":2772513,"args":{"ID":1729382256910319619}},{"name":"FR(FeatureD)","cat":"Feature","ph":"E","ts":5000375,"pid":2772513,"tid":2772513,"args":{"ID":1729382256910319619}},{"name":"FR(FeatureC)","cat":"Feature","ph":"B","ts":5000381,"pid":2772513,"tid":2772513,"args":{"ID":1729382256910368771}},{"name":"FR(FeatureD)","cat":"Feature","ph":"B","ts":5000381,"pid":2772513,"tid":2772513,"args":{"ID":1729382256910385155}},{"name":"FR(FeatureC)","cat":"Feature","ph":"E","ts":5000409,"pid":2772513,"tid":2772513,"args":{"ID":1729382256910368771}},{"name":"FR(FeatureD)","cat":"Feature","ph":"E","ts":5000409,"pid":2772513,"tid":2772513,"args":{"ID":1729382256910385155}},{"name":"Base","cat":"Feature","ph":"E","ts":5000410,"pid":2772513,"tid":2772513,"args":{"ID":0}}],"stackFrames":{},"timestampUnit":"us"}