{ "traceEvents":[{"name":"Base","cat":"Feature","ph":"B","ts":0,"pid":2774559,"tid":2774559,"args":{"ID":0}},{"name":"FR(FeatureC)","cat":"Feature","ph":"B","ts":2000112,"pid":2774559,"tid":2774559,"args":{"ID":1729382256910303235}},{"name":"FR(FeatureC)","cat":"Feature","ph":"E","ts":3000210,"pid":2774559,"tid":2774559,"args":{"ID":1729382256910303235}},{"name":"FR(FeatureD)","cat":"Feature","ph":"B","ts":3000211,"pid":2774559,"tid":2774559,"args":{"ID":1729382256910319619}},{"name":"FR(FeatureD)","cat":"Feature","ph":"E","ts":5000332,"pid":2774559,"tid":2774559,"args":{"ID":1729382256910319619}},{"name":"FR(FeatureC)","cat":"Feature","ph":"B","ts":5000338,"pid":2774559,"tid":2774559,"args":{"ID":1729382256910368771}},{"name":"FR(FeatureD)","cat":"Feature","ph":"B","ts":5000338,"pid":2774559,"tid":2774559,"args":{"ID":1729382256910385155}},{"name":"FR(FeatureC)","cat":"Feature","ph":"E","ts":5000368,"pid":2774559,"tid":2774559,"args":{"ID":1729382256910368771}},{"name":"FR(FeatureD)","cat":"Feature","ph":"E","ts":5000369,"pid":2774559,"tid":2774559,"args":{"ID":1729382256910385155}},{"name":"Base","cat":"Feature","ph":"E","ts":5000370,"pid":2774559,"tid":2774559,"args":{"ID":0}}],"stackFrames":{},"timestampUnit":"us"}