{ "traceEvents":[{"name":"Base","cat":"Feature","ph":"B","ts":0,"pid":2781392,"tid":2781392,"args":{"ID":0}},{"name":"FR(FeatureC)","cat":"Feature","ph":"B","ts":2000131,"pid":2781392,"tid":2781392,"args":{"ID":1729382256910303235}},{"name":"FR(FeatureC)","cat":"Feature","ph":"E","ts":3000247,"pid":2781392,"tid":2781392,"args":{"ID":1729382256910303235}},{"name":"FR(FeatureD)","cat":"Feature","ph":"B","ts":3000248,"pid":2781392,"tid":2781392,"args":{"ID":1729382256910319619}},{"name":"FR(FeatureD)","cat":"Feature","ph":"E","ts":5000355,"pid":2781392,"tid":2781392,"args":{"ID":1729382256910319619}},{"name":"FR(FeatureC)","cat":"Feature","ph":"B","ts":5000360,"pid":2781392,"tid":2781392,"args":{"ID":1729382256910368771}},{"name":"FR(FeatureD)","cat":"Feature","ph":"B","ts":5000360,"pid":2781392,"tid":2781392,"args":{"ID":1729382256910385155}},{"name":"FR(FeatureC)","cat":"Feature","ph":"E","ts":5000390,"pid":2781392,"tid":2781392,"args":{"ID":1729382256910368771}},{"name":"FR(FeatureD)","cat":"Feature","ph":"E","ts":5000390,"pid":2781392,"tid":2781392,"args":{"ID":1729382256910385155}},{"name":"Base","cat":"Feature","ph":"E","ts":5000391,"pid":2781392,"tid":2781392,"args":{"ID":0}}],"stackFrames":{},"timestampUnit":"us"}