{ "traceEvents":[{"name":"Base","cat":"Feature","ph":"B","ts":0,"pid":2763850,"tid":2763850,"args":{"ID":0}},{"name":"FR(FeatureC)","cat":"Feature","ph":"B","ts":2000104,"pid":2763850,"tid":2763850,"args":{"ID":1729382256910303235}},{"name":"FR(FeatureC)","cat":"Feature","ph":"E","ts":3000211,"pid":2763850,"tid":2763850,"args":{"ID":1729382256910303235}},{"name":"FR(FeatureD)","cat":"Feature","ph":"B","ts":3000212,"pid":2763850,"tid":2763850,"args":{"ID":1729382256910319619}},{"name":"FR(FeatureD)","cat":"Feature","ph":"E","ts":5000320,"pid":2763850,"tid":2763850,"args":{"ID":1729382256910319619}},{"name":"FR(FeatureC)","cat":"Feature","ph":"B","ts":5000324,"pid":2763850,"tid":2763850,"args":{"ID":1729382256910368771}},{"name":"FR(FeatureD)","cat":"Feature","ph":"B","ts":5000325,"pid":2763850,"tid":2763850,"args":{"ID":1729382256910385155}},{"name":"FR(FeatureC)","cat":"Feature","ph":"E","ts":5000349,"pid":2763850,"tid":2763850,"args":{"ID":1729382256910368771}},{"name":"FR(FeatureD)","cat":"Feature","ph":"E","ts":5000349,"pid":2763850,"tid":2763850,"args":{"ID":1729382256910385155}},{"name":"Base","cat":"Feature","ph":"E","ts":5000350,"pid":2763850,"tid":2763850,"args":{"ID":0}}],"stackFrames":{},"timestampUnit":"us"}