{ "traceEvents":[{"name":"Base","cat":"Feature","ph":"B","ts":0,"pid":2760551,"tid":2760551,"args":{"ID":0}},{"name":"FR(FeatureC)","cat":"Feature","ph":"B","ts":2000165,"pid":2760551,"tid":2760551,"args":{"ID":1729382256910303235}},{"name":"FR(FeatureC)","cat":"Feature","ph":"E","ts":3000308,"pid":2760551,"tid":2760551,"args":{"ID":1729382256910303235}},{"name":"FR(FeatureD)","cat":"Feature","ph":"B","ts":3000309,"pid":2760551,"tid":2760551,"args":{"ID":1729382256910319619}},{"name":"FR(FeatureD)","cat":"Feature","ph":"E","ts":5000440,"pid":2760551,"tid":2760551,"args":{"ID":1729382256910319619}},{"name":"FR(FeatureC)","cat":"Feature","ph":"B","ts":5000445,"pid":2760551,"tid":2760551,"args":{"ID":1729382256910368771}},{"name":"FR(FeatureD)","cat":"Feature","ph":"B","ts":5000446,"pid":2760551,"tid":2760551,"args":{"ID":1729382256910385155}},{"name":"FR(FeatureC)","cat":"Feature","ph":"E","ts":5000473,"pid":2760551,"tid":2760551,"args":{"ID":1729382256910368771}},{"name":"FR(FeatureD)","cat":"Feature","ph":"E","ts":5000474,"pid":2760551,"tid":2760551,"args":{"ID":1729382256910385155}},{"name":"Base","cat":"Feature","ph":"E","ts":5000474,"pid":2760551,"tid":2760551,"args":{"ID":0}}],"stackFrames":{},"timestampUnit":"us"}