{ "traceEvents":[{"name":"Base","cat":"Feature","ph":"B","ts":0,"pid":2762072,"tid":2762072,"args":{"ID":0}},{"name":"FR(FeatureC)","cat":"Feature","ph":"B","ts":2000104,"pid":2762072,"tid":2762072,"args":{"ID":1729382256910303235}},{"name":"FR(FeatureC)","cat":"Feature","ph":"E","ts":3000220,"pid":2762072,"tid":2762072,"args":{"ID":1729382256910303235}},{"name":"FR(FeatureD)","cat":"Feature","ph":"B","ts":3000221,"pid":2762072,"tid":2762072,"args":{"ID":1729382256910319619}},{"name":"FR(FeatureD)","cat":"Feature","ph":"E","ts":5000345,"pid":2762072,"tid":2762072,"args":{"ID":1729382256910319619}},{"name":"FR(FeatureC)","cat":"Feature","ph":"B","ts":5000360,"pid":2762072,"tid":2762072,"args":{"ID":1729382256910368771}},{"name":"FR(FeatureD)","cat":"Feature","ph":"B","ts":5000361,"pid":2762072,"tid":2762072,"args":{"ID":1729382256910385155}},{"name":"FR(FeatureC)","cat":"Feature","ph":"E","ts":5000384,"pid":2762072,"tid":2762072,"args":{"ID":1729382256910368771}},{"name":"FR(FeatureD)","cat":"Feature","ph":"E","ts":5000385,"pid":2762072,"tid":2762072,"args":{"ID":1729382256910385155}},{"name":"Base","cat":"Feature","ph":"E","ts":5000385,"pid":2762072,"tid":2762072,"args":{"ID":0}}],"stackFrames":{},"timestampUnit":"us"}