{ "traceEvents":[{"name":"Base","cat":"Feature","ph":"B","ts":0,"pid":2778940,"tid":2778940,"args":{"ID":0}},{"name":"FR(FeatureC)","cat":"Feature","ph":"B","ts":2000118,"pid":2778940,"tid":2778940,"args":{"ID":1729382256910303235}},{"name":"FR(FeatureC)","cat":"Feature","ph":"E","ts":3000209,"pid":2778940,"tid":2778940,"args":{"ID":1729382256910303235}},{"name":"FR(FeatureD)","cat":"Feature","ph":"B","ts":3000209,"pid":2778940,"tid":2778940,"args":{"ID":1729382256910319619}},{"name":"FR(FeatureD)","cat":"Feature","ph":"E","ts":5000296,"pid":2778940,"tid":2778940,"args":{"ID":1729382256910319619}},{"name":"FR(FeatureC)","cat":"Feature","ph":"B","ts":5000302,"pid":2778940,"tid":2778940,"args":{"ID":1729382256910368771}},{"name":"FR(FeatureD)","cat":"Feature","ph":"B","ts":5000302,"pid":2778940,"tid":2778940,"args":{"ID":1729382256910385155}},{"name":"FR(FeatureC)","cat":"Feature","ph":"E","ts":5000310,"pid":2778940,"tid":2778940,"args":{"ID":1729382256910368771}},{"name":"FR(FeatureD)","cat":"Feature","ph":"E","ts":5000311,"pid":2778940,"tid":2778940,"args":{"ID":1729382256910385155}},{"name":"Base","cat":"Feature","ph":"E","ts":5000311,"pid":2778940,"tid":2778940,"args":{"ID":0}}],"stackFrames":{},"timestampUnit":"us"}