{ "traceEvents":[{"name":"Base","cat":"Feature","ph":"B","ts":0,"pid":2735708,"tid":2735708,"args":{"ID":0}},{"name":"FR(FeatureC)","cat":"Feature","ph":"B","ts":2000117,"pid":2735708,"tid":2735708,"args":{"ID":1729382256910303235}},{"name":"FR(FeatureC)","cat":"Feature","ph":"E","ts":3000226,"pid":2735708,"tid":2735708,"args":{"ID":1729382256910303235}},{"name":"FR(FeatureD)","cat":"Feature","ph":"B","ts":3000226,"pid":2735708,"tid":2735708,"args":{"ID":1729382256910319619}},{"name":"FR(FeatureD)","cat":"Feature","ph":"E","ts":5000352,"pid":2735708,"tid":2735708,"args":{"ID":1729382256910319619}},{"name":"FR(FeatureC)","cat":"Feature","ph":"B","ts":5000357,"pid":2735708,"tid":2735708,"args":{"ID":1729382256910368771}},{"name":"FR(FeatureD)","cat":"Feature","ph":"B","ts":5000358,"pid":2735708,"tid":2735708,"args":{"ID":1729382256910385155}},{"name":"FR(FeatureC)","cat":"Feature","ph":"E","ts":5000382,"pid":2735708,"tid":2735708,"args":{"ID":1729382256910368771}},{"name":"FR(FeatureD)","cat":"Feature","ph":"E","ts":5000382,"pid":2735708,"tid":2735708,"args":{"ID":1729382256910385155}},{"name":"Base","cat":"Feature","ph":"E","ts":5000383,"pid":2735708,"tid":2735708,"args":{"ID":0}}],"stackFrames":{},"timestampUnit":"us"}