{ "traceEvents":[{"name":"Base","cat":"Feature","ph":"B","ts":0,"pid":2748201,"tid":2748201,"args":{"ID":0}},{"name":"FR(FeatureC)","cat":"Feature","ph":"B","ts":2000127,"pid":2748201,"tid":2748201,"args":{"ID":1729382256910303235}},{"name":"FR(FeatureC)","cat":"Feature","ph":"E","ts":3000226,"pid":2748201,"tid":2748201,"args":{"ID":1729382256910303235}},{"name":"FR(FeatureD)","cat":"Feature","ph":"B","ts":3000227,"pid":2748201,"tid":2748201,"args":{"ID":1729382256910319619}},{"name":"FR(FeatureD)","cat":"Feature","ph":"E","ts":5000312,"pid":2748201,"tid":2748201,"args":{"ID":1729382256910319619}},{"name":"FR(FeatureC)","cat":"Feature","ph":"B","ts":5000317,"pid":2748201,"tid":2748201,"args":{"ID":1729382256910368771}},{"name":"FR(FeatureD)","cat":"Feature","ph":"B","ts":5000318,"pid":2748201,"tid":2748201,"args":{"ID":1729382256910385155}},{"name":"FR(FeatureC)","cat":"Feature","ph":"E","ts":5000336,"pid":2748201,"tid":2748201,"args":{"ID":1729382256910368771}},{"name":"FR(FeatureD)","cat":"Feature","ph":"E","ts":5000336,"pid":2748201,"tid":2748201,"args":{"ID":1729382256910385155}},{"name":"Base","cat":"Feature","ph":"E","ts":5000337,"pid":2748201,"tid":2748201,"args":{"ID":0}}],"stackFrames":{},"timestampUnit":"us"}