{ "traceEvents":[{"name":"Base","cat":"Feature","ph":"B","ts":0,"pid":2770078,"tid":2770078,"args":{"ID":0}},{"name":"FR(FeatureC)","cat":"Feature","ph":"B","ts":2000137,"pid":2770078,"tid":2770078,"args":{"ID":1729382256910303235}},{"name":"FR(FeatureC)","cat":"Feature","ph":"E","ts":3000257,"pid":2770078,"tid":2770078,"args":{"ID":1729382256910303235}},{"name":"FR(FeatureD)","cat":"Feature","ph":"B","ts":3000257,"pid":2770078,"tid":2770078,"args":{"ID":1729382256910319619}},{"name":"FR(FeatureD)","cat":"Feature","ph":"E","ts":5000379,"pid":2770078,"tid":2770078,"args":{"ID":1729382256910319619}},{"name":"FR(FeatureC)","cat":"Feature","ph":"B","ts":5000384,"pid":2770078,"tid":2770078,"args":{"ID":1729382256910368771}},{"name":"FR(FeatureD)","cat":"Feature","ph":"B","ts":5000384,"pid":2770078,"tid":2770078,"args":{"ID":1729382256910385155}},{"name":"FR(FeatureC)","cat":"Feature","ph":"E","ts":5000408,"pid":2770078,"tid":2770078,"args":{"ID":1729382256910368771}},{"name":"FR(FeatureD)","cat":"Feature","ph":"E","ts":5000408,"pid":2770078,"tid":2770078,"args":{"ID":1729382256910385155}},{"name":"Base","cat":"Feature","ph":"E","ts":5000408,"pid":2770078,"tid":2770078,"args":{"ID":0}}],"stackFrames":{},"timestampUnit":"us"}