{ "traceEvents":[{"name":"Base","cat":"Feature","ph":"B","ts":0,"pid":2739174,"tid":2739174,"args":{"ID":0}},{"name":"FR(FeatureC)","cat":"Feature","ph":"B","ts":2000119,"pid":2739174,"tid":2739174,"args":{"ID":1729382256910303235}},{"name":"FR(FeatureC)","cat":"Feature","ph":"E","ts":3000239,"pid":2739174,"tid":2739174,"args":{"ID":1729382256910303235}},{"name":"FR(FeatureD)","cat":"Feature","ph":"B","ts":3000240,"pid":2739174,"tid":2739174,"args":{"ID":1729382256910319619}},{"name":"FR(FeatureD)","cat":"Feature","ph":"E","ts":5000345,"pid":2739174,"tid":2739174,"args":{"ID":1729382256910319619}},{"name":"FR(FeatureC)","cat":"Feature","ph":"B","ts":5000352,"pid":2739174,"tid":2739174,"args":{"ID":1729382256910368771}},{"name":"FR(FeatureD)","cat":"Feature","ph":"B","ts":5000353,"pid":2739174,"tid":2739174,"args":{"ID":1729382256910385155}},{"name":"FR(FeatureC)","cat":"Feature","ph":"E","ts":5000373,"pid":2739174,"tid":2739174,"args":{"ID":1729382256910368771}},{"name":"FR(FeatureD)","cat":"Feature","ph":"E","ts":5000374,"pid":2739174,"tid":2739174,"args":{"ID":1729382256910385155}},{"name":"Base","cat":"Feature","ph":"E","ts":5000374,"pid":2739174,"tid":2739174,"args":{"ID":0}}],"stackFrames":{},"timestampUnit":"us"}