{ "traceEvents":[{"name":"Base","cat":"Feature","ph":"B","ts":0,"pid":2741153,"tid":2741153,"args":{"ID":0}},{"name":"FR(FeatureC)","cat":"Feature","ph":"B","ts":2000146,"pid":2741153,"tid":2741153,"args":{"ID":1729382256910303235}},{"name":"FR(FeatureC)","cat":"Feature","ph":"E","ts":3000274,"pid":2741153,"tid":2741153,"args":{"ID":1729382256910303235}},{"name":"FR(FeatureD)","cat":"Feature","ph":"B","ts":3000275,"pid":2741153,"tid":2741153,"args":{"ID":1729382256910319619}},{"name":"FR(FeatureD)","cat":"Feature","ph":"E","ts":5000375,"pid":2741153,"tid":2741153,"args":{"ID":1729382256910319619}},{"name":"FR(FeatureC)","cat":"Feature","ph":"B","ts":5000390,"pid":2741153,"tid":2741153,"args":{"ID":1729382256910368771}},{"name":"FR(FeatureD)","cat":"Feature","ph":"B","ts":5000390,"pid":2741153,"tid":2741153,"args":{"ID":1729382256910385155}},{"name":"FR(FeatureC)","cat":"Feature","ph":"E","ts":5000414,"pid":2741153,"tid":2741153,"args":{"ID":1729382256910368771}},{"name":"FR(FeatureD)","cat":"Feature","ph":"E","ts":5000414,"pid":2741153,"tid":2741153,"args":{"ID":1729382256910385155}},{"name":"Base","cat":"Feature","ph":"E","ts":5000415,"pid":2741153,"tid":2741153,"args":{"ID":0}}],"stackFrames":{},"timestampUnit":"us"}