{ "traceEvents":[{"name":"Base","cat":"Feature","ph":"B","ts":0,"pid":2767870,"tid":2767870,"args":{"ID":0}},{"name":"FR(FeatureC)","cat":"Feature","ph":"B","ts":2000108,"pid":2767870,"tid":2767870,"args":{"ID":1729382256910303235}},{"name":"FR(FeatureC)","cat":"Feature","ph":"E","ts":3000200,"pid":2767870,"tid":2767870,"args":{"ID":1729382256910303235}},{"name":"FR(FeatureD)","cat":"Feature","ph":"B","ts":3000200,"pid":2767870,"tid":2767870,"args":{"ID":1729382256910319619}},{"name":"FR(FeatureD)","cat":"Feature","ph":"E","ts":5000292,"pid":2767870,"tid":2767870,"args":{"ID":1729382256910319619}},{"name":"FR(FeatureC)","cat":"Feature","ph":"B","ts":5000297,"pid":2767870,"tid":2767870,"args":{"ID":1729382256910368771}},{"name":"FR(FeatureD)","cat":"Feature","ph":"B","ts":5000298,"pid":2767870,"tid":2767870,"args":{"ID":1729382256910385155}},{"name":"FR(FeatureC)","cat":"Feature","ph":"E","ts":5000323,"pid":2767870,"tid":2767870,"args":{"ID":1729382256910368771}},{"name":"FR(FeatureD)","cat":"Feature","ph":"E","ts":5000324,"pid":2767870,"tid":2767870,"args":{"ID":1729382256910385155}},{"name":"Base","cat":"Feature","ph":"E","ts":5000325,"pid":2767870,"tid":2767870,"args":{"ID":0}}],"stackFrames":{},"timestampUnit":"us"}