{ "traceEvents":[{"name":"Base","cat":"Feature","ph":"B","ts":0,"pid":2737579,"tid":2737579,"args":{"ID":0}},{"name":"FR(FeatureC)","cat":"Feature","ph":"B","ts":2000149,"pid":2737579,"tid":2737579,"args":{"ID":1729382256910303235}},{"name":"FR(FeatureC)","cat":"Feature","ph":"E","ts":3000252,"pid":2737579,"tid":2737579,"args":{"ID":1729382256910303235}},{"name":"FR(FeatureD)","cat":"Feature","ph":"B","ts":3000253,"pid":2737579,"tid":2737579,"args":{"ID":1729382256910319619}},{"name":"FR(FeatureD)","cat":"Feature","ph":"E","ts":5000360,"pid":2737579,"tid":2737579,"args":{"ID":1729382256910319619}},{"name":"FR(FeatureC)","cat":"Feature","ph":"B","ts":5000366,"pid":2737579,"tid":2737579,"args":{"ID":1729382256910368771}},{"name":"FR(FeatureD)","cat":"Feature","ph":"B","ts":5000366,"pid":2737579,"tid":2737579,"args":{"ID":1729382256910385155}},{"name":"FR(FeatureC)","cat":"Feature","ph":"E","ts":5000394,"pid":2737579,"tid":2737579,"args":{"ID":1729382256910368771}},{"name":"FR(FeatureD)","cat":"Feature","ph":"E","ts":5000395,"pid":2737579,"tid":2737579,"args":{"ID":1729382256910385155}},{"name":"Base","cat":"Feature","ph":"E","ts":5000395,"pid":2737579,"tid":2737579,"args":{"ID":0}}],"stackFrames":{},"timestampUnit":"us"}