{ "traceEvents":[{"name":"Base","cat":"Feature","ph":"B","ts":0,"pid":2731915,"tid":2731915,"args":{"ID":0}},{"name":"FR(FeatureC)","cat":"Feature","ph":"B","ts":2000131,"pid":2731915,"tid":2731915,"args":{"ID":1729382256910303235}},{"name":"FR(FeatureC)","cat":"Feature","ph":"E","ts":3000226,"pid":2731915,"tid":2731915,"args":{"ID":1729382256910303235}},{"name":"FR(FeatureD)","cat":"Feature","ph":"B","ts":3000226,"pid":2731915,"tid":2731915,"args":{"ID":1729382256910319619}},{"name":"FR(FeatureD)","cat":"Feature","ph":"E","ts":5000315,"pid":2731915,"tid":2731915,"args":{"ID":1729382256910319619}},{"name":"FR(FeatureC)","cat":"Feature","ph":"B","ts":5000329,"pid":2731915,"tid":2731915,"args":{"ID":1729382256910368771}},{"name":"FR(FeatureD)","cat":"Feature","ph":"B","ts":5000330,"pid":2731915,"tid":2731915,"args":{"ID":1729382256910385155}},{"name":"FR(FeatureC)","cat":"Feature","ph":"E","ts":5000347,"pid":2731915,"tid":2731915,"args":{"ID":1729382256910368771}},{"name":"FR(FeatureD)","cat":"Feature","ph":"E","ts":5000348,"pid":2731915,"tid":2731915,"args":{"ID":1729382256910385155}},{"name":"Base","cat":"Feature","ph":"E","ts":5000349,"pid":2731915,"tid":2731915,"args":{"ID":0}}],"stackFrames":{},"timestampUnit":"us"}