{ "traceEvents":[{"name":"Base","cat":"Feature","ph":"B","ts":0,"pid":2776838,"tid":2776838,"args":{"ID":0}},{"name":"FR(FeatureC)","cat":"Feature","ph":"B","ts":2000143,"pid":2776838,"tid":2776838,"args":{"ID":1729382256910303235}},{"name":"FR(FeatureC)","cat":"Feature","ph":"E","ts":3000267,"pid":2776838,"tid":2776838,"args":{"ID":1729382256910303235}},{"name":"FR(FeatureD)","cat":"Feature","ph":"B","ts":3000268,"pid":2776838,"tid":2776838,"args":{"ID":1729382256910319619}},{"name":"FR(FeatureD)","cat":"Feature","ph":"E","ts":5000403,"pid":2776838,"tid":2776838,"args":{"ID":1729382256910319619}},{"name":"FR(FeatureC)","cat":"Feature","ph":"B","ts":5000412,"pid":2776838,"tid":2776838,"args":{"ID":1729382256910368771}},{"name":"FR(FeatureD)","cat":"Feature","ph":"B","ts":5000413,"pid":2776838,"tid":2776838,"args":{"ID":1729382256910385155}},{"name":"FR(FeatureC)","cat":"Feature","ph":"E","ts":5000446,"pid":2776838,"tid":2776838,"args":{"ID":1729382256910368771}},{"name":"FR(FeatureD)","cat":"Feature","ph":"E","ts":5000447,"pid":2776838,"tid":2776838,"args":{"ID":1729382256910385155}},{"name":"Base","cat":"Feature","ph":"E","ts":5000448,"pid":2776838,"tid":2776838,"args":{"ID":0}}],"stackFrames":{},"timestampUnit":"us"}