{ "traceEvents":[{"name":"Base","cat":"Feature","ph":"B","ts":0,"pid":2730217,"tid":2730217,"args":{"ID":0}},{"name":"FR(FeatureC)","cat":"Feature","ph":"B","ts":2000109,"pid":2730217,"tid":2730217,"args":{"ID":1729382256910303235}},{"name":"FR(FeatureC)","cat":"Feature","ph":"E","ts":3000185,"pid":2730217,"tid":2730217,"args":{"ID":1729382256910303235}},{"name":"FR(FeatureD)","cat":"Feature","ph":"B","ts":3000186,"pid":2730217,"tid":2730217,"args":{"ID":1729382256910319619}},{"name":"FR(FeatureD)","cat":"Feature","ph":"E","ts":5000259,"pid":2730217,"tid":2730217,"args":{"ID":1729382256910319619}},{"name":"FR(FeatureC)","cat":"Feature","ph":"B","ts":5000266,"pid":2730217,"tid":2730217,"args":{"ID":1729382256910368771}},{"name":"FR(FeatureD)","cat":"Feature","ph":"B","ts":5000267,"pid":2730217,"tid":2730217,"args":{"ID":1729382256910385155}},{"name":"FR(FeatureC)","cat":"Feature","ph":"E","ts":5000278,"pid":2730217,"tid":2730217,"args":{"ID":1729382256910368771}},{"name":"FR(FeatureD)","cat":"Feature","ph":"E","ts":5000279,"pid":2730217,"tid":2730217,"args":{"ID":1729382256910385155}},{"name":"Base","cat":"Feature","ph":"E","ts":5000280,"pid":2730217,"tid":2730217,"args":{"ID":0}}],"stackFrames":{},"timestampUnit":"us"}