{ "traceEvents":[{"name":"Base","cat":"Feature","ph":"B","ts":0,"pid":2753768,"tid":2753768,"args":{"ID":0}},{"name":"FR(FeatureC)","cat":"Feature","ph":"B","ts":2000116,"pid":2753768,"tid":2753768,"args":{"ID":1729382256910303235}},{"name":"FR(FeatureC)","cat":"Feature","ph":"E","ts":3000212,"pid":2753768,"tid":2753768,"args":{"ID":1729382256910303235}},{"name":"FR(FeatureD)","cat":"Feature","ph":"B","ts":3000212,"pid":2753768,"tid":2753768,"args":{"ID":1729382256910319619}},{"name":"FR(FeatureD)","cat":"Feature","ph":"E","ts":5000272,"pid":2753768,"tid":2753768,"args":{"ID":1729382256910319619}},{"name":"FR(FeatureC)","cat":"Feature","ph":"B","ts":5000276,"pid":2753768,"tid":2753768,"args":{"ID":1729382256910368771}},{"name":"FR(FeatureD)","cat":"Feature","ph":"B","ts":5000276,"pid":2753768,"tid":2753768,"args":{"ID":1729382256910385155}},{"name":"FR(FeatureC)","cat":"Feature","ph":"E","ts":5000300,"pid":2753768,"tid":2753768,"args":{"ID":1729382256910368771}},{"name":"FR(FeatureD)","cat":"Feature","ph":"E","ts":5000301,"pid":2753768,"tid":2753768,"args":{"ID":1729382256910385155}},{"name":"Base","cat":"Feature","ph":"E","ts":5000302,"pid":2753768,"tid":2753768,"args":{"ID":0}}],"stackFrames":{},"timestampUnit":"us"}