{ "traceEvents":[{"name":"Base","cat":"Feature","ph":"B","ts":0,"pid":2723524,"tid":2723524,"args":{"ID":0}},{"name":"FR(FeatureC)","cat":"Feature","ph":"B","ts":2000095,"pid":2723524,"tid":2723524,"args":{"ID":1729382256910303235}},{"name":"FR(FeatureC)","cat":"Feature","ph":"E","ts":3000176,"pid":2723524,"tid":2723524,"args":{"ID":1729382256910303235}},{"name":"FR(FeatureD)","cat":"Feature","ph":"B","ts":3000177,"pid":2723524,"tid":2723524,"args":{"ID":1729382256910319619}},{"name":"FR(FeatureD)","cat":"Feature","ph":"E","ts":5000247,"pid":2723524,"tid":2723524,"args":{"ID":1729382256910319619}},{"name":"FR(FeatureC)","cat":"Feature","ph":"B","ts":5000254,"pid":2723524,"tid":2723524,"args":{"ID":1729382256910368771}},{"name":"FR(FeatureD)","cat":"Feature","ph":"B","ts":5000255,"pid":2723524,"tid":2723524,"args":{"ID":1729382256910385155}},{"name":"FR(FeatureC)","cat":"Feature","ph":"E","ts":5000267,"pid":2723524,"tid":2723524,"args":{"ID":1729382256910368771}},{"name":"FR(FeatureD)","cat":"Feature","ph":"E","ts":5000268,"pid":2723524,"tid":2723524,"args":{"ID":1729382256910385155}},{"name":"Base","cat":"Feature","ph":"E","ts":5000268,"pid":2723524,"tid":2723524,"args":{"ID":0}}],"stackFrames":{},"timestampUnit":"us"}