{ "traceEvents":[{"name":"Base","cat":"Feature","ph":"B","ts":0,"pid":1250203,"tid":1250203,"args":{"ID":0}},{"name":"FR(FeatureA)","cat":"Feature","ph":"B","ts":2000117,"pid":1250203,"tid":1250203,"args":{"ID":1729382256910270467}},{"name":"FR(FeatureB)","cat":"Feature","ph":"B","ts":2000118,"pid":1250203,"tid":1250203,"args":{"ID":1729382256910286851}},{"name":"FR(FeatureB)","cat":"Feature","ph":"E","ts":2000118,"pid":1250203,"tid":1250203,"args":{"ID":1729382256910286851}},{"name":"FR(FeatureA)","cat":"Feature","ph":"E","ts":2000118,"pid":1250203,"tid":1250203,"args":{"ID":1729382256910270467}},{"name":"FR(FeatureC)","cat":"Feature","ph":"B","ts":4000226,"pid":1250203,"tid":1250203,"args":{"ID":1729382256910303235}},{"name":"FR(FeatureC)","cat":"Feature","ph":"E","ts":4000226,"pid":1250203,"tid":1250203,"args":{"ID":1729382256910303235}},{"name":"FR(FeatureB)","cat":"Feature","ph":"E","ts":4000227,"pid":1250203,"tid":1250203,"args":{"ID":1729382256910286851}},{"name":"FR(FeatureA)","cat":"Feature","ph":"E","ts":4000227,"pid":1250203,"tid":1250203,"args":{"ID":1729382256910270467}},{"name":"FR(FeatureC)","cat":"Feature","ph":"E","ts":5000311,"pid":1250203,"tid":1250203,"args":{"ID":1729382256910303235}},{"name":"FR(FeatureB)","cat":"Feature","ph":"E","ts":5000312,"pid":1250203,"tid":1250203,"args":{"ID":1729382256910286851}},{"name":"FR(FeatureA)","cat":"Feature","ph":"E","ts":5000312,"pid":1250203,"tid":1250203,"args":{"ID":1729382256910270467}},{"name":"FR(FeatureC)","cat":"Feature","ph":"E","ts":5000313,"pid":1250203,"tid":1250203,"args":{"ID":1729382256910303235}},{"name":"FR(FeatureB)","cat":"Feature","ph":"E","ts":5000314,"pid":1250203,"tid":1250203,"args":{"ID":1729382256910286851}},{"name":"FR(FeatureA)","cat":"Feature","ph":"E","ts":5000315,"pid":1250203,"tid":1250203,"args":{"ID":1729382256910270467}},{"name":"FR(FeatureC)","cat":"Feature","ph":"E","ts":7000419,"pid":1250203,"tid":1250203,"args":{"ID":1729382256910303235}},{"name":"FR(FeatureB)","cat":"Feature","ph":"E","ts":7000420,"pid":1250203,"tid":1250203,"args":{"ID":1729382256910286851}},{"name":"FR(FeatureA)","cat":"Feature","ph":"E","ts":7000421,"pid":1250203,"tid":1250203,"args":{"ID":1729382256910270467}},{"name":"FR(FeatureC)","cat":"Feature","ph":"E","ts":7000422,"pid":1250203,"tid":1250203,"args":{"ID":1729382256910303235}},{"name":"FR(FeatureB)","cat":"Feature","ph":"E","ts":7000422,"pid":1250203,"tid":1250203,"args":{"ID":1729382256910286851}},{"name":"FR(FeatureA)","cat":"Feature","ph":"E","ts":7000422,"pid":1250203,"tid":1250203,"args":{"ID":1729382256910270467}},{"name":"FR(FeatureC)","cat":"Feature","ph":"B","ts":8000530,"pid":1250203,"tid":1250203,"args":{"ID":1729382256910352387}},{"name":"FR(FeatureC)","cat":"Feature","ph":"E","ts":8000532,"pid":1250203,"tid":1250203,"args":{"ID":1729382256910352387}},{"name":"FR(FeatureA)","cat":"Feature","ph":"E","ts":8000533,"pid":1250203,"tid":1250203,"args":{"ID":1729382256910319619}},{"name":"FR(FeatureC)","cat":"Feature","ph":"E","ts":8000533,"pid":1250203,"tid":1250203,"args":{"ID":1729382256910303235}},{"name":"FR(FeatureB)","cat":"Feature","ph":"E","ts":8000534,"pid":1250203,"tid":1250203,"args":{"ID":1729382256910286851}},{"name":"FR(FeatureA)","cat":"Feature","ph":"E","ts":8000534,"pid":1250203,"tid":1250203,"args":{"ID":1729382256910270467}},{"name":"FR(FeatureC)","cat":"Feature","ph":"E","ts":8000535,"pid":1250203,"tid":1250203,"args":{"ID":1729382256910352387}},{"name":"FR(FeatureA)","cat":"Feature","ph":"E","ts":8000535,"pid":1250203,"tid":1250203,"args":{"ID":1729382256910319619}},{"name":"FR(FeatureC)","cat":"Feature","ph":"E","ts":8000536,"pid":1250203,"tid":1250203,"args":{"ID":1729382256910303235}},{"name":"FR(FeatureB)","cat":"Feature","ph":"E","ts":8000536,"pid":1250203,"tid":1250203,"args":{"ID":1729382256910286851}},{"name":"FR(FeatureA)","cat":"Feature","ph":"E","ts":8000536,"pid":1250203,"tid":1250203,"args":{"ID":1729382256910270467}},{"name":"FR(FeatureC)","cat":"Feature","ph":"E","ts":8000561,"pid":1250203,"tid":1250203,"args":{"ID":1729382256910352387}},{"name":"FR(FeatureA)","cat":"Feature","ph":"E","ts":8000561,"pid":1250203,"tid":1250203,"args":{"ID":1729382256910319619}},{"name":"FR(FeatureC)","cat":"Feature","ph":"E","ts":8000562,"pid":1250203,"tid":1250203,"args":{"ID":1729382256910303235}},{"name":"FR(FeatureB)","cat":"Feature","ph":"E","ts":8000563,"pid":1250203,"tid":1250203,"args":{"ID":1729382256910286851}},{"name":"FR(FeatureA)","cat":"Feature","ph":"E","ts":8000563,"pid":1250203,"tid":1250203,"args":{"ID":1729382256910270467}},{"name":"Base","cat":"Feature","ph":"E","ts":8000564,"pid":1250203,"tid":1250203,"args":{"ID":0}}],"stackFrames":{},"timestampUnit":"us"}