{ "traceEvents":[{"name":"Base","cat":"Feature","ph":"B","ts":0,"pid":405545,"tid":405545,"args":{"ID":0}},{"name":"FR(FeatureA)","cat":"Feature","ph":"B","ts":2000111,"pid":405545,"tid":405545,"args":{"ID":1729382256910270467}},{"name":"FR(FeatureA)","cat":"Feature","ph":"E","ts":3000192,"pid":405545,"tid":405545,"args":{"ID":1729382256910270467}},{"name":"FR(FeatureB)","cat":"Feature","ph":"B","ts":3000192,"pid":405545,"tid":405545,"args":{"ID":1729382256910286851}},{"name":"FR(FeatureB)","cat":"Feature","ph":"E","ts":5000269,"pid":405545,"tid":405545,"args":{"ID":1729382256910286851}},{"name":"FR(FeatureA)","cat":"Feature","ph":"B","ts":5000275,"pid":405545,"tid":405545,"args":{"ID":1729382256910336003}},{"name":"FR(FeatureB)","cat":"Feature","ph":"B","ts":5000276,"pid":405545,"tid":405545,"args":{"ID":1729382256910352387}},{"name":"FR(FeatureA)","cat":"Feature","ph":"E","ts":7000373,"pid":405545,"tid":405545,"args":{"ID":1729382256910336003}},{"name":"FR(FeatureB)","cat":"Feature","ph":"E","ts":7000373,"pid":405545,"tid":405545,"args":{"ID":1729382256910352387}},{"name":"Base","cat":"Feature","ph":"E","ts":7000374,"pid":405545,"tid":405545,"args":{"ID":0}}],"stackFrames":{},"timestampUnit":"us"}