{ "traceEvents":[{"name":"Base","cat":"Feature","ph":"B","ts":0,"pid":440320,"tid":440320,"args":{"ID":0}},{"name":"FR(FeatureA)","cat":"Feature","ph":"B","ts":2000112,"pid":440320,"tid":440320,"args":{"ID":1729382256910270467}},{"name":"FR(FeatureA)","cat":"Feature","ph":"E","ts":3000213,"pid":440320,"tid":440320,"args":{"ID":1729382256910270467}},{"name":"FR(FeatureB)","cat":"Feature","ph":"B","ts":3000213,"pid":440320,"tid":440320,"args":{"ID":1729382256910286851}},{"name":"FR(FeatureB)","cat":"Feature","ph":"E","ts":5000326,"pid":440320,"tid":440320,"args":{"ID":1729382256910286851}},{"name":"FR(FeatureA)","cat":"Feature","ph":"B","ts":5000333,"pid":440320,"tid":440320,"args":{"ID":1729382256910336003}},{"name":"FR(FeatureB)","cat":"Feature","ph":"B","ts":5000334,"pid":440320,"tid":440320,"args":{"ID":1729382256910352387}},{"name":"FR(FeatureA)","cat":"Feature","ph":"E","ts":7000448,"pid":440320,"tid":440320,"args":{"ID":1729382256910336003}},{"name":"FR(FeatureB)","cat":"Feature","ph":"E","ts":7000449,"pid":440320,"tid":440320,"args":{"ID":1729382256910352387}},{"name":"Base","cat":"Feature","ph":"E","ts":7000450,"pid":440320,"tid":440320,"args":{"ID":0}}],"stackFrames":{},"timestampUnit":"us"}