{ "traceEvents":[{"name":"Base","cat":"Feature","ph":"B","ts":0,"pid":419715,"tid":419715,"args":{"ID":0}},{"name":"FR(FeatureA)","cat":"Feature","ph":"B","ts":2000133,"pid":419715,"tid":419715,"args":{"ID":1729382256910270467}},{"name":"FR(FeatureA)","cat":"Feature","ph":"E","ts":3000224,"pid":419715,"tid":419715,"args":{"ID":1729382256910270467}},{"name":"FR(FeatureB)","cat":"Feature","ph":"B","ts":3000225,"pid":419715,"tid":419715,"args":{"ID":1729382256910286851}},{"name":"FR(FeatureB)","cat":"Feature","ph":"E","ts":5000309,"pid":419715,"tid":419715,"args":{"ID":1729382256910286851}},{"name":"FR(FeatureA)","cat":"Feature","ph":"B","ts":5000315,"pid":419715,"tid":419715,"args":{"ID":1729382256910336003}},{"name":"FR(FeatureB)","cat":"Feature","ph":"B","ts":5000316,"pid":419715,"tid":419715,"args":{"ID":1729382256910352387}},{"name":"FR(FeatureA)","cat":"Feature","ph":"E","ts":7000432,"pid":419715,"tid":419715,"args":{"ID":1729382256910336003}},{"name":"FR(FeatureB)","cat":"Feature","ph":"E","ts":7000434,"pid":419715,"tid":419715,"args":{"ID":1729382256910352387}},{"name":"Base","cat":"Feature","ph":"E","ts":7000434,"pid":419715,"tid":419715,"args":{"ID":0}}],"stackFrames":{},"timestampUnit":"us"}