{ "traceEvents":[{"name":"Base","cat":"Feature","ph":"B","ts":0,"pid":398596,"tid":398596,"args":{"ID":0}},{"name":"FR(FeatureA)","cat":"Feature","ph":"B","ts":2000138,"pid":398596,"tid":398596,"args":{"ID":1729382256910270467}},{"name":"FR(FeatureA)","cat":"Feature","ph":"E","ts":3000239,"pid":398596,"tid":398596,"args":{"ID":1729382256910270467}},{"name":"FR(FeatureB)","cat":"Feature","ph":"B","ts":3000239,"pid":398596,"tid":398596,"args":{"ID":1729382256910286851}},{"name":"FR(FeatureB)","cat":"Feature","ph":"E","ts":5000341,"pid":398596,"tid":398596,"args":{"ID":1729382256910286851}},{"name":"FR(FeatureA)","cat":"Feature","ph":"B","ts":5000346,"pid":398596,"tid":398596,"args":{"ID":1729382256910336003}},{"name":"FR(FeatureB)","cat":"Feature","ph":"B","ts":5000347,"pid":398596,"tid":398596,"args":{"ID":1729382256910352387}},{"name":"FR(FeatureA)","cat":"Feature","ph":"E","ts":7000455,"pid":398596,"tid":398596,"args":{"ID":1729382256910336003}},{"name":"FR(FeatureB)","cat":"Feature","ph":"E","ts":7000457,"pid":398596,"tid":398596,"args":{"ID":1729382256910352387}},{"name":"Base","cat":"Feature","ph":"E","ts":7000458,"pid":398596,"tid":398596,"args":{"ID":0}}],"stackFrames":{},"timestampUnit":"us"}