{ "traceEvents":[{"name":"Base","cat":"Feature","ph":"B","ts":0,"pid":431148,"tid":431148,"args":{"ID":0}},{"name":"FR(FeatureA)","cat":"Feature","ph":"B","ts":2000117,"pid":431148,"tid":431148,"args":{"ID":1729382256910270467}},{"name":"FR(FeatureA)","cat":"Feature","ph":"E","ts":3000204,"pid":431148,"tid":431148,"args":{"ID":1729382256910270467}},{"name":"FR(FeatureB)","cat":"Feature","ph":"B","ts":3000205,"pid":431148,"tid":431148,"args":{"ID":1729382256910286851}},{"name":"FR(FeatureB)","cat":"Feature","ph":"E","ts":5000298,"pid":431148,"tid":431148,"args":{"ID":1729382256910286851}},{"name":"FR(FeatureA)","cat":"Feature","ph":"B","ts":5000305,"pid":431148,"tid":431148,"args":{"ID":1729382256910336003}},{"name":"FR(FeatureB)","cat":"Feature","ph":"B","ts":5000306,"pid":431148,"tid":431148,"args":{"ID":1729382256910352387}},{"name":"FR(FeatureA)","cat":"Feature","ph":"E","ts":7000413,"pid":431148,"tid":431148,"args":{"ID":1729382256910336003}},{"name":"FR(FeatureB)","cat":"Feature","ph":"E","ts":7000415,"pid":431148,"tid":431148,"args":{"ID":1729382256910352387}},{"name":"Base","cat":"Feature","ph":"E","ts":7000416,"pid":431148,"tid":431148,"args":{"ID":0}}],"stackFrames":{},"timestampUnit":"us"}