{ "traceEvents":[{"name":"Base","cat":"Feature","ph":"B","ts":0,"pid":417212,"tid":417212,"args":{"ID":0}},{"name":"FR(FeatureA)","cat":"Feature","ph":"B","ts":2000115,"pid":417212,"tid":417212,"args":{"ID":1729382256910270467}},{"name":"FR(FeatureA)","cat":"Feature","ph":"E","ts":3000221,"pid":417212,"tid":417212,"args":{"ID":1729382256910270467}},{"name":"FR(FeatureB)","cat":"Feature","ph":"B","ts":3000222,"pid":417212,"tid":417212,"args":{"ID":1729382256910286851}},{"name":"FR(FeatureB)","cat":"Feature","ph":"E","ts":5000317,"pid":417212,"tid":417212,"args":{"ID":1729382256910286851}},{"name":"FR(FeatureA)","cat":"Feature","ph":"B","ts":5000324,"pid":417212,"tid":417212,"args":{"ID":1729382256910336003}},{"name":"FR(FeatureB)","cat":"Feature","ph":"B","ts":5000324,"pid":417212,"tid":417212,"args":{"ID":1729382256910352387}},{"name":"FR(FeatureA)","cat":"Feature","ph":"E","ts":7000421,"pid":417212,"tid":417212,"args":{"ID":1729382256910336003}},{"name":"FR(FeatureB)","cat":"Feature","ph":"E","ts":7000421,"pid":417212,"tid":417212,"args":{"ID":1729382256910352387}},{"name":"Base","cat":"Feature","ph":"E","ts":7000422,"pid":417212,"tid":417212,"args":{"ID":0}}],"stackFrames":{},"timestampUnit":"us"}