{ "traceEvents":[{"name":"Base","cat":"Feature","ph":"B","ts":0,"pid":414839,"tid":414839,"args":{"ID":0}},{"name":"FR(FeatureA)","cat":"Feature","ph":"B","ts":2000120,"pid":414839,"tid":414839,"args":{"ID":1729382256910270467}},{"name":"FR(FeatureA)","cat":"Feature","ph":"E","ts":3000223,"pid":414839,"tid":414839,"args":{"ID":1729382256910270467}},{"name":"FR(FeatureB)","cat":"Feature","ph":"B","ts":3000224,"pid":414839,"tid":414839,"args":{"ID":1729382256910286851}},{"name":"FR(FeatureB)","cat":"Feature","ph":"E","ts":5000326,"pid":414839,"tid":414839,"args":{"ID":1729382256910286851}},{"name":"FR(FeatureA)","cat":"Feature","ph":"B","ts":5000331,"pid":414839,"tid":414839,"args":{"ID":1729382256910336003}},{"name":"FR(FeatureB)","cat":"Feature","ph":"B","ts":5000332,"pid":414839,"tid":414839,"args":{"ID":1729382256910352387}},{"name":"FR(FeatureA)","cat":"Feature","ph":"E","ts":7000440,"pid":414839,"tid":414839,"args":{"ID":1729382256910336003}},{"name":"FR(FeatureB)","cat":"Feature","ph":"E","ts":7000442,"pid":414839,"tid":414839,"args":{"ID":1729382256910352387}},{"name":"Base","cat":"Feature","ph":"E","ts":7000443,"pid":414839,"tid":414839,"args":{"ID":0}}],"stackFrames":{},"timestampUnit":"us"}