{ "traceEvents":[{"name":"Base","cat":"Feature","ph":"B","ts":0,"pid":451423,"tid":451423,"args":{"ID":0}},{"name":"FR(FeatureA)","cat":"Feature","ph":"B","ts":2000102,"pid":451423,"tid":451423,"args":{"ID":1729382256910270467}},{"name":"FR(FeatureA)","cat":"Feature","ph":"E","ts":3000194,"pid":451423,"tid":451423,"args":{"ID":1729382256910270467}},{"name":"FR(FeatureB)","cat":"Feature","ph":"B","ts":3000194,"pid":451423,"tid":451423,"args":{"ID":1729382256910286851}},{"name":"FR(FeatureB)","cat":"Feature","ph":"E","ts":5000287,"pid":451423,"tid":451423,"args":{"ID":1729382256910286851}},{"name":"FR(FeatureA)","cat":"Feature","ph":"B","ts":5000292,"pid":451423,"tid":451423,"args":{"ID":1729382256910336003}},{"name":"FR(FeatureB)","cat":"Feature","ph":"B","ts":5000292,"pid":451423,"tid":451423,"args":{"ID":1729382256910352387}},{"name":"FR(FeatureA)","cat":"Feature","ph":"E","ts":7000389,"pid":451423,"tid":451423,"args":{"ID":1729382256910336003}},{"name":"FR(FeatureB)","cat":"Feature","ph":"E","ts":7000390,"pid":451423,"tid":451423,"args":{"ID":1729382256910352387}},{"name":"Base","cat":"Feature","ph":"E","ts":7000391,"pid":451423,"tid":451423,"args":{"ID":0}}],"stackFrames":{},"timestampUnit":"us"}