{ "traceEvents":[{"name":"Base","cat":"Feature","ph":"B","ts":0,"pid":743089,"tid":743089,"args":{"ID":0}},{"name":"FR(FeatureA)","cat":"Feature","ph":"B","ts":2000126,"pid":743089,"tid":743089,"args":{"ID":1729382256910270467}},{"name":"FR(FeatureA)","cat":"Feature","ph":"E","ts":4000219,"pid":743089,"tid":743089,"args":{"ID":1729382256910270467}},{"name":"FR(FeatureC)","cat":"Feature","ph":"B","ts":4000220,"pid":743089,"tid":743089,"args":{"ID":1729382256910303235}},{"name":"FR(FeatureC)","cat":"Feature","ph":"E","ts":5000311,"pid":743089,"tid":743089,"args":{"ID":1729382256910303235}},{"name":"FR(FeatureC)","cat":"Feature","ph":"B","ts":5000312,"pid":743089,"tid":743089,"args":{"ID":1729382256910368771}},{"name":"FR(FeatureC)","cat":"Feature","ph":"E","ts":5000318,"pid":743089,"tid":743089,"args":{"ID":1729382256910368771}},{"name":"Base","cat":"Feature","ph":"E","ts":5000318,"pid":743089,"tid":743089,"args":{"ID":0}}],"stackFrames":{},"timestampUnit":"us"}