{ "traceEvents":[{"name":"Base","cat":"Feature","ph":"B","ts":0,"pid":755760,"tid":755760,"args":{"ID":0}},{"name":"FR(FeatureA)","cat":"Feature","ph":"B","ts":2000099,"pid":755760,"tid":755760,"args":{"ID":1729382256910270467}},{"name":"FR(FeatureA)","cat":"Feature","ph":"E","ts":4000187,"pid":755760,"tid":755760,"args":{"ID":1729382256910270467}},{"name":"FR(FeatureC)","cat":"Feature","ph":"B","ts":4000187,"pid":755760,"tid":755760,"args":{"ID":1729382256910303235}},{"name":"FR(FeatureC)","cat":"Feature","ph":"E","ts":5000286,"pid":755760,"tid":755760,"args":{"ID":1729382256910303235}},{"name":"FR(FeatureC)","cat":"Feature","ph":"B","ts":5000286,"pid":755760,"tid":755760,"args":{"ID":1729382256910368771}},{"name":"FR(FeatureC)","cat":"Feature","ph":"E","ts":5000292,"pid":755760,"tid":755760,"args":{"ID":1729382256910368771}},{"name":"Base","cat":"Feature","ph":"E","ts":5000292,"pid":755760,"tid":755760,"args":{"ID":0}}],"stackFrames":{},"timestampUnit":"us"}