{ "traceEvents":[{"name":"Base","cat":"Feature","ph":"B","ts":0,"pid":758027,"tid":758027,"args":{"ID":0}},{"name":"FR(FeatureA)","cat":"Feature","ph":"B","ts":2000114,"pid":758027,"tid":758027,"args":{"ID":1729382256910270467}},{"name":"FR(FeatureA)","cat":"Feature","ph":"E","ts":4000210,"pid":758027,"tid":758027,"args":{"ID":1729382256910270467}},{"name":"FR(FeatureC)","cat":"Feature","ph":"B","ts":4000210,"pid":758027,"tid":758027,"args":{"ID":1729382256910303235}},{"name":"FR(FeatureC)","cat":"Feature","ph":"E","ts":5000312,"pid":758027,"tid":758027,"args":{"ID":1729382256910303235}},{"name":"FR(FeatureC)","cat":"Feature","ph":"B","ts":5000313,"pid":758027,"tid":758027,"args":{"ID":1729382256910368771}},{"name":"FR(FeatureC)","cat":"Feature","ph":"E","ts":5000319,"pid":758027,"tid":758027,"args":{"ID":1729382256910368771}},{"name":"Base","cat":"Feature","ph":"E","ts":5000319,"pid":758027,"tid":758027,"args":{"ID":0}}],"stackFrames":{},"timestampUnit":"us"}