{ "traceEvents":[{"name":"Base","cat":"Feature","ph":"B","ts":0,"pid":698251,"tid":698251,"args":{"ID":0}},{"name":"FR(FeatureA)","cat":"Feature","ph":"B","ts":2000122,"pid":698251,"tid":698251,"args":{"ID":1729382256910270467}},{"name":"FR(FeatureA)","cat":"Feature","ph":"E","ts":4000217,"pid":698251,"tid":698251,"args":{"ID":1729382256910270467}},{"name":"FR(FeatureC)","cat":"Feature","ph":"B","ts":4000217,"pid":698251,"tid":698251,"args":{"ID":1729382256910303235}},{"name":"FR(FeatureC)","cat":"Feature","ph":"E","ts":5000315,"pid":698251,"tid":698251,"args":{"ID":1729382256910303235}},{"name":"FR(FeatureC)","cat":"Feature","ph":"B","ts":5000316,"pid":698251,"tid":698251,"args":{"ID":1729382256910368771}},{"name":"FR(FeatureC)","cat":"Feature","ph":"E","ts":5000321,"pid":698251,"tid":698251,"args":{"ID":1729382256910368771}},{"name":"Base","cat":"Feature","ph":"E","ts":5000321,"pid":698251,"tid":698251,"args":{"ID":0}}],"stackFrames":{},"timestampUnit":"us"}