{ "traceEvents":[{"name":"Base","cat":"Feature","ph":"B","ts":0,"pid":695726,"tid":695726,"args":{"ID":0}},{"name":"FR(FeatureA)","cat":"Feature","ph":"B","ts":2000122,"pid":695726,"tid":695726,"args":{"ID":1729382256910270467}},{"name":"FR(FeatureA)","cat":"Feature","ph":"E","ts":4000217,"pid":695726,"tid":695726,"args":{"ID":1729382256910270467}},{"name":"FR(FeatureC)","cat":"Feature","ph":"B","ts":4000218,"pid":695726,"tid":695726,"args":{"ID":1729382256910303235}},{"name":"FR(FeatureC)","cat":"Feature","ph":"E","ts":5000327,"pid":695726,"tid":695726,"args":{"ID":1729382256910303235}},{"name":"FR(FeatureC)","cat":"Feature","ph":"B","ts":5000327,"pid":695726,"tid":695726,"args":{"ID":1729382256910368771}},{"name":"FR(FeatureC)","cat":"Feature","ph":"E","ts":5000333,"pid":695726,"tid":695726,"args":{"ID":1729382256910368771}},{"name":"Base","cat":"Feature","ph":"E","ts":5000334,"pid":695726,"tid":695726,"args":{"ID":0}}],"stackFrames":{},"timestampUnit":"us"}