{ "traceEvents":[{"name":"Base","cat":"Feature","ph":"B","ts":0,"pid":711368,"tid":711368,"args":{"ID":0}},{"name":"FR(FeatureA)","cat":"Feature","ph":"B","ts":2000112,"pid":711368,"tid":711368,"args":{"ID":1729382256910270467}},{"name":"FR(FeatureA)","cat":"Feature","ph":"E","ts":4000204,"pid":711368,"tid":711368,"args":{"ID":1729382256910270467}},{"name":"FR(FeatureC)","cat":"Feature","ph":"B","ts":4000205,"pid":711368,"tid":711368,"args":{"ID":1729382256910303235}},{"name":"FR(FeatureC)","cat":"Feature","ph":"E","ts":5000306,"pid":711368,"tid":711368,"args":{"ID":1729382256910303235}},{"name":"FR(FeatureC)","cat":"Feature","ph":"B","ts":5000307,"pid":711368,"tid":711368,"args":{"ID":1729382256910368771}},{"name":"FR(FeatureC)","cat":"Feature","ph":"E","ts":5000312,"pid":711368,"tid":711368,"args":{"ID":1729382256910368771}},{"name":"Base","cat":"Feature","ph":"E","ts":5000312,"pid":711368,"tid":711368,"args":{"ID":0}}],"stackFrames":{},"timestampUnit":"us"}