{ "traceEvents":[{"name":"Base","cat":"Feature","ph":"B","ts":0,"pid":725686,"tid":725686,"args":{"ID":0}},{"name":"FR(FeatureA)","cat":"Feature","ph":"B","ts":2000105,"pid":725686,"tid":725686,"args":{"ID":1729382256910270467}},{"name":"FR(FeatureA)","cat":"Feature","ph":"E","ts":4000223,"pid":725686,"tid":725686,"args":{"ID":1729382256910270467}},{"name":"FR(FeatureC)","cat":"Feature","ph":"B","ts":4000224,"pid":725686,"tid":725686,"args":{"ID":1729382256910303235}},{"name":"FR(FeatureC)","cat":"Feature","ph":"E","ts":5000348,"pid":725686,"tid":725686,"args":{"ID":1729382256910303235}},{"name":"FR(FeatureC)","cat":"Feature","ph":"B","ts":5000349,"pid":725686,"tid":725686,"args":{"ID":1729382256910368771}},{"name":"FR(FeatureC)","cat":"Feature","ph":"E","ts":5000354,"pid":725686,"tid":725686,"args":{"ID":1729382256910368771}},{"name":"Base","cat":"Feature","ph":"E","ts":5000355,"pid":725686,"tid":725686,"args":{"ID":0}}],"stackFrames":{},"timestampUnit":"us"}