{ "traceEvents":[{"name":"Base","cat":"Feature","ph":"B","ts":0,"pid":708759,"tid":708759,"args":{"ID":0}},{"name":"FR(FeatureA)","cat":"Feature","ph":"B","ts":2000118,"pid":708759,"tid":708759,"args":{"ID":1729382256910270467}},{"name":"FR(FeatureA)","cat":"Feature","ph":"E","ts":4000208,"pid":708759,"tid":708759,"args":{"ID":1729382256910270467}},{"name":"FR(FeatureC)","cat":"Feature","ph":"B","ts":4000209,"pid":708759,"tid":708759,"args":{"ID":1729382256910303235}},{"name":"FR(FeatureC)","cat":"Feature","ph":"E","ts":5000299,"pid":708759,"tid":708759,"args":{"ID":1729382256910303235}},{"name":"FR(FeatureC)","cat":"Feature","ph":"B","ts":5000300,"pid":708759,"tid":708759,"args":{"ID":1729382256910368771}},{"name":"FR(FeatureC)","cat":"Feature","ph":"E","ts":5000304,"pid":708759,"tid":708759,"args":{"ID":1729382256910368771}},{"name":"Base","cat":"Feature","ph":"E","ts":5000304,"pid":708759,"tid":708759,"args":{"ID":0}}],"stackFrames":{},"timestampUnit":"us"}