{ "traceEvents":[{"name":"Base","cat":"Feature","ph":"B","ts":0,"pid":688137,"tid":688137,"args":{"ID":0}},{"name":"FR(FeatureA)","cat":"Feature","ph":"B","ts":2000119,"pid":688137,"tid":688137,"args":{"ID":1729382256910270467}},{"name":"FR(FeatureA)","cat":"Feature","ph":"E","ts":4000208,"pid":688137,"tid":688137,"args":{"ID":1729382256910270467}},{"name":"FR(FeatureC)","cat":"Feature","ph":"B","ts":4000209,"pid":688137,"tid":688137,"args":{"ID":1729382256910303235}},{"name":"FR(FeatureC)","cat":"Feature","ph":"E","ts":5000317,"pid":688137,"tid":688137,"args":{"ID":1729382256910303235}},{"name":"FR(FeatureC)","cat":"Feature","ph":"B","ts":5000317,"pid":688137,"tid":688137,"args":{"ID":1729382256910368771}},{"name":"FR(FeatureC)","cat":"Feature","ph":"E","ts":5000324,"pid":688137,"tid":688137,"args":{"ID":1729382256910368771}},{"name":"Base","cat":"Feature","ph":"E","ts":5000325,"pid":688137,"tid":688137,"args":{"ID":0}}],"stackFrames":{},"timestampUnit":"us"}