{ "traceEvents":[{"name":"Base","cat":"Feature","ph":"B","ts":0,"pid":752956,"tid":752956,"args":{"ID":0}},{"name":"FR(FeatureA)","cat":"Feature","ph":"B","ts":2000114,"pid":752956,"tid":752956,"args":{"ID":1729382256910270467}},{"name":"FR(FeatureA)","cat":"Feature","ph":"E","ts":4000205,"pid":752956,"tid":752956,"args":{"ID":1729382256910270467}},{"name":"FR(FeatureC)","cat":"Feature","ph":"B","ts":4000206,"pid":752956,"tid":752956,"args":{"ID":1729382256910303235}},{"name":"FR(FeatureC)","cat":"Feature","ph":"E","ts":5000310,"pid":752956,"tid":752956,"args":{"ID":1729382256910303235}},{"name":"FR(FeatureC)","cat":"Feature","ph":"B","ts":5000311,"pid":752956,"tid":752956,"args":{"ID":1729382256910368771}},{"name":"FR(FeatureC)","cat":"Feature","ph":"E","ts":5000316,"pid":752956,"tid":752956,"args":{"ID":1729382256910368771}},{"name":"Base","cat":"Feature","ph":"E","ts":5000317,"pid":752956,"tid":752956,"args":{"ID":0}}],"stackFrames":{},"timestampUnit":"us"}