{ "traceEvents":[{"name":"Base","cat":"Feature","ph":"B","ts":0,"pid":740569,"tid":740569,"args":{"ID":0}},{"name":"FR(FeatureA)","cat":"Feature","ph":"B","ts":2000118,"pid":740569,"tid":740569,"args":{"ID":1729382256910270467}},{"name":"FR(FeatureA)","cat":"Feature","ph":"E","ts":4000212,"pid":740569,"tid":740569,"args":{"ID":1729382256910270467}},{"name":"FR(FeatureC)","cat":"Feature","ph":"B","ts":4000212,"pid":740569,"tid":740569,"args":{"ID":1729382256910303235}},{"name":"FR(FeatureC)","cat":"Feature","ph":"E","ts":5000301,"pid":740569,"tid":740569,"args":{"ID":1729382256910303235}},{"name":"FR(FeatureC)","cat":"Feature","ph":"B","ts":5000302,"pid":740569,"tid":740569,"args":{"ID":1729382256910368771}},{"name":"FR(FeatureC)","cat":"Feature","ph":"E","ts":5000309,"pid":740569,"tid":740569,"args":{"ID":1729382256910368771}},{"name":"Base","cat":"Feature","ph":"E","ts":5000309,"pid":740569,"tid":740569,"args":{"ID":0}}],"stackFrames":{},"timestampUnit":"us"}