{ "traceEvents":[{"name":"Base","cat":"Feature","ph":"B","ts":0,"pid":723375,"tid":723375,"args":{"ID":0}},{"name":"FR(FeatureA)","cat":"Feature","ph":"B","ts":2000108,"pid":723375,"tid":723375,"args":{"ID":1729382256910270467}},{"name":"FR(FeatureA)","cat":"Feature","ph":"E","ts":4000195,"pid":723375,"tid":723375,"args":{"ID":1729382256910270467}},{"name":"FR(FeatureC)","cat":"Feature","ph":"B","ts":4000195,"pid":723375,"tid":723375,"args":{"ID":1729382256910303235}},{"name":"FR(FeatureC)","cat":"Feature","ph":"E","ts":5000276,"pid":723375,"tid":723375,"args":{"ID":1729382256910303235}},{"name":"FR(FeatureC)","cat":"Feature","ph":"B","ts":5000277,"pid":723375,"tid":723375,"args":{"ID":1729382256910368771}},{"name":"FR(FeatureC)","cat":"Feature","ph":"E","ts":5000281,"pid":723375,"tid":723375,"args":{"ID":1729382256910368771}},{"name":"Base","cat":"Feature","ph":"E","ts":5000282,"pid":723375,"tid":723375,"args":{"ID":0}}],"stackFrames":{},"timestampUnit":"us"}