{ "traceEvents":[{"name":"Base","cat":"Feature","ph":"B","ts":0,"pid":685719,"tid":685719,"args":{"ID":0}},{"name":"FR(FeatureA)","cat":"Feature","ph":"B","ts":2000125,"pid":685719,"tid":685719,"args":{"ID":1729382256910270467}},{"name":"FR(FeatureA)","cat":"Feature","ph":"E","ts":4000224,"pid":685719,"tid":685719,"args":{"ID":1729382256910270467}},{"name":"FR(FeatureC)","cat":"Feature","ph":"B","ts":4000225,"pid":685719,"tid":685719,"args":{"ID":1729382256910303235}},{"name":"FR(FeatureC)","cat":"Feature","ph":"E","ts":5000332,"pid":685719,"tid":685719,"args":{"ID":1729382256910303235}},{"name":"FR(FeatureC)","cat":"Feature","ph":"B","ts":5000332,"pid":685719,"tid":685719,"args":{"ID":1729382256910368771}},{"name":"FR(FeatureC)","cat":"Feature","ph":"E","ts":5000337,"pid":685719,"tid":685719,"args":{"ID":1729382256910368771}},{"name":"Base","cat":"Feature","ph":"E","ts":5000338,"pid":685719,"tid":685719,"args":{"ID":0}}],"stackFrames":{},"timestampUnit":"us"}