{ "traceEvents":[{"name":"Base","cat":"Feature","ph":"B","ts":0,"pid":703539,"tid":703539,"args":{"ID":0}},{"name":"FR(FeatureA)","cat":"Feature","ph":"B","ts":2000120,"pid":703539,"tid":703539,"args":{"ID":1729382256910270467}},{"name":"FR(FeatureA)","cat":"Feature","ph":"E","ts":4000221,"pid":703539,"tid":703539,"args":{"ID":1729382256910270467}},{"name":"FR(FeatureC)","cat":"Feature","ph":"B","ts":4000222,"pid":703539,"tid":703539,"args":{"ID":1729382256910303235}},{"name":"FR(FeatureC)","cat":"Feature","ph":"E","ts":5000323,"pid":703539,"tid":703539,"args":{"ID":1729382256910303235}},{"name":"FR(FeatureC)","cat":"Feature","ph":"B","ts":5000323,"pid":703539,"tid":703539,"args":{"ID":1729382256910368771}},{"name":"FR(FeatureC)","cat":"Feature","ph":"E","ts":5000326,"pid":703539,"tid":703539,"args":{"ID":1729382256910368771}},{"name":"Base","cat":"Feature","ph":"E","ts":5000327,"pid":703539,"tid":703539,"args":{"ID":0}}],"stackFrames":{},"timestampUnit":"us"}