{ "traceEvents":[{"name":"Base","cat":"Feature","ph":"B","ts":0,"pid":700899,"tid":700899,"args":{"ID":0}},{"name":"FR(FeatureA)","cat":"Feature","ph":"B","ts":2000110,"pid":700899,"tid":700899,"args":{"ID":1729382256910270467}},{"name":"FR(FeatureA)","cat":"Feature","ph":"E","ts":4000207,"pid":700899,"tid":700899,"args":{"ID":1729382256910270467}},{"name":"FR(FeatureC)","cat":"Feature","ph":"B","ts":4000208,"pid":700899,"tid":700899,"args":{"ID":1729382256910303235}},{"name":"FR(FeatureC)","cat":"Feature","ph":"E","ts":5000294,"pid":700899,"tid":700899,"args":{"ID":1729382256910303235}},{"name":"FR(FeatureC)","cat":"Feature","ph":"B","ts":5000295,"pid":700899,"tid":700899,"args":{"ID":1729382256910368771}},{"name":"FR(FeatureC)","cat":"Feature","ph":"E","ts":5000303,"pid":700899,"tid":700899,"args":{"ID":1729382256910368771}},{"name":"Base","cat":"Feature","ph":"E","ts":5000304,"pid":700899,"tid":700899,"args":{"ID":0}}],"stackFrames":{},"timestampUnit":"us"}