{ "traceEvents":[{"name":"Base","cat":"Feature","ph":"B","ts":0,"pid":693110,"tid":693110,"args":{"ID":0}},{"name":"FR(FeatureA)","cat":"Feature","ph":"B","ts":2000120,"pid":693110,"tid":693110,"args":{"ID":1729382256910270467}},{"name":"FR(FeatureA)","cat":"Feature","ph":"E","ts":4000206,"pid":693110,"tid":693110,"args":{"ID":1729382256910270467}},{"name":"FR(FeatureC)","cat":"Feature","ph":"B","ts":4000207,"pid":693110,"tid":693110,"args":{"ID":1729382256910303235}},{"name":"FR(FeatureC)","cat":"Feature","ph":"E","ts":5000285,"pid":693110,"tid":693110,"args":{"ID":1729382256910303235}},{"name":"FR(FeatureC)","cat":"Feature","ph":"B","ts":5000285,"pid":693110,"tid":693110,"args":{"ID":1729382256910368771}},{"name":"FR(FeatureC)","cat":"Feature","ph":"E","ts":5000297,"pid":693110,"tid":693110,"args":{"ID":1729382256910368771}},{"name":"Base","cat":"Feature","ph":"E","ts":5000297,"pid":693110,"tid":693110,"args":{"ID":0}}],"stackFrames":{},"timestampUnit":"us"}