{ "traceEvents":[{"name":"Base","cat":"Feature","ph":"B","ts":0,"pid":3006661,"tid":3006661,"args":{"ID":0}},{"name":"FR(FeatureA)","cat":"Feature","ph":"B","ts":2000105,"pid":3006661,"tid":3006661,"args":{"ID":1729382256910270467}},{"name":"FR(FeatureA)","cat":"Feature","ph":"E","ts":4000190,"pid":3006661,"tid":3006661,"args":{"ID":1729382256910270467}},{"name":"FR(FeatureC)","cat":"Feature","ph":"B","ts":4000191,"pid":3006661,"tid":3006661,"args":{"ID":1729382256910303235}},{"name":"FR(FeatureC)","cat":"Feature","ph":"E","ts":5000290,"pid":3006661,"tid":3006661,"args":{"ID":1729382256910303235}},{"name":"FR(FeatureD)","cat":"Feature","ph":"B","ts":5000295,"pid":3006661,"tid":3006661,"args":{"ID":1729382256910319619}},{"name":"FR(FeatureD)","cat":"Feature","ph":"E","ts":7000402,"pid":3006661,"tid":3006661,"args":{"ID":1729382256910319619}},{"name":"FR(FeatureC)","cat":"Feature","ph":"B","ts":7000404,"pid":3006661,"tid":3006661,"args":{"ID":1729382256910368771}},{"name":"FR(FeatureD)","cat":"Feature","ph":"B","ts":7000405,"pid":3006661,"tid":3006661,"args":{"ID":1729382256910385155}},{"name":"FR(FeatureC)","cat":"Feature","ph":"E","ts":7000431,"pid":3006661,"tid":3006661,"args":{"ID":1729382256910368771}},{"name":"FR(FeatureD)","cat":"Feature","ph":"E","ts":7000432,"pid":3006661,"tid":3006661,"args":{"ID":1729382256910385155}},{"name":"Base","cat":"Feature","ph":"E","ts":7000432,"pid":3006661,"tid":3006661,"args":{"ID":0}}],"stackFrames":{},"timestampUnit":"us"}