{ "traceEvents":[{"name":"Base","cat":"Feature","ph":"B","ts":0,"pid":3100693,"tid":3100693,"args":{"ID":0}},{"name":"FR(FeatureA)","cat":"Feature","ph":"B","ts":2000133,"pid":3100693,"tid":3100693,"args":{"ID":1729382256910270467}},{"name":"FR(FeatureA)","cat":"Feature","ph":"E","ts":4000244,"pid":3100693,"tid":3100693,"args":{"ID":1729382256910270467}},{"name":"FR(FeatureC)","cat":"Feature","ph":"B","ts":4000244,"pid":3100693,"tid":3100693,"args":{"ID":1729382256910303235}},{"name":"FR(FeatureC)","cat":"Feature","ph":"E","ts":5000353,"pid":3100693,"tid":3100693,"args":{"ID":1729382256910303235}},{"name":"FR(FeatureD)","cat":"Feature","ph":"B","ts":5000358,"pid":3100693,"tid":3100693,"args":{"ID":1729382256910319619}},{"name":"FR(FeatureD)","cat":"Feature","ph":"E","ts":7000467,"pid":3100693,"tid":3100693,"args":{"ID":1729382256910319619}},{"name":"FR(FeatureC)","cat":"Feature","ph":"B","ts":7000468,"pid":3100693,"tid":3100693,"args":{"ID":1729382256910368771}},{"name":"FR(FeatureD)","cat":"Feature","ph":"B","ts":7000468,"pid":3100693,"tid":3100693,"args":{"ID":1729382256910385155}},{"name":"FR(FeatureC)","cat":"Feature","ph":"E","ts":7000486,"pid":3100693,"tid":3100693,"args":{"ID":1729382256910368771}},{"name":"FR(FeatureD)","cat":"Feature","ph":"E","ts":7000487,"pid":3100693,"tid":3100693,"args":{"ID":1729382256910385155}},{"name":"Base","cat":"Feature","ph":"E","ts":7000487,"pid":3100693,"tid":3100693,"args":{"ID":0}}],"stackFrames":{},"timestampUnit":"us"}