{ "traceEvents":[{"name":"Base","cat":"Feature","ph":"B","ts":0,"pid":3087186,"tid":3087186,"args":{"ID":0}},{"name":"FR(FeatureA)","cat":"Feature","ph":"B","ts":2000115,"pid":3087186,"tid":3087186,"args":{"ID":1729382256910270467}},{"name":"FR(FeatureA)","cat":"Feature","ph":"E","ts":4000212,"pid":3087186,"tid":3087186,"args":{"ID":1729382256910270467}},{"name":"FR(FeatureC)","cat":"Feature","ph":"B","ts":4000213,"pid":3087186,"tid":3087186,"args":{"ID":1729382256910303235}},{"name":"FR(FeatureC)","cat":"Feature","ph":"E","ts":5000301,"pid":3087186,"tid":3087186,"args":{"ID":1729382256910303235}},{"name":"FR(FeatureD)","cat":"Feature","ph":"B","ts":5000310,"pid":3087186,"tid":3087186,"args":{"ID":1729382256910319619}},{"name":"FR(FeatureD)","cat":"Feature","ph":"E","ts":7000412,"pid":3087186,"tid":3087186,"args":{"ID":1729382256910319619}},{"name":"FR(FeatureC)","cat":"Feature","ph":"B","ts":7000412,"pid":3087186,"tid":3087186,"args":{"ID":1729382256910368771}},{"name":"FR(FeatureD)","cat":"Feature","ph":"B","ts":7000413,"pid":3087186,"tid":3087186,"args":{"ID":1729382256910385155}},{"name":"FR(FeatureC)","cat":"Feature","ph":"E","ts":7000439,"pid":3087186,"tid":3087186,"args":{"ID":1729382256910368771}},{"name":"FR(FeatureD)","cat":"Feature","ph":"E","ts":7000439,"pid":3087186,"tid":3087186,"args":{"ID":1729382256910385155}},{"name":"Base","cat":"Feature","ph":"E","ts":7000440,"pid":3087186,"tid":3087186,"args":{"ID":0}}],"stackFrames":{},"timestampUnit":"us"}