{ "traceEvents":[{"name":"Base","cat":"Feature","ph":"B","ts":0,"pid":3063864,"tid":3063864,"args":{"ID":0}},{"name":"FR(FeatureA)","cat":"Feature","ph":"B","ts":2000119,"pid":3063864,"tid":3063864,"args":{"ID":1729382256910270467}},{"name":"FR(FeatureA)","cat":"Feature","ph":"E","ts":4000215,"pid":3063864,"tid":3063864,"args":{"ID":1729382256910270467}},{"name":"FR(FeatureC)","cat":"Feature","ph":"B","ts":4000216,"pid":3063864,"tid":3063864,"args":{"ID":1729382256910303235}},{"name":"FR(FeatureC)","cat":"Feature","ph":"E","ts":5000304,"pid":3063864,"tid":3063864,"args":{"ID":1729382256910303235}},{"name":"FR(FeatureD)","cat":"Feature","ph":"B","ts":5000315,"pid":3063864,"tid":3063864,"args":{"ID":1729382256910319619}},{"name":"FR(FeatureD)","cat":"Feature","ph":"E","ts":7000418,"pid":3063864,"tid":3063864,"args":{"ID":1729382256910319619}},{"name":"FR(FeatureC)","cat":"Feature","ph":"B","ts":7000419,"pid":3063864,"tid":3063864,"args":{"ID":1729382256910368771}},{"name":"FR(FeatureD)","cat":"Feature","ph":"B","ts":7000419,"pid":3063864,"tid":3063864,"args":{"ID":1729382256910385155}},{"name":"FR(FeatureC)","cat":"Feature","ph":"E","ts":7000444,"pid":3063864,"tid":3063864,"args":{"ID":1729382256910368771}},{"name":"FR(FeatureD)","cat":"Feature","ph":"E","ts":7000445,"pid":3063864,"tid":3063864,"args":{"ID":1729382256910385155}},{"name":"Base","cat":"Feature","ph":"E","ts":7000445,"pid":3063864,"tid":3063864,"args":{"ID":0}}],"stackFrames":{},"timestampUnit":"us"}