{ "traceEvents":[{"name":"Base","cat":"Feature","ph":"B","ts":0,"pid":3023230,"tid":3023230,"args":{"ID":0}},{"name":"FR(FeatureA)","cat":"Feature","ph":"B","ts":2000135,"pid":3023230,"tid":3023230,"args":{"ID":1729382256910270467}},{"name":"FR(FeatureA)","cat":"Feature","ph":"E","ts":4000200,"pid":3023230,"tid":3023230,"args":{"ID":1729382256910270467}},{"name":"FR(FeatureC)","cat":"Feature","ph":"B","ts":4000201,"pid":3023230,"tid":3023230,"args":{"ID":1729382256910303235}},{"name":"FR(FeatureC)","cat":"Feature","ph":"E","ts":5000282,"pid":3023230,"tid":3023230,"args":{"ID":1729382256910303235}},{"name":"FR(FeatureD)","cat":"Feature","ph":"B","ts":5000288,"pid":3023230,"tid":3023230,"args":{"ID":1729382256910319619}},{"name":"FR(FeatureD)","cat":"Feature","ph":"E","ts":7000383,"pid":3023230,"tid":3023230,"args":{"ID":1729382256910319619}},{"name":"FR(FeatureC)","cat":"Feature","ph":"B","ts":7000383,"pid":3023230,"tid":3023230,"args":{"ID":1729382256910368771}},{"name":"FR(FeatureD)","cat":"Feature","ph":"B","ts":7000384,"pid":3023230,"tid":3023230,"args":{"ID":1729382256910385155}},{"name":"FR(FeatureC)","cat":"Feature","ph":"E","ts":7000410,"pid":3023230,"tid":3023230,"args":{"ID":1729382256910368771}},{"name":"FR(FeatureD)","cat":"Feature","ph":"E","ts":7000410,"pid":3023230,"tid":3023230,"args":{"ID":1729382256910385155}},{"name":"Base","cat":"Feature","ph":"E","ts":7000411,"pid":3023230,"tid":3023230,"args":{"ID":0}}],"stackFrames":{},"timestampUnit":"us"}