{ "traceEvents":[{"name":"Base","cat":"Feature","ph":"B","ts":0,"pid":3016969,"tid":3016969,"args":{"ID":0}},{"name":"FR(FeatureA)","cat":"Feature","ph":"B","ts":2000127,"pid":3016969,"tid":3016969,"args":{"ID":1729382256910270467}},{"name":"FR(FeatureA)","cat":"Feature","ph":"E","ts":4000227,"pid":3016969,"tid":3016969,"args":{"ID":1729382256910270467}},{"name":"FR(FeatureC)","cat":"Feature","ph":"B","ts":4000228,"pid":3016969,"tid":3016969,"args":{"ID":1729382256910303235}},{"name":"FR(FeatureC)","cat":"Feature","ph":"E","ts":5000309,"pid":3016969,"tid":3016969,"args":{"ID":1729382256910303235}},{"name":"FR(FeatureD)","cat":"Feature","ph":"B","ts":5000315,"pid":3016969,"tid":3016969,"args":{"ID":1729382256910319619}},{"name":"FR(FeatureD)","cat":"Feature","ph":"E","ts":7000413,"pid":3016969,"tid":3016969,"args":{"ID":1729382256910319619}},{"name":"FR(FeatureC)","cat":"Feature","ph":"B","ts":7000413,"pid":3016969,"tid":3016969,"args":{"ID":1729382256910368771}},{"name":"FR(FeatureD)","cat":"Feature","ph":"B","ts":7000414,"pid":3016969,"tid":3016969,"args":{"ID":1729382256910385155}},{"name":"FR(FeatureC)","cat":"Feature","ph":"E","ts":7000436,"pid":3016969,"tid":3016969,"args":{"ID":1729382256910368771}},{"name":"FR(FeatureD)","cat":"Feature","ph":"E","ts":7000436,"pid":3016969,"tid":3016969,"args":{"ID":1729382256910385155}},{"name":"Base","cat":"Feature","ph":"E","ts":7000437,"pid":3016969,"tid":3016969,"args":{"ID":0}}],"stackFrames":{},"timestampUnit":"us"}