{ "traceEvents":[{"name":"Base","cat":"Feature","ph":"B","ts":0,"pid":3054293,"tid":3054293,"args":{"ID":0}},{"name":"FR(FeatureA)","cat":"Feature","ph":"B","ts":2000132,"pid":3054293,"tid":3054293,"args":{"ID":1729382256910270467}},{"name":"FR(FeatureA)","cat":"Feature","ph":"E","ts":4000224,"pid":3054293,"tid":3054293,"args":{"ID":1729382256910270467}},{"name":"FR(FeatureC)","cat":"Feature","ph":"B","ts":4000225,"pid":3054293,"tid":3054293,"args":{"ID":1729382256910303235}},{"name":"FR(FeatureC)","cat":"Feature","ph":"E","ts":5000306,"pid":3054293,"tid":3054293,"args":{"ID":1729382256910303235}},{"name":"FR(FeatureD)","cat":"Feature","ph":"B","ts":5000313,"pid":3054293,"tid":3054293,"args":{"ID":1729382256910319619}},{"name":"FR(FeatureD)","cat":"Feature","ph":"E","ts":7000413,"pid":3054293,"tid":3054293,"args":{"ID":1729382256910319619}},{"name":"FR(FeatureC)","cat":"Feature","ph":"B","ts":7000413,"pid":3054293,"tid":3054293,"args":{"ID":1729382256910368771}},{"name":"FR(FeatureD)","cat":"Feature","ph":"B","ts":7000414,"pid":3054293,"tid":3054293,"args":{"ID":1729382256910385155}},{"name":"FR(FeatureC)","cat":"Feature","ph":"E","ts":7000446,"pid":3054293,"tid":3054293,"args":{"ID":1729382256910368771}},{"name":"FR(FeatureD)","cat":"Feature","ph":"E","ts":7000447,"pid":3054293,"tid":3054293,"args":{"ID":1729382256910385155}},{"name":"Base","cat":"Feature","ph":"E","ts":7000447,"pid":3054293,"tid":3054293,"args":{"ID":0}}],"stackFrames":{},"timestampUnit":"us"}