{ "traceEvents":[{"name":"Base","cat":"Feature","ph":"B","ts":0,"pid":3090551,"tid":3090551,"args":{"ID":0}},{"name":"FR(FeatureA)","cat":"Feature","ph":"B","ts":2000110,"pid":3090551,"tid":3090551,"args":{"ID":1729382256910270467}},{"name":"FR(FeatureA)","cat":"Feature","ph":"E","ts":4000221,"pid":3090551,"tid":3090551,"args":{"ID":1729382256910270467}},{"name":"FR(FeatureC)","cat":"Feature","ph":"B","ts":4000222,"pid":3090551,"tid":3090551,"args":{"ID":1729382256910303235}},{"name":"FR(FeatureC)","cat":"Feature","ph":"E","ts":5000345,"pid":3090551,"tid":3090551,"args":{"ID":1729382256910303235}},{"name":"FR(FeatureD)","cat":"Feature","ph":"B","ts":5000351,"pid":3090551,"tid":3090551,"args":{"ID":1729382256910319619}},{"name":"FR(FeatureD)","cat":"Feature","ph":"E","ts":7000466,"pid":3090551,"tid":3090551,"args":{"ID":1729382256910319619}},{"name":"FR(FeatureC)","cat":"Feature","ph":"B","ts":7000468,"pid":3090551,"tid":3090551,"args":{"ID":1729382256910368771}},{"name":"FR(FeatureD)","cat":"Feature","ph":"B","ts":7000469,"pid":3090551,"tid":3090551,"args":{"ID":1729382256910385155}},{"name":"FR(FeatureC)","cat":"Feature","ph":"E","ts":7000497,"pid":3090551,"tid":3090551,"args":{"ID":1729382256910368771}},{"name":"FR(FeatureD)","cat":"Feature","ph":"E","ts":7000498,"pid":3090551,"tid":3090551,"args":{"ID":1729382256910385155}},{"name":"Base","cat":"Feature","ph":"E","ts":7000498,"pid":3090551,"tid":3090551,"args":{"ID":0}}],"stackFrames":{},"timestampUnit":"us"}