{ "traceEvents":[{"name":"Base","cat":"Feature","ph":"B","ts":0,"pid":3036772,"tid":3036772,"args":{"ID":0}},{"name":"FR(FeatureA)","cat":"Feature","ph":"B","ts":2000115,"pid":3036772,"tid":3036772,"args":{"ID":1729382256910270467}},{"name":"FR(FeatureA)","cat":"Feature","ph":"E","ts":4000211,"pid":3036772,"tid":3036772,"args":{"ID":1729382256910270467}},{"name":"FR(FeatureC)","cat":"Feature","ph":"B","ts":4000211,"pid":3036772,"tid":3036772,"args":{"ID":1729382256910303235}},{"name":"FR(FeatureC)","cat":"Feature","ph":"E","ts":5000293,"pid":3036772,"tid":3036772,"args":{"ID":1729382256910303235}},{"name":"FR(FeatureD)","cat":"Feature","ph":"B","ts":5000299,"pid":3036772,"tid":3036772,"args":{"ID":1729382256910319619}},{"name":"FR(FeatureD)","cat":"Feature","ph":"E","ts":7000396,"pid":3036772,"tid":3036772,"args":{"ID":1729382256910319619}},{"name":"FR(FeatureC)","cat":"Feature","ph":"B","ts":7000396,"pid":3036772,"tid":3036772,"args":{"ID":1729382256910368771}},{"name":"FR(FeatureD)","cat":"Feature","ph":"B","ts":7000397,"pid":3036772,"tid":3036772,"args":{"ID":1729382256910385155}},{"name":"FR(FeatureC)","cat":"Feature","ph":"E","ts":7000420,"pid":3036772,"tid":3036772,"args":{"ID":1729382256910368771}},{"name":"FR(FeatureD)","cat":"Feature","ph":"E","ts":7000421,"pid":3036772,"tid":3036772,"args":{"ID":1729382256910385155}},{"name":"Base","cat":"Feature","ph":"E","ts":7000421,"pid":3036772,"tid":3036772,"args":{"ID":0}}],"stackFrames":{},"timestampUnit":"us"}