{ "traceEvents":[{"name":"Base","cat":"Feature","ph":"B","ts":0,"pid":3009122,"tid":3009122,"args":{"ID":0}},{"name":"FR(FeatureA)","cat":"Feature","ph":"B","ts":2000119,"pid":3009122,"tid":3009122,"args":{"ID":1729382256910270467}},{"name":"FR(FeatureA)","cat":"Feature","ph":"E","ts":4000217,"pid":3009122,"tid":3009122,"args":{"ID":1729382256910270467}},{"name":"FR(FeatureC)","cat":"Feature","ph":"B","ts":4000217,"pid":3009122,"tid":3009122,"args":{"ID":1729382256910303235}},{"name":"FR(FeatureC)","cat":"Feature","ph":"E","ts":5000321,"pid":3009122,"tid":3009122,"args":{"ID":1729382256910303235}},{"name":"FR(FeatureD)","cat":"Feature","ph":"B","ts":5000326,"pid":3009122,"tid":3009122,"args":{"ID":1729382256910319619}},{"name":"FR(FeatureD)","cat":"Feature","ph":"E","ts":7000439,"pid":3009122,"tid":3009122,"args":{"ID":1729382256910319619}},{"name":"FR(FeatureC)","cat":"Feature","ph":"B","ts":7000440,"pid":3009122,"tid":3009122,"args":{"ID":1729382256910368771}},{"name":"FR(FeatureD)","cat":"Feature","ph":"B","ts":7000440,"pid":3009122,"tid":3009122,"args":{"ID":1729382256910385155}},{"name":"FR(FeatureC)","cat":"Feature","ph":"E","ts":7000481,"pid":3009122,"tid":3009122,"args":{"ID":1729382256910368771}},{"name":"FR(FeatureD)","cat":"Feature","ph":"E","ts":7000481,"pid":3009122,"tid":3009122,"args":{"ID":1729382256910385155}},{"name":"Base","cat":"Feature","ph":"E","ts":7000482,"pid":3009122,"tid":3009122,"args":{"ID":0}}],"stackFrames":{},"timestampUnit":"us"}