{ "traceEvents":[{"name":"Base","cat":"Feature","ph":"B","ts":0,"pid":3033380,"tid":3033380,"args":{"ID":0}},{"name":"FR(FeatureA)","cat":"Feature","ph":"B","ts":2000102,"pid":3033380,"tid":3033380,"args":{"ID":1729382256910270467}},{"name":"FR(FeatureA)","cat":"Feature","ph":"E","ts":4000201,"pid":3033380,"tid":3033380,"args":{"ID":1729382256910270467}},{"name":"FR(FeatureC)","cat":"Feature","ph":"B","ts":4000202,"pid":3033380,"tid":3033380,"args":{"ID":1729382256910303235}},{"name":"FR(FeatureC)","cat":"Feature","ph":"E","ts":5000317,"pid":3033380,"tid":3033380,"args":{"ID":1729382256910303235}},{"name":"FR(FeatureD)","cat":"Feature","ph":"B","ts":5000323,"pid":3033380,"tid":3033380,"args":{"ID":1729382256910319619}},{"name":"FR(FeatureD)","cat":"Feature","ph":"E","ts":7000426,"pid":3033380,"tid":3033380,"args":{"ID":1729382256910319619}},{"name":"FR(FeatureC)","cat":"Feature","ph":"B","ts":7000426,"pid":3033380,"tid":3033380,"args":{"ID":1729382256910368771}},{"name":"FR(FeatureD)","cat":"Feature","ph":"B","ts":7000427,"pid":3033380,"tid":3033380,"args":{"ID":1729382256910385155}},{"name":"FR(FeatureC)","cat":"Feature","ph":"E","ts":7000450,"pid":3033380,"tid":3033380,"args":{"ID":1729382256910368771}},{"name":"FR(FeatureD)","cat":"Feature","ph":"E","ts":7000450,"pid":3033380,"tid":3033380,"args":{"ID":1729382256910385155}},{"name":"Base","cat":"Feature","ph":"E","ts":7000451,"pid":3033380,"tid":3033380,"args":{"ID":0}}],"stackFrames":{},"timestampUnit":"us"}