{ "traceEvents":[{"name":"Base","cat":"Feature","ph":"B","ts":0,"pid":3011755,"tid":3011755,"args":{"ID":0}},{"name":"FR(FeatureA)","cat":"Feature","ph":"B","ts":2000121,"pid":3011755,"tid":3011755,"args":{"ID":1729382256910270467}},{"name":"FR(FeatureA)","cat":"Feature","ph":"E","ts":4000215,"pid":3011755,"tid":3011755,"args":{"ID":1729382256910270467}},{"name":"FR(FeatureC)","cat":"Feature","ph":"B","ts":4000215,"pid":3011755,"tid":3011755,"args":{"ID":1729382256910303235}},{"name":"FR(FeatureC)","cat":"Feature","ph":"E","ts":5000321,"pid":3011755,"tid":3011755,"args":{"ID":1729382256910303235}},{"name":"FR(FeatureD)","cat":"Feature","ph":"B","ts":5000327,"pid":3011755,"tid":3011755,"args":{"ID":1729382256910319619}},{"name":"FR(FeatureD)","cat":"Feature","ph":"E","ts":7000443,"pid":3011755,"tid":3011755,"args":{"ID":1729382256910319619}},{"name":"FR(FeatureC)","cat":"Feature","ph":"B","ts":7000444,"pid":3011755,"tid":3011755,"args":{"ID":1729382256910368771}},{"name":"FR(FeatureD)","cat":"Feature","ph":"B","ts":7000445,"pid":3011755,"tid":3011755,"args":{"ID":1729382256910385155}},{"name":"FR(FeatureC)","cat":"Feature","ph":"E","ts":7000476,"pid":3011755,"tid":3011755,"args":{"ID":1729382256910368771}},{"name":"FR(FeatureD)","cat":"Feature","ph":"E","ts":7000476,"pid":3011755,"tid":3011755,"args":{"ID":1729382256910385155}},{"name":"Base","cat":"Feature","ph":"E","ts":7000477,"pid":3011755,"tid":3011755,"args":{"ID":0}}],"stackFrames":{},"timestampUnit":"us"}