{ "traceEvents":[{"name":"Base","cat":"Feature","ph":"B","ts":0,"pid":3077529,"tid":3077529,"args":{"ID":0}},{"name":"FR(FeatureA)","cat":"Feature","ph":"B","ts":2000117,"pid":3077529,"tid":3077529,"args":{"ID":1729382256910270467}},{"name":"FR(FeatureA)","cat":"Feature","ph":"E","ts":4000210,"pid":3077529,"tid":3077529,"args":{"ID":1729382256910270467}},{"name":"FR(FeatureC)","cat":"Feature","ph":"B","ts":4000210,"pid":3077529,"tid":3077529,"args":{"ID":1729382256910303235}},{"name":"FR(FeatureC)","cat":"Feature","ph":"E","ts":5000306,"pid":3077529,"tid":3077529,"args":{"ID":1729382256910303235}},{"name":"FR(FeatureD)","cat":"Feature","ph":"B","ts":5000310,"pid":3077529,"tid":3077529,"args":{"ID":1729382256910319619}},{"name":"FR(FeatureD)","cat":"Feature","ph":"E","ts":7000419,"pid":3077529,"tid":3077529,"args":{"ID":1729382256910319619}},{"name":"FR(FeatureC)","cat":"Feature","ph":"B","ts":7000421,"pid":3077529,"tid":3077529,"args":{"ID":1729382256910368771}},{"name":"FR(FeatureD)","cat":"Feature","ph":"B","ts":7000421,"pid":3077529,"tid":3077529,"args":{"ID":1729382256910385155}},{"name":"FR(FeatureC)","cat":"Feature","ph":"E","ts":7000445,"pid":3077529,"tid":3077529,"args":{"ID":1729382256910368771}},{"name":"FR(FeatureD)","cat":"Feature","ph":"E","ts":7000446,"pid":3077529,"tid":3077529,"args":{"ID":1729382256910385155}},{"name":"Base","cat":"Feature","ph":"E","ts":7000446,"pid":3077529,"tid":3077529,"args":{"ID":0}}],"stackFrames":{},"timestampUnit":"us"}