{ "traceEvents":[{"name":"Base","cat":"Feature","ph":"B","ts":0,"pid":3097699,"tid":3097699,"args":{"ID":0}},{"name":"FR(FeatureA)","cat":"Feature","ph":"B","ts":2000122,"pid":3097699,"tid":3097699,"args":{"ID":1729382256910270467}},{"name":"FR(FeatureA)","cat":"Feature","ph":"E","ts":4000218,"pid":3097699,"tid":3097699,"args":{"ID":1729382256910270467}},{"name":"FR(FeatureC)","cat":"Feature","ph":"B","ts":4000219,"pid":3097699,"tid":3097699,"args":{"ID":1729382256910303235}},{"name":"FR(FeatureC)","cat":"Feature","ph":"E","ts":5000320,"pid":3097699,"tid":3097699,"args":{"ID":1729382256910303235}},{"name":"FR(FeatureD)","cat":"Feature","ph":"B","ts":5000326,"pid":3097699,"tid":3097699,"args":{"ID":1729382256910319619}},{"name":"FR(FeatureD)","cat":"Feature","ph":"E","ts":7000433,"pid":3097699,"tid":3097699,"args":{"ID":1729382256910319619}},{"name":"FR(FeatureC)","cat":"Feature","ph":"B","ts":7000435,"pid":3097699,"tid":3097699,"args":{"ID":1729382256910368771}},{"name":"FR(FeatureD)","cat":"Feature","ph":"B","ts":7000435,"pid":3097699,"tid":3097699,"args":{"ID":1729382256910385155}},{"name":"FR(FeatureC)","cat":"Feature","ph":"E","ts":7000461,"pid":3097699,"tid":3097699,"args":{"ID":1729382256910368771}},{"name":"FR(FeatureD)","cat":"Feature","ph":"E","ts":7000462,"pid":3097699,"tid":3097699,"args":{"ID":1729382256910385155}},{"name":"Base","cat":"Feature","ph":"E","ts":7000462,"pid":3097699,"tid":3097699,"args":{"ID":0}}],"stackFrames":{},"timestampUnit":"us"}