{ "traceEvents":[{"name":"Base","cat":"Feature","ph":"B","ts":0,"pid":3057383,"tid":3057383,"args":{"ID":0}},{"name":"FR(FeatureA)","cat":"Feature","ph":"B","ts":2000120,"pid":3057383,"tid":3057383,"args":{"ID":1729382256910270467}},{"name":"FR(FeatureA)","cat":"Feature","ph":"E","ts":4000213,"pid":3057383,"tid":3057383,"args":{"ID":1729382256910270467}},{"name":"FR(FeatureC)","cat":"Feature","ph":"B","ts":4000213,"pid":3057383,"tid":3057383,"args":{"ID":1729382256910303235}},{"name":"FR(FeatureC)","cat":"Feature","ph":"E","ts":5000310,"pid":3057383,"tid":3057383,"args":{"ID":1729382256910303235}},{"name":"FR(FeatureD)","cat":"Feature","ph":"B","ts":5000314,"pid":3057383,"tid":3057383,"args":{"ID":1729382256910319619}},{"name":"FR(FeatureD)","cat":"Feature","ph":"E","ts":7000404,"pid":3057383,"tid":3057383,"args":{"ID":1729382256910319619}},{"name":"FR(FeatureC)","cat":"Feature","ph":"B","ts":7000405,"pid":3057383,"tid":3057383,"args":{"ID":1729382256910368771}},{"name":"FR(FeatureD)","cat":"Feature","ph":"B","ts":7000405,"pid":3057383,"tid":3057383,"args":{"ID":1729382256910385155}},{"name":"FR(FeatureC)","cat":"Feature","ph":"E","ts":7000423,"pid":3057383,"tid":3057383,"args":{"ID":1729382256910368771}},{"name":"FR(FeatureD)","cat":"Feature","ph":"E","ts":7000424,"pid":3057383,"tid":3057383,"args":{"ID":1729382256910385155}},{"name":"Base","cat":"Feature","ph":"E","ts":7000424,"pid":3057383,"tid":3057383,"args":{"ID":0}}],"stackFrames":{},"timestampUnit":"us"}