{ "traceEvents":[{"name":"Base","cat":"Feature","ph":"B","ts":0,"pid":3070629,"tid":3070629,"args":{"ID":0}},{"name":"FR(FeatureA)","cat":"Feature","ph":"B","ts":2000133,"pid":3070629,"tid":3070629,"args":{"ID":1729382256910270467}},{"name":"FR(FeatureA)","cat":"Feature","ph":"E","ts":4000248,"pid":3070629,"tid":3070629,"args":{"ID":1729382256910270467}},{"name":"FR(FeatureC)","cat":"Feature","ph":"B","ts":4000249,"pid":3070629,"tid":3070629,"args":{"ID":1729382256910303235}},{"name":"FR(FeatureC)","cat":"Feature","ph":"E","ts":5000361,"pid":3070629,"tid":3070629,"args":{"ID":1729382256910303235}},{"name":"FR(FeatureD)","cat":"Feature","ph":"B","ts":5000367,"pid":3070629,"tid":3070629,"args":{"ID":1729382256910319619}},{"name":"FR(FeatureD)","cat":"Feature","ph":"E","ts":7000488,"pid":3070629,"tid":3070629,"args":{"ID":1729382256910319619}},{"name":"FR(FeatureC)","cat":"Feature","ph":"B","ts":7000490,"pid":3070629,"tid":3070629,"args":{"ID":1729382256910368771}},{"name":"FR(FeatureD)","cat":"Feature","ph":"B","ts":7000491,"pid":3070629,"tid":3070629,"args":{"ID":1729382256910385155}},{"name":"FR(FeatureC)","cat":"Feature","ph":"E","ts":7000519,"pid":3070629,"tid":3070629,"args":{"ID":1729382256910368771}},{"name":"FR(FeatureD)","cat":"Feature","ph":"E","ts":7000519,"pid":3070629,"tid":3070629,"args":{"ID":1729382256910385155}},{"name":"Base","cat":"Feature","ph":"E","ts":7000520,"pid":3070629,"tid":3070629,"args":{"ID":0}}],"stackFrames":{},"timestampUnit":"us"}