{ "traceEvents":[{"name":"Base","cat":"Feature","ph":"B","ts":0,"pid":3029520,"tid":3029520,"args":{"ID":0}},{"name":"FR(FeatureA)","cat":"Feature","ph":"B","ts":2000124,"pid":3029520,"tid":3029520,"args":{"ID":1729382256910270467}},{"name":"FR(FeatureA)","cat":"Feature","ph":"E","ts":4000216,"pid":3029520,"tid":3029520,"args":{"ID":1729382256910270467}},{"name":"FR(FeatureC)","cat":"Feature","ph":"B","ts":4000217,"pid":3029520,"tid":3029520,"args":{"ID":1729382256910303235}},{"name":"FR(FeatureC)","cat":"Feature","ph":"E","ts":5000303,"pid":3029520,"tid":3029520,"args":{"ID":1729382256910303235}},{"name":"FR(FeatureD)","cat":"Feature","ph":"B","ts":5000312,"pid":3029520,"tid":3029520,"args":{"ID":1729382256910319619}},{"name":"FR(FeatureD)","cat":"Feature","ph":"E","ts":7000416,"pid":3029520,"tid":3029520,"args":{"ID":1729382256910319619}},{"name":"FR(FeatureC)","cat":"Feature","ph":"B","ts":7000417,"pid":3029520,"tid":3029520,"args":{"ID":1729382256910368771}},{"name":"FR(FeatureD)","cat":"Feature","ph":"B","ts":7000417,"pid":3029520,"tid":3029520,"args":{"ID":1729382256910385155}},{"name":"FR(FeatureC)","cat":"Feature","ph":"E","ts":7000442,"pid":3029520,"tid":3029520,"args":{"ID":1729382256910368771}},{"name":"FR(FeatureD)","cat":"Feature","ph":"E","ts":7000443,"pid":3029520,"tid":3029520,"args":{"ID":1729382256910385155}},{"name":"Base","cat":"Feature","ph":"E","ts":7000443,"pid":3029520,"tid":3029520,"args":{"ID":0}}],"stackFrames":{},"timestampUnit":"us"}