{ "traceEvents":[{"name":"Base","cat":"Feature","ph":"B","ts":0,"pid":3026256,"tid":3026256,"args":{"ID":0}},{"name":"FR(FeatureA)","cat":"Feature","ph":"B","ts":2000115,"pid":3026256,"tid":3026256,"args":{"ID":1729382256910270467}},{"name":"FR(FeatureA)","cat":"Feature","ph":"E","ts":4000205,"pid":3026256,"tid":3026256,"args":{"ID":1729382256910270467}},{"name":"FR(FeatureC)","cat":"Feature","ph":"B","ts":4000205,"pid":3026256,"tid":3026256,"args":{"ID":1729382256910303235}},{"name":"FR(FeatureC)","cat":"Feature","ph":"E","ts":5000303,"pid":3026256,"tid":3026256,"args":{"ID":1729382256910303235}},{"name":"FR(FeatureD)","cat":"Feature","ph":"B","ts":5000308,"pid":3026256,"tid":3026256,"args":{"ID":1729382256910319619}},{"name":"FR(FeatureD)","cat":"Feature","ph":"E","ts":7000411,"pid":3026256,"tid":3026256,"args":{"ID":1729382256910319619}},{"name":"FR(FeatureC)","cat":"Feature","ph":"B","ts":7000413,"pid":3026256,"tid":3026256,"args":{"ID":1729382256910368771}},{"name":"FR(FeatureD)","cat":"Feature","ph":"B","ts":7000413,"pid":3026256,"tid":3026256,"args":{"ID":1729382256910385155}},{"name":"FR(FeatureC)","cat":"Feature","ph":"E","ts":7000442,"pid":3026256,"tid":3026256,"args":{"ID":1729382256910368771}},{"name":"FR(FeatureD)","cat":"Feature","ph":"E","ts":7000442,"pid":3026256,"tid":3026256,"args":{"ID":1729382256910385155}},{"name":"Base","cat":"Feature","ph":"E","ts":7000443,"pid":3026256,"tid":3026256,"args":{"ID":0}}],"stackFrames":{},"timestampUnit":"us"}