{ "traceEvents":[{"name":"Base","cat":"Feature","ph":"B","ts":0,"pid":3019844,"tid":3019844,"args":{"ID":0}},{"name":"FR(FeatureA)","cat":"Feature","ph":"B","ts":2000121,"pid":3019844,"tid":3019844,"args":{"ID":1729382256910270467}},{"name":"FR(FeatureA)","cat":"Feature","ph":"E","ts":4000232,"pid":3019844,"tid":3019844,"args":{"ID":1729382256910270467}},{"name":"FR(FeatureC)","cat":"Feature","ph":"B","ts":4000233,"pid":3019844,"tid":3019844,"args":{"ID":1729382256910303235}},{"name":"FR(FeatureC)","cat":"Feature","ph":"E","ts":5000318,"pid":3019844,"tid":3019844,"args":{"ID":1729382256910303235}},{"name":"FR(FeatureD)","cat":"Feature","ph":"B","ts":5000331,"pid":3019844,"tid":3019844,"args":{"ID":1729382256910319619}},{"name":"FR(FeatureD)","cat":"Feature","ph":"E","ts":7000435,"pid":3019844,"tid":3019844,"args":{"ID":1729382256910319619}},{"name":"FR(FeatureC)","cat":"Feature","ph":"B","ts":7000436,"pid":3019844,"tid":3019844,"args":{"ID":1729382256910368771}},{"name":"FR(FeatureD)","cat":"Feature","ph":"B","ts":7000437,"pid":3019844,"tid":3019844,"args":{"ID":1729382256910385155}},{"name":"FR(FeatureC)","cat":"Feature","ph":"E","ts":7000464,"pid":3019844,"tid":3019844,"args":{"ID":1729382256910368771}},{"name":"FR(FeatureD)","cat":"Feature","ph":"E","ts":7000465,"pid":3019844,"tid":3019844,"args":{"ID":1729382256910385155}},{"name":"Base","cat":"Feature","ph":"E","ts":7000466,"pid":3019844,"tid":3019844,"args":{"ID":0}}],"stackFrames":{},"timestampUnit":"us"}