{ "traceEvents":[{"name":"Base","cat":"Feature","ph":"B","ts":0,"pid":3094183,"tid":3094183,"args":{"ID":0}},{"name":"FR(FeatureA)","cat":"Feature","ph":"B","ts":2000122,"pid":3094183,"tid":3094183,"args":{"ID":1729382256910270467}},{"name":"FR(FeatureA)","cat":"Feature","ph":"E","ts":4000223,"pid":3094183,"tid":3094183,"args":{"ID":1729382256910270467}},{"name":"FR(FeatureC)","cat":"Feature","ph":"B","ts":4000223,"pid":3094183,"tid":3094183,"args":{"ID":1729382256910303235}},{"name":"FR(FeatureC)","cat":"Feature","ph":"E","ts":5000328,"pid":3094183,"tid":3094183,"args":{"ID":1729382256910303235}},{"name":"FR(FeatureD)","cat":"Feature","ph":"B","ts":5000334,"pid":3094183,"tid":3094183,"args":{"ID":1729382256910319619}},{"name":"FR(FeatureD)","cat":"Feature","ph":"E","ts":7000446,"pid":3094183,"tid":3094183,"args":{"ID":1729382256910319619}},{"name":"FR(FeatureC)","cat":"Feature","ph":"B","ts":7000447,"pid":3094183,"tid":3094183,"args":{"ID":1729382256910368771}},{"name":"FR(FeatureD)","cat":"Feature","ph":"B","ts":7000448,"pid":3094183,"tid":3094183,"args":{"ID":1729382256910385155}},{"name":"FR(FeatureC)","cat":"Feature","ph":"E","ts":7000485,"pid":3094183,"tid":3094183,"args":{"ID":1729382256910368771}},{"name":"FR(FeatureD)","cat":"Feature","ph":"E","ts":7000486,"pid":3094183,"tid":3094183,"args":{"ID":1729382256910385155}},{"name":"Base","cat":"Feature","ph":"E","ts":7000486,"pid":3094183,"tid":3094183,"args":{"ID":0}}],"stackFrames":{},"timestampUnit":"us"}