{ "traceEvents":[{"name":"Base","cat":"Feature","ph":"B","ts":0,"pid":3039772,"tid":3039772,"args":{"ID":0}},{"name":"FR(FeatureA)","cat":"Feature","ph":"B","ts":2000131,"pid":3039772,"tid":3039772,"args":{"ID":1729382256910270467}},{"name":"FR(FeatureA)","cat":"Feature","ph":"E","ts":4000239,"pid":3039772,"tid":3039772,"args":{"ID":1729382256910270467}},{"name":"FR(FeatureC)","cat":"Feature","ph":"B","ts":4000240,"pid":3039772,"tid":3039772,"args":{"ID":1729382256910303235}},{"name":"FR(FeatureC)","cat":"Feature","ph":"E","ts":5000350,"pid":3039772,"tid":3039772,"args":{"ID":1729382256910303235}},{"name":"FR(FeatureD)","cat":"Feature","ph":"B","ts":5000356,"pid":3039772,"tid":3039772,"args":{"ID":1729382256910319619}},{"name":"FR(FeatureD)","cat":"Feature","ph":"E","ts":7000471,"pid":3039772,"tid":3039772,"args":{"ID":1729382256910319619}},{"name":"FR(FeatureC)","cat":"Feature","ph":"B","ts":7000473,"pid":3039772,"tid":3039772,"args":{"ID":1729382256910368771}},{"name":"FR(FeatureD)","cat":"Feature","ph":"B","ts":7000474,"pid":3039772,"tid":3039772,"args":{"ID":1729382256910385155}},{"name":"FR(FeatureC)","cat":"Feature","ph":"E","ts":7000500,"pid":3039772,"tid":3039772,"args":{"ID":1729382256910368771}},{"name":"FR(FeatureD)","cat":"Feature","ph":"E","ts":7000501,"pid":3039772,"tid":3039772,"args":{"ID":1729382256910385155}},{"name":"Base","cat":"Feature","ph":"E","ts":7000501,"pid":3039772,"tid":3039772,"args":{"ID":0}}],"stackFrames":{},"timestampUnit":"us"}