{ "traceEvents":[{"name":"Base","cat":"Feature","ph":"B","ts":0,"pid":3083755,"tid":3083755,"args":{"ID":0}},{"name":"FR(FeatureA)","cat":"Feature","ph":"B","ts":2000130,"pid":3083755,"tid":3083755,"args":{"ID":1729382256910270467}},{"name":"FR(FeatureA)","cat":"Feature","ph":"E","ts":4000225,"pid":3083755,"tid":3083755,"args":{"ID":1729382256910270467}},{"name":"FR(FeatureC)","cat":"Feature","ph":"B","ts":4000226,"pid":3083755,"tid":3083755,"args":{"ID":1729382256910303235}},{"name":"FR(FeatureC)","cat":"Feature","ph":"E","ts":5000325,"pid":3083755,"tid":3083755,"args":{"ID":1729382256910303235}},{"name":"FR(FeatureD)","cat":"Feature","ph":"B","ts":5000330,"pid":3083755,"tid":3083755,"args":{"ID":1729382256910319619}},{"name":"FR(FeatureD)","cat":"Feature","ph":"E","ts":7000453,"pid":3083755,"tid":3083755,"args":{"ID":1729382256910319619}},{"name":"FR(FeatureC)","cat":"Feature","ph":"B","ts":7000453,"pid":3083755,"tid":3083755,"args":{"ID":1729382256910368771}},{"name":"FR(FeatureD)","cat":"Feature","ph":"B","ts":7000454,"pid":3083755,"tid":3083755,"args":{"ID":1729382256910385155}},{"name":"FR(FeatureC)","cat":"Feature","ph":"E","ts":7000482,"pid":3083755,"tid":3083755,"args":{"ID":1729382256910368771}},{"name":"FR(FeatureD)","cat":"Feature","ph":"E","ts":7000483,"pid":3083755,"tid":3083755,"args":{"ID":1729382256910385155}},{"name":"Base","cat":"Feature","ph":"E","ts":7000484,"pid":3083755,"tid":3083755,"args":{"ID":0}}],"stackFrames":{},"timestampUnit":"us"}