{ "traceEvents":[{"name":"Base","cat":"Feature","ph":"B","ts":0,"pid":3047319,"tid":3047319,"args":{"ID":0}},{"name":"FR(FeatureA)","cat":"Feature","ph":"B","ts":2000118,"pid":3047319,"tid":3047319,"args":{"ID":1729382256910270467}},{"name":"FR(FeatureA)","cat":"Feature","ph":"E","ts":4000210,"pid":3047319,"tid":3047319,"args":{"ID":1729382256910270467}},{"name":"FR(FeatureC)","cat":"Feature","ph":"B","ts":4000211,"pid":3047319,"tid":3047319,"args":{"ID":1729382256910303235}},{"name":"FR(FeatureC)","cat":"Feature","ph":"E","ts":5000297,"pid":3047319,"tid":3047319,"args":{"ID":1729382256910303235}},{"name":"FR(FeatureD)","cat":"Feature","ph":"B","ts":5000305,"pid":3047319,"tid":3047319,"args":{"ID":1729382256910319619}},{"name":"FR(FeatureD)","cat":"Feature","ph":"E","ts":7000413,"pid":3047319,"tid":3047319,"args":{"ID":1729382256910319619}},{"name":"FR(FeatureC)","cat":"Feature","ph":"B","ts":7000414,"pid":3047319,"tid":3047319,"args":{"ID":1729382256910368771}},{"name":"FR(FeatureD)","cat":"Feature","ph":"B","ts":7000415,"pid":3047319,"tid":3047319,"args":{"ID":1729382256910385155}},{"name":"FR(FeatureC)","cat":"Feature","ph":"E","ts":7000441,"pid":3047319,"tid":3047319,"args":{"ID":1729382256910368771}},{"name":"FR(FeatureD)","cat":"Feature","ph":"E","ts":7000442,"pid":3047319,"tid":3047319,"args":{"ID":1729382256910385155}},{"name":"Base","cat":"Feature","ph":"E","ts":7000443,"pid":3047319,"tid":3047319,"args":{"ID":0}}],"stackFrames":{},"timestampUnit":"us"}