{ "traceEvents":[{"name":"Base","cat":"Feature","ph":"B","ts":0,"pid":3073875,"tid":3073875,"args":{"ID":0}},{"name":"FR(FeatureA)","cat":"Feature","ph":"B","ts":2000114,"pid":3073875,"tid":3073875,"args":{"ID":1729382256910270467}},{"name":"FR(FeatureA)","cat":"Feature","ph":"E","ts":4000229,"pid":3073875,"tid":3073875,"args":{"ID":1729382256910270467}},{"name":"FR(FeatureC)","cat":"Feature","ph":"B","ts":4000230,"pid":3073875,"tid":3073875,"args":{"ID":1729382256910303235}},{"name":"FR(FeatureC)","cat":"Feature","ph":"E","ts":5000311,"pid":3073875,"tid":3073875,"args":{"ID":1729382256910303235}},{"name":"FR(FeatureD)","cat":"Feature","ph":"B","ts":5000317,"pid":3073875,"tid":3073875,"args":{"ID":1729382256910319619}},{"name":"FR(FeatureD)","cat":"Feature","ph":"E","ts":7000427,"pid":3073875,"tid":3073875,"args":{"ID":1729382256910319619}},{"name":"FR(FeatureC)","cat":"Feature","ph":"B","ts":7000427,"pid":3073875,"tid":3073875,"args":{"ID":1729382256910368771}},{"name":"FR(FeatureD)","cat":"Feature","ph":"B","ts":7000428,"pid":3073875,"tid":3073875,"args":{"ID":1729382256910385155}},{"name":"FR(FeatureC)","cat":"Feature","ph":"E","ts":7000455,"pid":3073875,"tid":3073875,"args":{"ID":1729382256910368771}},{"name":"FR(FeatureD)","cat":"Feature","ph":"E","ts":7000456,"pid":3073875,"tid":3073875,"args":{"ID":1729382256910385155}},{"name":"Base","cat":"Feature","ph":"E","ts":7000456,"pid":3073875,"tid":3073875,"args":{"ID":0}}],"stackFrames":{},"timestampUnit":"us"}