{ "traceEvents":[{"name":"Base","cat":"Feature","ph":"B","ts":0,"pid":3060441,"tid":3060441,"args":{"ID":0}},{"name":"FR(FeatureA)","cat":"Feature","ph":"B","ts":2000118,"pid":3060441,"tid":3060441,"args":{"ID":1729382256910270467}},{"name":"FR(FeatureA)","cat":"Feature","ph":"E","ts":4000229,"pid":3060441,"tid":3060441,"args":{"ID":1729382256910270467}},{"name":"FR(FeatureC)","cat":"Feature","ph":"B","ts":4000229,"pid":3060441,"tid":3060441,"args":{"ID":1729382256910303235}},{"name":"FR(FeatureC)","cat":"Feature","ph":"E","ts":5000339,"pid":3060441,"tid":3060441,"args":{"ID":1729382256910303235}},{"name":"FR(FeatureD)","cat":"Feature","ph":"B","ts":5000345,"pid":3060441,"tid":3060441,"args":{"ID":1729382256910319619}},{"name":"FR(FeatureD)","cat":"Feature","ph":"E","ts":7000458,"pid":3060441,"tid":3060441,"args":{"ID":1729382256910319619}},{"name":"FR(FeatureC)","cat":"Feature","ph":"B","ts":7000460,"pid":3060441,"tid":3060441,"args":{"ID":1729382256910368771}},{"name":"FR(FeatureD)","cat":"Feature","ph":"B","ts":7000460,"pid":3060441,"tid":3060441,"args":{"ID":1729382256910385155}},{"name":"FR(FeatureC)","cat":"Feature","ph":"E","ts":7000487,"pid":3060441,"tid":3060441,"args":{"ID":1729382256910368771}},{"name":"FR(FeatureD)","cat":"Feature","ph":"E","ts":7000488,"pid":3060441,"tid":3060441,"args":{"ID":1729382256910385155}},{"name":"Base","cat":"Feature","ph":"E","ts":7000489,"pid":3060441,"tid":3060441,"args":{"ID":0}}],"stackFrames":{},"timestampUnit":"us"}