{ "traceEvents":[{"name":"Base","cat":"Feature","ph":"B","ts":0,"pid":2453963,"tid":2453963,"args":{"ID":0}},{"name":"FR(FeatureA)","cat":"Feature","ph":"B","ts":2000101,"pid":2453963,"tid":2453963,"args":{"ID":1729382256910270467}},{"name":"FR(FeatureA)","cat":"Feature","ph":"E","ts":3000194,"pid":2453963,"tid":2453963,"args":{"ID":1729382256910270467}},{"name":"FR(FeatureD)","cat":"Feature","ph":"B","ts":3000194,"pid":2453963,"tid":2453963,"args":{"ID":1729382256910319619}},{"name":"FR(FeatureD)","cat":"Feature","ph":"E","ts":5000277,"pid":2453963,"tid":2453963,"args":{"ID":1729382256910319619}},{"name":"FR(FeatureA)","cat":"Feature","ph":"B","ts":5000283,"pid":2453963,"tid":2453963,"args":{"ID":1729382256910336003}},{"name":"FR(FeatureA)","cat":"Feature","ph":"E","ts":5000284,"pid":2453963,"tid":2453963,"args":{"ID":1729382256910336003}},{"name":"Base","cat":"Feature","ph":"E","ts":5000284,"pid":2453963,"tid":2453963,"args":{"ID":0}}],"stackFrames":{},"timestampUnit":"us"}