{ "traceEvents":[{"name":"Base","cat":"Feature","ph":"B","ts":0,"pid":2456400,"tid":2456400,"args":{"ID":0}},{"name":"FR(FeatureA)","cat":"Feature","ph":"B","ts":2000109,"pid":2456400,"tid":2456400,"args":{"ID":1729382256910270467}},{"name":"FR(FeatureA)","cat":"Feature","ph":"E","ts":3000229,"pid":2456400,"tid":2456400,"args":{"ID":1729382256910270467}},{"name":"FR(FeatureD)","cat":"Feature","ph":"B","ts":3000229,"pid":2456400,"tid":2456400,"args":{"ID":1729382256910319619}},{"name":"FR(FeatureD)","cat":"Feature","ph":"E","ts":5000359,"pid":2456400,"tid":2456400,"args":{"ID":1729382256910319619}},{"name":"FR(FeatureA)","cat":"Feature","ph":"B","ts":5000371,"pid":2456400,"tid":2456400,"args":{"ID":1729382256910336003}},{"name":"FR(FeatureA)","cat":"Feature","ph":"E","ts":5000372,"pid":2456400,"tid":2456400,"args":{"ID":1729382256910336003}},{"name":"Base","cat":"Feature","ph":"E","ts":5000373,"pid":2456400,"tid":2456400,"args":{"ID":0}}],"stackFrames":{},"timestampUnit":"us"}