{ "traceEvents":[{"name":"Base","cat":"Feature","ph":"B","ts":0,"pid":2414907,"tid":2414907,"args":{"ID":0}},{"name":"FR(FeatureA)","cat":"Feature","ph":"B","ts":2000149,"pid":2414907,"tid":2414907,"args":{"ID":1729382256910270467}},{"name":"FR(FeatureA)","cat":"Feature","ph":"E","ts":3000280,"pid":2414907,"tid":2414907,"args":{"ID":1729382256910270467}},{"name":"FR(FeatureD)","cat":"Feature","ph":"B","ts":3000281,"pid":2414907,"tid":2414907,"args":{"ID":1729382256910319619}},{"name":"FR(FeatureD)","cat":"Feature","ph":"E","ts":5000407,"pid":2414907,"tid":2414907,"args":{"ID":1729382256910319619}},{"name":"FR(FeatureA)","cat":"Feature","ph":"B","ts":5000413,"pid":2414907,"tid":2414907,"args":{"ID":1729382256910336003}},{"name":"FR(FeatureA)","cat":"Feature","ph":"E","ts":5000413,"pid":2414907,"tid":2414907,"args":{"ID":1729382256910336003}},{"name":"Base","cat":"Feature","ph":"E","ts":5000414,"pid":2414907,"tid":2414907,"args":{"ID":0}}],"stackFrames":{},"timestampUnit":"us"}