{ "traceEvents":[{"name":"Base","cat":"Feature","ph":"B","ts":0,"pid":2425874,"tid":2425874,"args":{"ID":0}},{"name":"FR(FeatureA)","cat":"Feature","ph":"B","ts":2000141,"pid":2425874,"tid":2425874,"args":{"ID":1729382256910270467}},{"name":"FR(FeatureA)","cat":"Feature","ph":"E","ts":3000264,"pid":2425874,"tid":2425874,"args":{"ID":1729382256910270467}},{"name":"FR(FeatureD)","cat":"Feature","ph":"B","ts":3000265,"pid":2425874,"tid":2425874,"args":{"ID":1729382256910319619}},{"name":"FR(FeatureD)","cat":"Feature","ph":"E","ts":5000391,"pid":2425874,"tid":2425874,"args":{"ID":1729382256910319619}},{"name":"FR(FeatureA)","cat":"Feature","ph":"B","ts":5000398,"pid":2425874,"tid":2425874,"args":{"ID":1729382256910336003}},{"name":"FR(FeatureA)","cat":"Feature","ph":"E","ts":5000398,"pid":2425874,"tid":2425874,"args":{"ID":1729382256910336003}},{"name":"Base","cat":"Feature","ph":"E","ts":5000399,"pid":2425874,"tid":2425874,"args":{"ID":0}}],"stackFrames":{},"timestampUnit":"us"}