{ "traceEvents":[{"name":"Base","cat":"Feature","ph":"B","ts":0,"pid":2431520,"tid":2431520,"args":{"ID":0}},{"name":"FR(FeatureA)","cat":"Feature","ph":"B","ts":2000132,"pid":2431520,"tid":2431520,"args":{"ID":1729382256910270467}},{"name":"FR(FeatureA)","cat":"Feature","ph":"E","ts":3000234,"pid":2431520,"tid":2431520,"args":{"ID":1729382256910270467}},{"name":"FR(FeatureD)","cat":"Feature","ph":"B","ts":3000234,"pid":2431520,"tid":2431520,"args":{"ID":1729382256910319619}},{"name":"FR(FeatureD)","cat":"Feature","ph":"E","ts":5000351,"pid":2431520,"tid":2431520,"args":{"ID":1729382256910319619}},{"name":"FR(FeatureA)","cat":"Feature","ph":"B","ts":5000355,"pid":2431520,"tid":2431520,"args":{"ID":1729382256910336003}},{"name":"FR(FeatureA)","cat":"Feature","ph":"E","ts":5000356,"pid":2431520,"tid":2431520,"args":{"ID":1729382256910336003}},{"name":"Base","cat":"Feature","ph":"E","ts":5000356,"pid":2431520,"tid":2431520,"args":{"ID":0}}],"stackFrames":{},"timestampUnit":"us"}