{ "traceEvents":[{"name":"Base","cat":"Feature","ph":"B","ts":0,"pid":2427687,"tid":2427687,"args":{"ID":0}},{"name":"FR(FeatureA)","cat":"Feature","ph":"B","ts":2000115,"pid":2427687,"tid":2427687,"args":{"ID":1729382256910270467}},{"name":"FR(FeatureA)","cat":"Feature","ph":"E","ts":3000203,"pid":2427687,"tid":2427687,"args":{"ID":1729382256910270467}},{"name":"FR(FeatureD)","cat":"Feature","ph":"B","ts":3000203,"pid":2427687,"tid":2427687,"args":{"ID":1729382256910319619}},{"name":"FR(FeatureD)","cat":"Feature","ph":"E","ts":5000288,"pid":2427687,"tid":2427687,"args":{"ID":1729382256910319619}},{"name":"FR(FeatureA)","cat":"Feature","ph":"B","ts":5000295,"pid":2427687,"tid":2427687,"args":{"ID":1729382256910336003}},{"name":"FR(FeatureA)","cat":"Feature","ph":"E","ts":5000296,"pid":2427687,"tid":2427687,"args":{"ID":1729382256910336003}},{"name":"Base","cat":"Feature","ph":"E","ts":5000296,"pid":2427687,"tid":2427687,"args":{"ID":0}}],"stackFrames":{},"timestampUnit":"us"}