{ "traceEvents":[{"name":"Base","cat":"Feature","ph":"B","ts":0,"pid":2444315,"tid":2444315,"args":{"ID":0}},{"name":"FR(FeatureA)","cat":"Feature","ph":"B","ts":2000100,"pid":2444315,"tid":2444315,"args":{"ID":1729382256910270467}},{"name":"FR(FeatureA)","cat":"Feature","ph":"E","ts":3000209,"pid":2444315,"tid":2444315,"args":{"ID":1729382256910270467}},{"name":"FR(FeatureD)","cat":"Feature","ph":"B","ts":3000210,"pid":2444315,"tid":2444315,"args":{"ID":1729382256910319619}},{"name":"FR(FeatureD)","cat":"Feature","ph":"E","ts":5000336,"pid":2444315,"tid":2444315,"args":{"ID":1729382256910319619}},{"name":"FR(FeatureA)","cat":"Feature","ph":"B","ts":5000354,"pid":2444315,"tid":2444315,"args":{"ID":1729382256910336003}},{"name":"FR(FeatureA)","cat":"Feature","ph":"E","ts":5000355,"pid":2444315,"tid":2444315,"args":{"ID":1729382256910336003}},{"name":"Base","cat":"Feature","ph":"E","ts":5000355,"pid":2444315,"tid":2444315,"args":{"ID":0}}],"stackFrames":{},"timestampUnit":"us"}