{ "traceEvents":[{"name":"Base","cat":"Feature","ph":"B","ts":0,"pid":2449393,"tid":2449393,"args":{"ID":0}},{"name":"FR(FeatureA)","cat":"Feature","ph":"B","ts":2000098,"pid":2449393,"tid":2449393,"args":{"ID":1729382256910270467}},{"name":"FR(FeatureA)","cat":"Feature","ph":"E","ts":3000191,"pid":2449393,"tid":2449393,"args":{"ID":1729382256910270467}},{"name":"FR(FeatureD)","cat":"Feature","ph":"B","ts":3000192,"pid":2449393,"tid":2449393,"args":{"ID":1729382256910319619}},{"name":"FR(FeatureD)","cat":"Feature","ph":"E","ts":5000300,"pid":2449393,"tid":2449393,"args":{"ID":1729382256910319619}},{"name":"FR(FeatureA)","cat":"Feature","ph":"B","ts":5000306,"pid":2449393,"tid":2449393,"args":{"ID":1729382256910336003}},{"name":"FR(FeatureA)","cat":"Feature","ph":"E","ts":5000306,"pid":2449393,"tid":2449393,"args":{"ID":1729382256910336003}},{"name":"Base","cat":"Feature","ph":"E","ts":5000307,"pid":2449393,"tid":2449393,"args":{"ID":0}}],"stackFrames":{},"timestampUnit":"us"}