{ "traceEvents":[{"name":"Base","cat":"Feature","ph":"B","ts":0,"pid":2420299,"tid":2420299,"args":{"ID":0}},{"name":"FR(FeatureA)","cat":"Feature","ph":"B","ts":2000118,"pid":2420299,"tid":2420299,"args":{"ID":1729382256910270467}},{"name":"FR(FeatureA)","cat":"Feature","ph":"E","ts":3000206,"pid":2420299,"tid":2420299,"args":{"ID":1729382256910270467}},{"name":"FR(FeatureD)","cat":"Feature","ph":"B","ts":3000206,"pid":2420299,"tid":2420299,"args":{"ID":1729382256910319619}},{"name":"FR(FeatureD)","cat":"Feature","ph":"E","ts":5000292,"pid":2420299,"tid":2420299,"args":{"ID":1729382256910319619}},{"name":"FR(FeatureA)","cat":"Feature","ph":"B","ts":5000297,"pid":2420299,"tid":2420299,"args":{"ID":1729382256910336003}},{"name":"FR(FeatureA)","cat":"Feature","ph":"E","ts":5000298,"pid":2420299,"tid":2420299,"args":{"ID":1729382256910336003}},{"name":"Base","cat":"Feature","ph":"E","ts":5000298,"pid":2420299,"tid":2420299,"args":{"ID":0}}],"stackFrames":{},"timestampUnit":"us"}