{ "traceEvents":[{"name":"Base","cat":"Feature","ph":"B","ts":0,"pid":2440620,"tid":2440620,"args":{"ID":0}},{"name":"FR(FeatureA)","cat":"Feature","ph":"B","ts":2000143,"pid":2440620,"tid":2440620,"args":{"ID":1729382256910270467}},{"name":"FR(FeatureA)","cat":"Feature","ph":"E","ts":3000275,"pid":2440620,"tid":2440620,"args":{"ID":1729382256910270467}},{"name":"FR(FeatureD)","cat":"Feature","ph":"B","ts":3000276,"pid":2440620,"tid":2440620,"args":{"ID":1729382256910319619}},{"name":"FR(FeatureD)","cat":"Feature","ph":"E","ts":5000403,"pid":2440620,"tid":2440620,"args":{"ID":1729382256910319619}},{"name":"FR(FeatureA)","cat":"Feature","ph":"B","ts":5000408,"pid":2440620,"tid":2440620,"args":{"ID":1729382256910336003}},{"name":"FR(FeatureA)","cat":"Feature","ph":"E","ts":5000409,"pid":2440620,"tid":2440620,"args":{"ID":1729382256910336003}},{"name":"Base","cat":"Feature","ph":"E","ts":5000409,"pid":2440620,"tid":2440620,"args":{"ID":0}}],"stackFrames":{},"timestampUnit":"us"}