{ "traceEvents":[{"name":"Base","cat":"Feature","ph":"B","ts":0,"pid":2423622,"tid":2423622,"args":{"ID":0}},{"name":"FR(FeatureA)","cat":"Feature","ph":"B","ts":2000145,"pid":2423622,"tid":2423622,"args":{"ID":1729382256910270467}},{"name":"FR(FeatureA)","cat":"Feature","ph":"E","ts":3000275,"pid":2423622,"tid":2423622,"args":{"ID":1729382256910270467}},{"name":"FR(FeatureD)","cat":"Feature","ph":"B","ts":3000275,"pid":2423622,"tid":2423622,"args":{"ID":1729382256910319619}},{"name":"FR(FeatureD)","cat":"Feature","ph":"E","ts":5000413,"pid":2423622,"tid":2423622,"args":{"ID":1729382256910319619}},{"name":"FR(FeatureA)","cat":"Feature","ph":"B","ts":5000421,"pid":2423622,"tid":2423622,"args":{"ID":1729382256910336003}},{"name":"FR(FeatureA)","cat":"Feature","ph":"E","ts":5000422,"pid":2423622,"tid":2423622,"args":{"ID":1729382256910336003}},{"name":"Base","cat":"Feature","ph":"E","ts":5000422,"pid":2423622,"tid":2423622,"args":{"ID":0}}],"stackFrames":{},"timestampUnit":"us"}