{ "traceEvents":[{"name":"Base","cat":"Feature","ph":"B","ts":0,"pid":2418267,"tid":2418267,"args":{"ID":0}},{"name":"FR(FeatureA)","cat":"Feature","ph":"B","ts":2000119,"pid":2418267,"tid":2418267,"args":{"ID":1729382256910270467}},{"name":"FR(FeatureA)","cat":"Feature","ph":"E","ts":3000806,"pid":2418267,"tid":2418267,"args":{"ID":1729382256910270467}},{"name":"FR(FeatureD)","cat":"Feature","ph":"B","ts":3000806,"pid":2418267,"tid":2418267,"args":{"ID":1729382256910319619}},{"name":"FR(FeatureD)","cat":"Feature","ph":"E","ts":5000881,"pid":2418267,"tid":2418267,"args":{"ID":1729382256910319619}},{"name":"FR(FeatureA)","cat":"Feature","ph":"B","ts":5000889,"pid":2418267,"tid":2418267,"args":{"ID":1729382256910336003}},{"name":"FR(FeatureA)","cat":"Feature","ph":"E","ts":5000890,"pid":2418267,"tid":2418267,"args":{"ID":1729382256910336003}},{"name":"Base","cat":"Feature","ph":"E","ts":5000890,"pid":2418267,"tid":2418267,"args":{"ID":0}}],"stackFrames":{},"timestampUnit":"us"}