{ "traceEvents":[{"name":"Base","cat":"Feature","ph":"B","ts":0,"pid":2409320,"tid":2409320,"args":{"ID":0}},{"name":"FR(FeatureA)","cat":"Feature","ph":"B","ts":2000124,"pid":2409320,"tid":2409320,"args":{"ID":1729382256910270467}},{"name":"FR(FeatureA)","cat":"Feature","ph":"E","ts":3000237,"pid":2409320,"tid":2409320,"args":{"ID":1729382256910270467}},{"name":"FR(FeatureD)","cat":"Feature","ph":"B","ts":3000238,"pid":2409320,"tid":2409320,"args":{"ID":1729382256910319619}},{"name":"FR(FeatureD)","cat":"Feature","ph":"E","ts":5000330,"pid":2409320,"tid":2409320,"args":{"ID":1729382256910319619}},{"name":"FR(FeatureA)","cat":"Feature","ph":"B","ts":5000340,"pid":2409320,"tid":2409320,"args":{"ID":1729382256910336003}},{"name":"FR(FeatureA)","cat":"Feature","ph":"E","ts":5000340,"pid":2409320,"tid":2409320,"args":{"ID":1729382256910336003}},{"name":"Base","cat":"Feature","ph":"E","ts":5000341,"pid":2409320,"tid":2409320,"args":{"ID":0}}],"stackFrames":{},"timestampUnit":"us"}