{ "traceEvents":[{"name":"Base","cat":"Feature","ph":"B","ts":0,"pid":2412998,"tid":2412998,"args":{"ID":0}},{"name":"FR(FeatureA)","cat":"Feature","ph":"B","ts":2000137,"pid":2412998,"tid":2412998,"args":{"ID":1729382256910270467}},{"name":"FR(FeatureA)","cat":"Feature","ph":"E","ts":3000233,"pid":2412998,"tid":2412998,"args":{"ID":1729382256910270467}},{"name":"FR(FeatureD)","cat":"Feature","ph":"B","ts":3000233,"pid":2412998,"tid":2412998,"args":{"ID":1729382256910319619}},{"name":"FR(FeatureD)","cat":"Feature","ph":"E","ts":5000347,"pid":2412998,"tid":2412998,"args":{"ID":1729382256910319619}},{"name":"FR(FeatureA)","cat":"Feature","ph":"B","ts":5000352,"pid":2412998,"tid":2412998,"args":{"ID":1729382256910336003}},{"name":"FR(FeatureA)","cat":"Feature","ph":"E","ts":5000353,"pid":2412998,"tid":2412998,"args":{"ID":1729382256910336003}},{"name":"Base","cat":"Feature","ph":"E","ts":5000353,"pid":2412998,"tid":2412998,"args":{"ID":0}}],"stackFrames":{},"timestampUnit":"us"}