{ "traceEvents":[{"name":"Base","cat":"Feature","ph":"B","ts":0,"pid":1656393,"tid":1656393,"args":{"ID":0}},{"name":"FR(FeatureA)","cat":"Feature","ph":"B","ts":2000112,"pid":1656393,"tid":1656393,"args":{"ID":1729382256910270467}},{"name":"FR(FeatureA)","cat":"Feature","ph":"E","ts":3000196,"pid":1656393,"tid":1656393,"args":{"ID":1729382256910270467}},{"name":"FR(FeatureB)","cat":"Feature","ph":"B","ts":3000196,"pid":1656393,"tid":1656393,"args":{"ID":1729382256910286851}},{"name":"FR(FeatureB)","cat":"Feature","ph":"E","ts":5000293,"pid":1656393,"tid":1656393,"args":{"ID":1729382256910286851}},{"name":"FR(FeatureC)","cat":"Feature","ph":"B","ts":5000301,"pid":1656393,"tid":1656393,"args":{"ID":1729382256910303235}},{"name":"FR(FeatureC)","cat":"Feature","ph":"E","ts":6000406,"pid":1656393,"tid":1656393,"args":{"ID":1729382256910303235}},{"name":"FR(FeatureA)","cat":"Feature","ph":"B","ts":6000406,"pid":1656393,"tid":1656393,"args":{"ID":1729382256910336003}},{"name":"FR(FeatureB)","cat":"Feature","ph":"B","ts":6000407,"pid":1656393,"tid":1656393,"args":{"ID":1729382256910352387}},{"name":"FR(FeatureA)","cat":"Feature","ph":"E","ts":8000515,"pid":1656393,"tid":1656393,"args":{"ID":1729382256910336003}},{"name":"FR(FeatureB)","cat":"Feature","ph":"E","ts":8000517,"pid":1656393,"tid":1656393,"args":{"ID":1729382256910352387}},{"name":"FR(FeatureC)","cat":"Feature","ph":"B","ts":8000518,"pid":1656393,"tid":1656393,"args":{"ID":1729382256910368771}},{"name":"FR(FeatureC)","cat":"Feature","ph":"E","ts":8000518,"pid":1656393,"tid":1656393,"args":{"ID":1729382256910368771}},{"name":"Base","cat":"Feature","ph":"E","ts":8000518,"pid":1656393,"tid":1656393,"args":{"ID":0}}],"stackFrames":{},"timestampUnit":"us"}