{ "traceEvents":[{"name":"Base","cat":"Feature","ph":"B","ts":0,"pid":1702288,"tid":1702288,"args":{"ID":0}},{"name":"FR(FeatureA)","cat":"Feature","ph":"B","ts":2000118,"pid":1702288,"tid":1702288,"args":{"ID":1729382256910270467}},{"name":"FR(FeatureA)","cat":"Feature","ph":"E","ts":3000210,"pid":1702288,"tid":1702288,"args":{"ID":1729382256910270467}},{"name":"FR(FeatureB)","cat":"Feature","ph":"B","ts":3000210,"pid":1702288,"tid":1702288,"args":{"ID":1729382256910286851}},{"name":"FR(FeatureB)","cat":"Feature","ph":"E","ts":5000327,"pid":1702288,"tid":1702288,"args":{"ID":1729382256910286851}},{"name":"FR(FeatureC)","cat":"Feature","ph":"B","ts":5000332,"pid":1702288,"tid":1702288,"args":{"ID":1729382256910303235}},{"name":"FR(FeatureC)","cat":"Feature","ph":"E","ts":6000445,"pid":1702288,"tid":1702288,"args":{"ID":1729382256910303235}},{"name":"FR(FeatureA)","cat":"Feature","ph":"B","ts":6000446,"pid":1702288,"tid":1702288,"args":{"ID":1729382256910336003}},{"name":"FR(FeatureB)","cat":"Feature","ph":"B","ts":6000447,"pid":1702288,"tid":1702288,"args":{"ID":1729382256910352387}},{"name":"FR(FeatureA)","cat":"Feature","ph":"E","ts":8000557,"pid":1702288,"tid":1702288,"args":{"ID":1729382256910336003}},{"name":"FR(FeatureB)","cat":"Feature","ph":"E","ts":8000559,"pid":1702288,"tid":1702288,"args":{"ID":1729382256910352387}},{"name":"FR(FeatureC)","cat":"Feature","ph":"B","ts":8000560,"pid":1702288,"tid":1702288,"args":{"ID":1729382256910368771}},{"name":"FR(FeatureC)","cat":"Feature","ph":"E","ts":8000560,"pid":1702288,"tid":1702288,"args":{"ID":1729382256910368771}},{"name":"Base","cat":"Feature","ph":"E","ts":8000561,"pid":1702288,"tid":1702288,"args":{"ID":0}}],"stackFrames":{},"timestampUnit":"us"}