{ "traceEvents":[{"name":"Base","cat":"Feature","ph":"B","ts":0,"pid":1626067,"tid":1626067,"args":{"ID":0}},{"name":"FR(FeatureA)","cat":"Feature","ph":"B","ts":2000124,"pid":1626067,"tid":1626067,"args":{"ID":1729382256910270467}},{"name":"FR(FeatureA)","cat":"Feature","ph":"E","ts":3000232,"pid":1626067,"tid":1626067,"args":{"ID":1729382256910270467}},{"name":"FR(FeatureB)","cat":"Feature","ph":"B","ts":3000232,"pid":1626067,"tid":1626067,"args":{"ID":1729382256910286851}},{"name":"FR(FeatureB)","cat":"Feature","ph":"E","ts":5000332,"pid":1626067,"tid":1626067,"args":{"ID":1729382256910286851}},{"name":"FR(FeatureC)","cat":"Feature","ph":"B","ts":5000337,"pid":1626067,"tid":1626067,"args":{"ID":1729382256910303235}},{"name":"FR(FeatureC)","cat":"Feature","ph":"E","ts":6000440,"pid":1626067,"tid":1626067,"args":{"ID":1729382256910303235}},{"name":"FR(FeatureA)","cat":"Feature","ph":"B","ts":6000442,"pid":1626067,"tid":1626067,"args":{"ID":1729382256910336003}},{"name":"FR(FeatureB)","cat":"Feature","ph":"B","ts":6000443,"pid":1626067,"tid":1626067,"args":{"ID":1729382256910352387}},{"name":"FR(FeatureA)","cat":"Feature","ph":"E","ts":8000538,"pid":1626067,"tid":1626067,"args":{"ID":1729382256910336003}},{"name":"FR(FeatureB)","cat":"Feature","ph":"E","ts":8000540,"pid":1626067,"tid":1626067,"args":{"ID":1729382256910352387}},{"name":"FR(FeatureC)","cat":"Feature","ph":"B","ts":8000540,"pid":1626067,"tid":1626067,"args":{"ID":1729382256910368771}},{"name":"FR(FeatureC)","cat":"Feature","ph":"E","ts":8000540,"pid":1626067,"tid":1626067,"args":{"ID":1729382256910368771}},{"name":"Base","cat":"Feature","ph":"E","ts":8000541,"pid":1626067,"tid":1626067,"args":{"ID":0}}],"stackFrames":{},"timestampUnit":"us"}