{ "traceEvents":[{"name":"Base","cat":"Feature","ph":"B","ts":0,"pid":1690890,"tid":1690890,"args":{"ID":0}},{"name":"FR(FeatureA)","cat":"Feature","ph":"B","ts":2000144,"pid":1690890,"tid":1690890,"args":{"ID":1729382256910270467}},{"name":"FR(FeatureA)","cat":"Feature","ph":"E","ts":3000257,"pid":1690890,"tid":1690890,"args":{"ID":1729382256910270467}},{"name":"FR(FeatureB)","cat":"Feature","ph":"B","ts":3000257,"pid":1690890,"tid":1690890,"args":{"ID":1729382256910286851}},{"name":"FR(FeatureB)","cat":"Feature","ph":"E","ts":5000361,"pid":1690890,"tid":1690890,"args":{"ID":1729382256910286851}},{"name":"FR(FeatureC)","cat":"Feature","ph":"B","ts":5000369,"pid":1690890,"tid":1690890,"args":{"ID":1729382256910303235}},{"name":"FR(FeatureC)","cat":"Feature","ph":"E","ts":6000462,"pid":1690890,"tid":1690890,"args":{"ID":1729382256910303235}},{"name":"FR(FeatureA)","cat":"Feature","ph":"B","ts":6000463,"pid":1690890,"tid":1690890,"args":{"ID":1729382256910336003}},{"name":"FR(FeatureB)","cat":"Feature","ph":"B","ts":6000463,"pid":1690890,"tid":1690890,"args":{"ID":1729382256910352387}},{"name":"FR(FeatureA)","cat":"Feature","ph":"E","ts":8000563,"pid":1690890,"tid":1690890,"args":{"ID":1729382256910336003}},{"name":"FR(FeatureB)","cat":"Feature","ph":"E","ts":8000565,"pid":1690890,"tid":1690890,"args":{"ID":1729382256910352387}},{"name":"FR(FeatureC)","cat":"Feature","ph":"B","ts":8000565,"pid":1690890,"tid":1690890,"args":{"ID":1729382256910368771}},{"name":"FR(FeatureC)","cat":"Feature","ph":"E","ts":8000566,"pid":1690890,"tid":1690890,"args":{"ID":1729382256910368771}},{"name":"Base","cat":"Feature","ph":"E","ts":8000566,"pid":1690890,"tid":1690890,"args":{"ID":0}}],"stackFrames":{},"timestampUnit":"us"}