{ "traceEvents":[{"name":"Base","cat":"Feature","ph":"B","ts":0,"pid":1706457,"tid":1706457,"args":{"ID":0}},{"name":"FR(FeatureA)","cat":"Feature","ph":"B","ts":2000141,"pid":1706457,"tid":1706457,"args":{"ID":1729382256910270467}},{"name":"FR(FeatureA)","cat":"Feature","ph":"E","ts":3000248,"pid":1706457,"tid":1706457,"args":{"ID":1729382256910270467}},{"name":"FR(FeatureB)","cat":"Feature","ph":"B","ts":3000249,"pid":1706457,"tid":1706457,"args":{"ID":1729382256910286851}},{"name":"FR(FeatureB)","cat":"Feature","ph":"E","ts":5000369,"pid":1706457,"tid":1706457,"args":{"ID":1729382256910286851}},{"name":"FR(FeatureC)","cat":"Feature","ph":"B","ts":5000374,"pid":1706457,"tid":1706457,"args":{"ID":1729382256910303235}},{"name":"FR(FeatureC)","cat":"Feature","ph":"E","ts":6000482,"pid":1706457,"tid":1706457,"args":{"ID":1729382256910303235}},{"name":"FR(FeatureA)","cat":"Feature","ph":"B","ts":6000483,"pid":1706457,"tid":1706457,"args":{"ID":1729382256910336003}},{"name":"FR(FeatureB)","cat":"Feature","ph":"B","ts":6000483,"pid":1706457,"tid":1706457,"args":{"ID":1729382256910352387}},{"name":"FR(FeatureA)","cat":"Feature","ph":"E","ts":8000574,"pid":1706457,"tid":1706457,"args":{"ID":1729382256910336003}},{"name":"FR(FeatureB)","cat":"Feature","ph":"E","ts":8000575,"pid":1706457,"tid":1706457,"args":{"ID":1729382256910352387}},{"name":"FR(FeatureC)","cat":"Feature","ph":"B","ts":8000576,"pid":1706457,"tid":1706457,"args":{"ID":1729382256910368771}},{"name":"FR(FeatureC)","cat":"Feature","ph":"E","ts":8000576,"pid":1706457,"tid":1706457,"args":{"ID":1729382256910368771}},{"name":"Base","cat":"Feature","ph":"E","ts":8000577,"pid":1706457,"tid":1706457,"args":{"ID":0}}],"stackFrames":{},"timestampUnit":"us"}