{ "traceEvents":[{"name":"Base","cat":"Feature","ph":"B","ts":0,"pid":1603064,"tid":1603064,"args":{"ID":0}},{"name":"FR(FeatureA)","cat":"Feature","ph":"B","ts":2000112,"pid":1603064,"tid":1603064,"args":{"ID":1729382256910270467}},{"name":"FR(FeatureA)","cat":"Feature","ph":"E","ts":3000198,"pid":1603064,"tid":1603064,"args":{"ID":1729382256910270467}},{"name":"FR(FeatureB)","cat":"Feature","ph":"B","ts":3000199,"pid":1603064,"tid":1603064,"args":{"ID":1729382256910286851}},{"name":"FR(FeatureB)","cat":"Feature","ph":"E","ts":5000278,"pid":1603064,"tid":1603064,"args":{"ID":1729382256910286851}},{"name":"FR(FeatureC)","cat":"Feature","ph":"B","ts":5000284,"pid":1603064,"tid":1603064,"args":{"ID":1729382256910303235}},{"name":"FR(FeatureC)","cat":"Feature","ph":"E","ts":6000385,"pid":1603064,"tid":1603064,"args":{"ID":1729382256910303235}},{"name":"FR(FeatureA)","cat":"Feature","ph":"B","ts":6000385,"pid":1603064,"tid":1603064,"args":{"ID":1729382256910336003}},{"name":"FR(FeatureB)","cat":"Feature","ph":"B","ts":6000386,"pid":1603064,"tid":1603064,"args":{"ID":1729382256910352387}},{"name":"FR(FeatureA)","cat":"Feature","ph":"E","ts":8000487,"pid":1603064,"tid":1603064,"args":{"ID":1729382256910336003}},{"name":"FR(FeatureB)","cat":"Feature","ph":"E","ts":8000489,"pid":1603064,"tid":1603064,"args":{"ID":1729382256910352387}},{"name":"FR(FeatureC)","cat":"Feature","ph":"B","ts":8000490,"pid":1603064,"tid":1603064,"args":{"ID":1729382256910368771}},{"name":"FR(FeatureC)","cat":"Feature","ph":"E","ts":8000490,"pid":1603064,"tid":1603064,"args":{"ID":1729382256910368771}},{"name":"Base","cat":"Feature","ph":"E","ts":8000491,"pid":1603064,"tid":1603064,"args":{"ID":0}}],"stackFrames":{},"timestampUnit":"us"}