{ "traceEvents":[{"name":"Base","cat":"Feature","ph":"B","ts":0,"pid":1641312,"tid":1641312,"args":{"ID":0}},{"name":"FR(FeatureA)","cat":"Feature","ph":"B","ts":2000135,"pid":1641312,"tid":1641312,"args":{"ID":1729382256910270467}},{"name":"FR(FeatureA)","cat":"Feature","ph":"E","ts":3000239,"pid":1641312,"tid":1641312,"args":{"ID":1729382256910270467}},{"name":"FR(FeatureB)","cat":"Feature","ph":"B","ts":3000240,"pid":1641312,"tid":1641312,"args":{"ID":1729382256910286851}},{"name":"FR(FeatureB)","cat":"Feature","ph":"E","ts":5000330,"pid":1641312,"tid":1641312,"args":{"ID":1729382256910286851}},{"name":"FR(FeatureC)","cat":"Feature","ph":"B","ts":5000336,"pid":1641312,"tid":1641312,"args":{"ID":1729382256910303235}},{"name":"FR(FeatureC)","cat":"Feature","ph":"E","ts":6000423,"pid":1641312,"tid":1641312,"args":{"ID":1729382256910303235}},{"name":"FR(FeatureA)","cat":"Feature","ph":"B","ts":6000424,"pid":1641312,"tid":1641312,"args":{"ID":1729382256910336003}},{"name":"FR(FeatureB)","cat":"Feature","ph":"B","ts":6000424,"pid":1641312,"tid":1641312,"args":{"ID":1729382256910352387}},{"name":"FR(FeatureA)","cat":"Feature","ph":"E","ts":8000534,"pid":1641312,"tid":1641312,"args":{"ID":1729382256910336003}},{"name":"FR(FeatureB)","cat":"Feature","ph":"E","ts":8000536,"pid":1641312,"tid":1641312,"args":{"ID":1729382256910352387}},{"name":"FR(FeatureC)","cat":"Feature","ph":"B","ts":8000536,"pid":1641312,"tid":1641312,"args":{"ID":1729382256910368771}},{"name":"FR(FeatureC)","cat":"Feature","ph":"E","ts":8000537,"pid":1641312,"tid":1641312,"args":{"ID":1729382256910368771}},{"name":"Base","cat":"Feature","ph":"E","ts":8000537,"pid":1641312,"tid":1641312,"args":{"ID":0}}],"stackFrames":{},"timestampUnit":"us"}