{ "traceEvents":[{"name":"Base","cat":"Feature","ph":"B","ts":0,"pid":1618460,"tid":1618460,"args":{"ID":0}},{"name":"FR(FeatureA)","cat":"Feature","ph":"B","ts":2000115,"pid":1618460,"tid":1618460,"args":{"ID":1729382256910270467}},{"name":"FR(FeatureA)","cat":"Feature","ph":"E","ts":3000206,"pid":1618460,"tid":1618460,"args":{"ID":1729382256910270467}},{"name":"FR(FeatureB)","cat":"Feature","ph":"B","ts":3000206,"pid":1618460,"tid":1618460,"args":{"ID":1729382256910286851}},{"name":"FR(FeatureB)","cat":"Feature","ph":"E","ts":5000308,"pid":1618460,"tid":1618460,"args":{"ID":1729382256910286851}},{"name":"FR(FeatureC)","cat":"Feature","ph":"B","ts":5000315,"pid":1618460,"tid":1618460,"args":{"ID":1729382256910303235}},{"name":"FR(FeatureC)","cat":"Feature","ph":"E","ts":6000404,"pid":1618460,"tid":1618460,"args":{"ID":1729382256910303235}},{"name":"FR(FeatureA)","cat":"Feature","ph":"B","ts":6000406,"pid":1618460,"tid":1618460,"args":{"ID":1729382256910336003}},{"name":"FR(FeatureB)","cat":"Feature","ph":"B","ts":6000406,"pid":1618460,"tid":1618460,"args":{"ID":1729382256910352387}},{"name":"FR(FeatureA)","cat":"Feature","ph":"E","ts":8000512,"pid":1618460,"tid":1618460,"args":{"ID":1729382256910336003}},{"name":"FR(FeatureB)","cat":"Feature","ph":"E","ts":8000514,"pid":1618460,"tid":1618460,"args":{"ID":1729382256910352387}},{"name":"FR(FeatureC)","cat":"Feature","ph":"B","ts":8000516,"pid":1618460,"tid":1618460,"args":{"ID":1729382256910368771}},{"name":"FR(FeatureC)","cat":"Feature","ph":"E","ts":8000517,"pid":1618460,"tid":1618460,"args":{"ID":1729382256910368771}},{"name":"Base","cat":"Feature","ph":"E","ts":8000517,"pid":1618460,"tid":1618460,"args":{"ID":0}}],"stackFrames":{},"timestampUnit":"us"}