{ "traceEvents":[{"name":"Base","cat":"Feature","ph":"B","ts":0,"pid":1698508,"tid":1698508,"args":{"ID":0}},{"name":"FR(FeatureA)","cat":"Feature","ph":"B","ts":2000123,"pid":1698508,"tid":1698508,"args":{"ID":1729382256910270467}},{"name":"FR(FeatureA)","cat":"Feature","ph":"E","ts":3000220,"pid":1698508,"tid":1698508,"args":{"ID":1729382256910270467}},{"name":"FR(FeatureB)","cat":"Feature","ph":"B","ts":3000221,"pid":1698508,"tid":1698508,"args":{"ID":1729382256910286851}},{"name":"FR(FeatureB)","cat":"Feature","ph":"E","ts":5000323,"pid":1698508,"tid":1698508,"args":{"ID":1729382256910286851}},{"name":"FR(FeatureC)","cat":"Feature","ph":"B","ts":5000329,"pid":1698508,"tid":1698508,"args":{"ID":1729382256910303235}},{"name":"FR(FeatureC)","cat":"Feature","ph":"E","ts":6000441,"pid":1698508,"tid":1698508,"args":{"ID":1729382256910303235}},{"name":"FR(FeatureA)","cat":"Feature","ph":"B","ts":6000444,"pid":1698508,"tid":1698508,"args":{"ID":1729382256910336003}},{"name":"FR(FeatureB)","cat":"Feature","ph":"B","ts":6000445,"pid":1698508,"tid":1698508,"args":{"ID":1729382256910352387}},{"name":"FR(FeatureA)","cat":"Feature","ph":"E","ts":8000560,"pid":1698508,"tid":1698508,"args":{"ID":1729382256910336003}},{"name":"FR(FeatureB)","cat":"Feature","ph":"E","ts":8000563,"pid":1698508,"tid":1698508,"args":{"ID":1729382256910352387}},{"name":"FR(FeatureC)","cat":"Feature","ph":"B","ts":8000563,"pid":1698508,"tid":1698508,"args":{"ID":1729382256910368771}},{"name":"FR(FeatureC)","cat":"Feature","ph":"E","ts":8000563,"pid":1698508,"tid":1698508,"args":{"ID":1729382256910368771}},{"name":"Base","cat":"Feature","ph":"E","ts":8000564,"pid":1698508,"tid":1698508,"args":{"ID":0}}],"stackFrames":{},"timestampUnit":"us"}