{ "traceEvents":[{"name":"Base","cat":"Feature","ph":"B","ts":0,"pid":1622304,"tid":1622304,"args":{"ID":0}},{"name":"FR(FeatureA)","cat":"Feature","ph":"B","ts":2000140,"pid":1622304,"tid":1622304,"args":{"ID":1729382256910270467}},{"name":"FR(FeatureA)","cat":"Feature","ph":"E","ts":3000231,"pid":1622304,"tid":1622304,"args":{"ID":1729382256910270467}},{"name":"FR(FeatureB)","cat":"Feature","ph":"B","ts":3000231,"pid":1622304,"tid":1622304,"args":{"ID":1729382256910286851}},{"name":"FR(FeatureB)","cat":"Feature","ph":"E","ts":5000331,"pid":1622304,"tid":1622304,"args":{"ID":1729382256910286851}},{"name":"FR(FeatureC)","cat":"Feature","ph":"B","ts":5000340,"pid":1622304,"tid":1622304,"args":{"ID":1729382256910303235}},{"name":"FR(FeatureC)","cat":"Feature","ph":"E","ts":6000438,"pid":1622304,"tid":1622304,"args":{"ID":1729382256910303235}},{"name":"FR(FeatureA)","cat":"Feature","ph":"B","ts":6000439,"pid":1622304,"tid":1622304,"args":{"ID":1729382256910336003}},{"name":"FR(FeatureB)","cat":"Feature","ph":"B","ts":6000439,"pid":1622304,"tid":1622304,"args":{"ID":1729382256910352387}},{"name":"FR(FeatureA)","cat":"Feature","ph":"E","ts":8000539,"pid":1622304,"tid":1622304,"args":{"ID":1729382256910336003}},{"name":"FR(FeatureB)","cat":"Feature","ph":"E","ts":8000540,"pid":1622304,"tid":1622304,"args":{"ID":1729382256910352387}},{"name":"FR(FeatureC)","cat":"Feature","ph":"B","ts":8000541,"pid":1622304,"tid":1622304,"args":{"ID":1729382256910368771}},{"name":"FR(FeatureC)","cat":"Feature","ph":"E","ts":8000542,"pid":1622304,"tid":1622304,"args":{"ID":1729382256910368771}},{"name":"Base","cat":"Feature","ph":"E","ts":8000542,"pid":1622304,"tid":1622304,"args":{"ID":0}}],"stackFrames":{},"timestampUnit":"us"}