{ "traceEvents":[{"name":"Base","cat":"Feature","ph":"B","ts":0,"pid":1683300,"tid":1683300,"args":{"ID":0}},{"name":"FR(FeatureA)","cat":"Feature","ph":"B","ts":2000119,"pid":1683300,"tid":1683300,"args":{"ID":1729382256910270467}},{"name":"FR(FeatureA)","cat":"Feature","ph":"E","ts":3000221,"pid":1683300,"tid":1683300,"args":{"ID":1729382256910270467}},{"name":"FR(FeatureB)","cat":"Feature","ph":"B","ts":3000222,"pid":1683300,"tid":1683300,"args":{"ID":1729382256910286851}},{"name":"FR(FeatureB)","cat":"Feature","ph":"E","ts":5000312,"pid":1683300,"tid":1683300,"args":{"ID":1729382256910286851}},{"name":"FR(FeatureC)","cat":"Feature","ph":"B","ts":5000320,"pid":1683300,"tid":1683300,"args":{"ID":1729382256910303235}},{"name":"FR(FeatureC)","cat":"Feature","ph":"E","ts":6000441,"pid":1683300,"tid":1683300,"args":{"ID":1729382256910303235}},{"name":"FR(FeatureA)","cat":"Feature","ph":"B","ts":6000442,"pid":1683300,"tid":1683300,"args":{"ID":1729382256910336003}},{"name":"FR(FeatureB)","cat":"Feature","ph":"B","ts":6000443,"pid":1683300,"tid":1683300,"args":{"ID":1729382256910352387}},{"name":"FR(FeatureA)","cat":"Feature","ph":"E","ts":8000570,"pid":1683300,"tid":1683300,"args":{"ID":1729382256910336003}},{"name":"FR(FeatureB)","cat":"Feature","ph":"E","ts":8000572,"pid":1683300,"tid":1683300,"args":{"ID":1729382256910352387}},{"name":"FR(FeatureC)","cat":"Feature","ph":"B","ts":8000573,"pid":1683300,"tid":1683300,"args":{"ID":1729382256910368771}},{"name":"FR(FeatureC)","cat":"Feature","ph":"E","ts":8000573,"pid":1683300,"tid":1683300,"args":{"ID":1729382256910368771}},{"name":"Base","cat":"Feature","ph":"E","ts":8000574,"pid":1683300,"tid":1683300,"args":{"ID":0}}],"stackFrames":{},"timestampUnit":"us"}