{ "traceEvents":[{"name":"Base","cat":"Feature","ph":"B","ts":0,"pid":1652937,"tid":1652937,"args":{"ID":0}},{"name":"FR(FeatureA)","cat":"Feature","ph":"B","ts":2000114,"pid":1652937,"tid":1652937,"args":{"ID":1729382256910270467}},{"name":"FR(FeatureA)","cat":"Feature","ph":"E","ts":3000213,"pid":1652937,"tid":1652937,"args":{"ID":1729382256910270467}},{"name":"FR(FeatureB)","cat":"Feature","ph":"B","ts":3000214,"pid":1652937,"tid":1652937,"args":{"ID":1729382256910286851}},{"name":"FR(FeatureB)","cat":"Feature","ph":"E","ts":5000334,"pid":1652937,"tid":1652937,"args":{"ID":1729382256910286851}},{"name":"FR(FeatureC)","cat":"Feature","ph":"B","ts":5000338,"pid":1652937,"tid":1652937,"args":{"ID":1729382256910303235}},{"name":"FR(FeatureC)","cat":"Feature","ph":"E","ts":6000467,"pid":1652937,"tid":1652937,"args":{"ID":1729382256910303235}},{"name":"FR(FeatureA)","cat":"Feature","ph":"B","ts":6000468,"pid":1652937,"tid":1652937,"args":{"ID":1729382256910336003}},{"name":"FR(FeatureB)","cat":"Feature","ph":"B","ts":6000469,"pid":1652937,"tid":1652937,"args":{"ID":1729382256910352387}},{"name":"FR(FeatureA)","cat":"Feature","ph":"E","ts":8000607,"pid":1652937,"tid":1652937,"args":{"ID":1729382256910336003}},{"name":"FR(FeatureB)","cat":"Feature","ph":"E","ts":8000609,"pid":1652937,"tid":1652937,"args":{"ID":1729382256910352387}},{"name":"FR(FeatureC)","cat":"Feature","ph":"B","ts":8000609,"pid":1652937,"tid":1652937,"args":{"ID":1729382256910368771}},{"name":"FR(FeatureC)","cat":"Feature","ph":"E","ts":8000610,"pid":1652937,"tid":1652937,"args":{"ID":1729382256910368771}},{"name":"Base","cat":"Feature","ph":"E","ts":8000610,"pid":1652937,"tid":1652937,"args":{"ID":0}}],"stackFrames":{},"timestampUnit":"us"}