{ "traceEvents":[{"name":"Base","cat":"Feature","ph":"B","ts":0,"pid":1610749,"tid":1610749,"args":{"ID":0}},{"name":"FR(FeatureA)","cat":"Feature","ph":"B","ts":2000108,"pid":1610749,"tid":1610749,"args":{"ID":1729382256910270467}},{"name":"FR(FeatureA)","cat":"Feature","ph":"E","ts":3000200,"pid":1610749,"tid":1610749,"args":{"ID":1729382256910270467}},{"name":"FR(FeatureB)","cat":"Feature","ph":"B","ts":3000201,"pid":1610749,"tid":1610749,"args":{"ID":1729382256910286851}},{"name":"FR(FeatureB)","cat":"Feature","ph":"E","ts":5000297,"pid":1610749,"tid":1610749,"args":{"ID":1729382256910286851}},{"name":"FR(FeatureC)","cat":"Feature","ph":"B","ts":5000304,"pid":1610749,"tid":1610749,"args":{"ID":1729382256910303235}},{"name":"FR(FeatureC)","cat":"Feature","ph":"E","ts":6000406,"pid":1610749,"tid":1610749,"args":{"ID":1729382256910303235}},{"name":"FR(FeatureA)","cat":"Feature","ph":"B","ts":6000408,"pid":1610749,"tid":1610749,"args":{"ID":1729382256910336003}},{"name":"FR(FeatureB)","cat":"Feature","ph":"B","ts":6000408,"pid":1610749,"tid":1610749,"args":{"ID":1729382256910352387}},{"name":"FR(FeatureA)","cat":"Feature","ph":"E","ts":8000511,"pid":1610749,"tid":1610749,"args":{"ID":1729382256910336003}},{"name":"FR(FeatureB)","cat":"Feature","ph":"E","ts":8000513,"pid":1610749,"tid":1610749,"args":{"ID":1729382256910352387}},{"name":"FR(FeatureC)","cat":"Feature","ph":"B","ts":8000514,"pid":1610749,"tid":1610749,"args":{"ID":1729382256910368771}},{"name":"FR(FeatureC)","cat":"Feature","ph":"E","ts":8000514,"pid":1610749,"tid":1610749,"args":{"ID":1729382256910368771}},{"name":"Base","cat":"Feature","ph":"E","ts":8000515,"pid":1610749,"tid":1610749,"args":{"ID":0}}],"stackFrames":{},"timestampUnit":"us"}