{ "traceEvents":[{"name":"Base","cat":"Feature","ph":"B","ts":0,"pid":1694821,"tid":1694821,"args":{"ID":0}},{"name":"FR(FeatureA)","cat":"Feature","ph":"B","ts":2000135,"pid":1694821,"tid":1694821,"args":{"ID":1729382256910270467}},{"name":"FR(FeatureA)","cat":"Feature","ph":"E","ts":3000240,"pid":1694821,"tid":1694821,"args":{"ID":1729382256910270467}},{"name":"FR(FeatureB)","cat":"Feature","ph":"B","ts":3000240,"pid":1694821,"tid":1694821,"args":{"ID":1729382256910286851}},{"name":"FR(FeatureB)","cat":"Feature","ph":"E","ts":5000344,"pid":1694821,"tid":1694821,"args":{"ID":1729382256910286851}},{"name":"FR(FeatureC)","cat":"Feature","ph":"B","ts":5000349,"pid":1694821,"tid":1694821,"args":{"ID":1729382256910303235}},{"name":"FR(FeatureC)","cat":"Feature","ph":"E","ts":6000452,"pid":1694821,"tid":1694821,"args":{"ID":1729382256910303235}},{"name":"FR(FeatureA)","cat":"Feature","ph":"B","ts":6000453,"pid":1694821,"tid":1694821,"args":{"ID":1729382256910336003}},{"name":"FR(FeatureB)","cat":"Feature","ph":"B","ts":6000453,"pid":1694821,"tid":1694821,"args":{"ID":1729382256910352387}},{"name":"FR(FeatureA)","cat":"Feature","ph":"E","ts":8000535,"pid":1694821,"tid":1694821,"args":{"ID":1729382256910336003}},{"name":"FR(FeatureB)","cat":"Feature","ph":"E","ts":8000537,"pid":1694821,"tid":1694821,"args":{"ID":1729382256910352387}},{"name":"FR(FeatureC)","cat":"Feature","ph":"B","ts":8000537,"pid":1694821,"tid":1694821,"args":{"ID":1729382256910368771}},{"name":"FR(FeatureC)","cat":"Feature","ph":"E","ts":8000538,"pid":1694821,"tid":1694821,"args":{"ID":1729382256910368771}},{"name":"Base","cat":"Feature","ph":"E","ts":8000538,"pid":1694821,"tid":1694821,"args":{"ID":0}}],"stackFrames":{},"timestampUnit":"us"}