{ "traceEvents":[{"name":"Base","cat":"Feature","ph":"B","ts":0,"pid":1633663,"tid":1633663,"args":{"ID":0}},{"name":"FR(FeatureA)","cat":"Feature","ph":"B","ts":2000097,"pid":1633663,"tid":1633663,"args":{"ID":1729382256910270467}},{"name":"FR(FeatureA)","cat":"Feature","ph":"E","ts":3000178,"pid":1633663,"tid":1633663,"args":{"ID":1729382256910270467}},{"name":"FR(FeatureB)","cat":"Feature","ph":"B","ts":3000179,"pid":1633663,"tid":1633663,"args":{"ID":1729382256910286851}},{"name":"FR(FeatureB)","cat":"Feature","ph":"E","ts":5000265,"pid":1633663,"tid":1633663,"args":{"ID":1729382256910286851}},{"name":"FR(FeatureC)","cat":"Feature","ph":"B","ts":5000268,"pid":1633663,"tid":1633663,"args":{"ID":1729382256910303235}},{"name":"FR(FeatureC)","cat":"Feature","ph":"E","ts":6000371,"pid":1633663,"tid":1633663,"args":{"ID":1729382256910303235}},{"name":"FR(FeatureA)","cat":"Feature","ph":"B","ts":6000372,"pid":1633663,"tid":1633663,"args":{"ID":1729382256910336003}},{"name":"FR(FeatureB)","cat":"Feature","ph":"B","ts":6000372,"pid":1633663,"tid":1633663,"args":{"ID":1729382256910352387}},{"name":"FR(FeatureA)","cat":"Feature","ph":"E","ts":8000483,"pid":1633663,"tid":1633663,"args":{"ID":1729382256910336003}},{"name":"FR(FeatureB)","cat":"Feature","ph":"E","ts":8000485,"pid":1633663,"tid":1633663,"args":{"ID":1729382256910352387}},{"name":"FR(FeatureC)","cat":"Feature","ph":"B","ts":8000485,"pid":1633663,"tid":1633663,"args":{"ID":1729382256910368771}},{"name":"FR(FeatureC)","cat":"Feature","ph":"E","ts":8000485,"pid":1633663,"tid":1633663,"args":{"ID":1729382256910368771}},{"name":"Base","cat":"Feature","ph":"E","ts":8000486,"pid":1633663,"tid":1633663,"args":{"ID":0}}],"stackFrames":{},"timestampUnit":"us"}