{ "traceEvents":[{"name":"Base","cat":"Feature","ph":"B","ts":0,"pid":1629898,"tid":1629898,"args":{"ID":0}},{"name":"FR(FeatureA)","cat":"Feature","ph":"B","ts":2000138,"pid":1629898,"tid":1629898,"args":{"ID":1729382256910270467}},{"name":"FR(FeatureA)","cat":"Feature","ph":"E","ts":3000239,"pid":1629898,"tid":1629898,"args":{"ID":1729382256910270467}},{"name":"FR(FeatureB)","cat":"Feature","ph":"B","ts":3000239,"pid":1629898,"tid":1629898,"args":{"ID":1729382256910286851}},{"name":"FR(FeatureB)","cat":"Feature","ph":"E","ts":5000342,"pid":1629898,"tid":1629898,"args":{"ID":1729382256910286851}},{"name":"FR(FeatureC)","cat":"Feature","ph":"B","ts":5000348,"pid":1629898,"tid":1629898,"args":{"ID":1729382256910303235}},{"name":"FR(FeatureC)","cat":"Feature","ph":"E","ts":6000457,"pid":1629898,"tid":1629898,"args":{"ID":1729382256910303235}},{"name":"FR(FeatureA)","cat":"Feature","ph":"B","ts":6000459,"pid":1629898,"tid":1629898,"args":{"ID":1729382256910336003}},{"name":"FR(FeatureB)","cat":"Feature","ph":"B","ts":6000460,"pid":1629898,"tid":1629898,"args":{"ID":1729382256910352387}},{"name":"FR(FeatureA)","cat":"Feature","ph":"E","ts":8000597,"pid":1629898,"tid":1629898,"args":{"ID":1729382256910336003}},{"name":"FR(FeatureB)","cat":"Feature","ph":"E","ts":8000599,"pid":1629898,"tid":1629898,"args":{"ID":1729382256910352387}},{"name":"FR(FeatureC)","cat":"Feature","ph":"B","ts":8000600,"pid":1629898,"tid":1629898,"args":{"ID":1729382256910368771}},{"name":"FR(FeatureC)","cat":"Feature","ph":"E","ts":8000600,"pid":1629898,"tid":1629898,"args":{"ID":1729382256910368771}},{"name":"Base","cat":"Feature","ph":"E","ts":8000601,"pid":1629898,"tid":1629898,"args":{"ID":0}}],"stackFrames":{},"timestampUnit":"us"}