{ "traceEvents":[{"name":"Base","cat":"Feature","ph":"B","ts":0,"pid":1781973,"tid":1781973,"args":{"ID":0}},{"name":"FR(FeatureA)","cat":"Feature","ph":"B","ts":2000125,"pid":1781973,"tid":1781973,"args":{"ID":1729382256910270467}},{"name":"FR(FeatureA)","cat":"Feature","ph":"E","ts":4000219,"pid":1781973,"tid":1781973,"args":{"ID":1729382256910270467}},{"name":"FR(FeatureD)","cat":"Feature","ph":"B","ts":4000220,"pid":1781973,"tid":1781973,"args":{"ID":1729382256910319619}},{"name":"FR(FeatureD)","cat":"Feature","ph":"E","ts":6000332,"pid":1781973,"tid":1781973,"args":{"ID":1729382256910319619}},{"name":"Base","cat":"Feature","ph":"E","ts":6000334,"pid":1781973,"tid":1781973,"args":{"ID":0}}],"stackFrames":{},"timestampUnit":"us"}