{ "traceEvents":[{"name":"Base","cat":"Feature","ph":"B","ts":0,"pid":1819215,"tid":1819215,"args":{"ID":0}},{"name":"FR(FeatureA)","cat":"Feature","ph":"B","ts":2000119,"pid":1819215,"tid":1819215,"args":{"ID":1729382256910270467}},{"name":"FR(FeatureA)","cat":"Feature","ph":"E","ts":4000214,"pid":1819215,"tid":1819215,"args":{"ID":1729382256910270467}},{"name":"FR(FeatureD)","cat":"Feature","ph":"B","ts":4000215,"pid":1819215,"tid":1819215,"args":{"ID":1729382256910319619}},{"name":"FR(FeatureD)","cat":"Feature","ph":"E","ts":6000333,"pid":1819215,"tid":1819215,"args":{"ID":1729382256910319619}},{"name":"Base","cat":"Feature","ph":"E","ts":6000334,"pid":1819215,"tid":1819215,"args":{"ID":0}}],"stackFrames":{},"timestampUnit":"us"}