{ "traceEvents":[{"name":"Base","cat":"Feature","ph":"B","ts":0,"pid":1793556,"tid":1793556,"args":{"ID":0}},{"name":"FR(FeatureA)","cat":"Feature","ph":"B","ts":2000122,"pid":1793556,"tid":1793556,"args":{"ID":1729382256910270467}},{"name":"FR(FeatureA)","cat":"Feature","ph":"E","ts":4000219,"pid":1793556,"tid":1793556,"args":{"ID":1729382256910270467}},{"name":"FR(FeatureD)","cat":"Feature","ph":"B","ts":4000219,"pid":1793556,"tid":1793556,"args":{"ID":1729382256910319619}},{"name":"FR(FeatureD)","cat":"Feature","ph":"E","ts":6000320,"pid":1793556,"tid":1793556,"args":{"ID":1729382256910319619}},{"name":"Base","cat":"Feature","ph":"E","ts":6000321,"pid":1793556,"tid":1793556,"args":{"ID":0}}],"stackFrames":{},"timestampUnit":"us"}