{ "traceEvents":[{"name":"Base","cat":"Feature","ph":"B","ts":0,"pid":1813643,"tid":1813643,"args":{"ID":0}},{"name":"FR(FeatureA)","cat":"Feature","ph":"B","ts":2000117,"pid":1813643,"tid":1813643,"args":{"ID":1729382256910270467}},{"name":"FR(FeatureA)","cat":"Feature","ph":"E","ts":4000222,"pid":1813643,"tid":1813643,"args":{"ID":1729382256910270467}},{"name":"FR(FeatureD)","cat":"Feature","ph":"B","ts":4000223,"pid":1813643,"tid":1813643,"args":{"ID":1729382256910319619}},{"name":"FR(FeatureD)","cat":"Feature","ph":"E","ts":6000341,"pid":1813643,"tid":1813643,"args":{"ID":1729382256910319619}},{"name":"Base","cat":"Feature","ph":"E","ts":6000342,"pid":1813643,"tid":1813643,"args":{"ID":0}}],"stackFrames":{},"timestampUnit":"us"}