{ "traceEvents":[{"name":"Base","cat":"Feature","ph":"B","ts":0,"pid":1796556,"tid":1796556,"args":{"ID":0}},{"name":"FR(FeatureA)","cat":"Feature","ph":"B","ts":2000132,"pid":1796556,"tid":1796556,"args":{"ID":1729382256910270467}},{"name":"FR(FeatureA)","cat":"Feature","ph":"E","ts":4000249,"pid":1796556,"tid":1796556,"args":{"ID":1729382256910270467}},{"name":"FR(FeatureD)","cat":"Feature","ph":"B","ts":4000250,"pid":1796556,"tid":1796556,"args":{"ID":1729382256910319619}},{"name":"FR(FeatureD)","cat":"Feature","ph":"E","ts":6000361,"pid":1796556,"tid":1796556,"args":{"ID":1729382256910319619}},{"name":"Base","cat":"Feature","ph":"E","ts":6000361,"pid":1796556,"tid":1796556,"args":{"ID":0}}],"stackFrames":{},"timestampUnit":"us"}