{ "traceEvents":[{"name":"Base","cat":"Feature","ph":"B","ts":0,"pid":1836405,"tid":1836405,"args":{"ID":0}},{"name":"FR(FeatureA)","cat":"Feature","ph":"B","ts":2000124,"pid":1836405,"tid":1836405,"args":{"ID":1729382256910270467}},{"name":"FR(FeatureA)","cat":"Feature","ph":"E","ts":4000217,"pid":1836405,"tid":1836405,"args":{"ID":1729382256910270467}},{"name":"FR(FeatureD)","cat":"Feature","ph":"B","ts":4000217,"pid":1836405,"tid":1836405,"args":{"ID":1729382256910319619}},{"name":"FR(FeatureD)","cat":"Feature","ph":"E","ts":6000315,"pid":1836405,"tid":1836405,"args":{"ID":1729382256910319619}},{"name":"Base","cat":"Feature","ph":"E","ts":6000315,"pid":1836405,"tid":1836405,"args":{"ID":0}}],"stackFrames":{},"timestampUnit":"us"}