{ "traceEvents":[{"name":"Base","cat":"Feature","ph":"B","ts":0,"pid":1810853,"tid":1810853,"args":{"ID":0}},{"name":"FR(FeatureA)","cat":"Feature","ph":"B","ts":2000137,"pid":1810853,"tid":1810853,"args":{"ID":1729382256910270467}},{"name":"FR(FeatureA)","cat":"Feature","ph":"E","ts":4000230,"pid":1810853,"tid":1810853,"args":{"ID":1729382256910270467}},{"name":"FR(FeatureD)","cat":"Feature","ph":"B","ts":4000230,"pid":1810853,"tid":1810853,"args":{"ID":1729382256910319619}},{"name":"FR(FeatureD)","cat":"Feature","ph":"E","ts":6000328,"pid":1810853,"tid":1810853,"args":{"ID":1729382256910319619}},{"name":"Base","cat":"Feature","ph":"E","ts":6000329,"pid":1810853,"tid":1810853,"args":{"ID":0}}],"stackFrames":{},"timestampUnit":"us"}