{ "traceEvents":[{"name":"Base","cat":"Feature","ph":"B","ts":0,"pid":1802376,"tid":1802376,"args":{"ID":0}},{"name":"FR(FeatureA)","cat":"Feature","ph":"B","ts":2000119,"pid":1802376,"tid":1802376,"args":{"ID":1729382256910270467}},{"name":"FR(FeatureA)","cat":"Feature","ph":"E","ts":4000222,"pid":1802376,"tid":1802376,"args":{"ID":1729382256910270467}},{"name":"FR(FeatureD)","cat":"Feature","ph":"B","ts":4000223,"pid":1802376,"tid":1802376,"args":{"ID":1729382256910319619}},{"name":"FR(FeatureD)","cat":"Feature","ph":"E","ts":6000331,"pid":1802376,"tid":1802376,"args":{"ID":1729382256910319619}},{"name":"Base","cat":"Feature","ph":"E","ts":6000331,"pid":1802376,"tid":1802376,"args":{"ID":0}}],"stackFrames":{},"timestampUnit":"us"}