{ "traceEvents":[{"name":"Base","cat":"Feature","ph":"B","ts":0,"pid":1825117,"tid":1825117,"args":{"ID":0}},{"name":"FR(FeatureA)","cat":"Feature","ph":"B","ts":2000115,"pid":1825117,"tid":1825117,"args":{"ID":1729382256910270467}},{"name":"FR(FeatureA)","cat":"Feature","ph":"E","ts":4000225,"pid":1825117,"tid":1825117,"args":{"ID":1729382256910270467}},{"name":"FR(FeatureD)","cat":"Feature","ph":"B","ts":4000225,"pid":1825117,"tid":1825117,"args":{"ID":1729382256910319619}},{"name":"FR(FeatureD)","cat":"Feature","ph":"E","ts":6000329,"pid":1825117,"tid":1825117,"args":{"ID":1729382256910319619}},{"name":"Base","cat":"Feature","ph":"E","ts":6000330,"pid":1825117,"tid":1825117,"args":{"ID":0}}],"stackFrames":{},"timestampUnit":"us"}