{ "traceEvents":[{"name":"Base","cat":"Feature","ph":"B","ts":0,"pid":1847718,"tid":1847718,"args":{"ID":0}},{"name":"FR(FeatureA)","cat":"Feature","ph":"B","ts":2000115,"pid":1847718,"tid":1847718,"args":{"ID":1729382256910270467}},{"name":"FR(FeatureA)","cat":"Feature","ph":"E","ts":4000198,"pid":1847718,"tid":1847718,"args":{"ID":1729382256910270467}},{"name":"FR(FeatureD)","cat":"Feature","ph":"B","ts":4000199,"pid":1847718,"tid":1847718,"args":{"ID":1729382256910319619}},{"name":"FR(FeatureD)","cat":"Feature","ph":"E","ts":6000294,"pid":1847718,"tid":1847718,"args":{"ID":1729382256910319619}},{"name":"Base","cat":"Feature","ph":"E","ts":6000295,"pid":1847718,"tid":1847718,"args":{"ID":0}}],"stackFrames":{},"timestampUnit":"us"}