{ "traceEvents":[{"name":"Base","cat":"Feature","ph":"B","ts":0,"pid":1833442,"tid":1833442,"args":{"ID":0}},{"name":"FR(FeatureA)","cat":"Feature","ph":"B","ts":2000107,"pid":1833442,"tid":1833442,"args":{"ID":1729382256910270467}},{"name":"FR(FeatureA)","cat":"Feature","ph":"E","ts":4000199,"pid":1833442,"tid":1833442,"args":{"ID":1729382256910270467}},{"name":"FR(FeatureD)","cat":"Feature","ph":"B","ts":4000200,"pid":1833442,"tid":1833442,"args":{"ID":1729382256910319619}},{"name":"FR(FeatureD)","cat":"Feature","ph":"E","ts":6000306,"pid":1833442,"tid":1833442,"args":{"ID":1729382256910319619}},{"name":"Base","cat":"Feature","ph":"E","ts":6000307,"pid":1833442,"tid":1833442,"args":{"ID":0}}],"stackFrames":{},"timestampUnit":"us"}