{ "traceEvents":[{"name":"Base","cat":"Feature","ph":"B","ts":0,"pid":1856252,"tid":1856252,"args":{"ID":0}},{"name":"FR(FeatureA)","cat":"Feature","ph":"B","ts":2000116,"pid":1856252,"tid":1856252,"args":{"ID":1729382256910270467}},{"name":"FR(FeatureA)","cat":"Feature","ph":"E","ts":4000209,"pid":1856252,"tid":1856252,"args":{"ID":1729382256910270467}},{"name":"FR(FeatureD)","cat":"Feature","ph":"B","ts":4000210,"pid":1856252,"tid":1856252,"args":{"ID":1729382256910319619}},{"name":"FR(FeatureD)","cat":"Feature","ph":"E","ts":6000323,"pid":1856252,"tid":1856252,"args":{"ID":1729382256910319619}},{"name":"Base","cat":"Feature","ph":"E","ts":6000323,"pid":1856252,"tid":1856252,"args":{"ID":0}}],"stackFrames":{},"timestampUnit":"us"}