{ "traceEvents":[{"name":"Base","cat":"Feature","ph":"B","ts":0,"pid":1773175,"tid":1773175,"args":{"ID":0}},{"name":"FR(FeatureA)","cat":"Feature","ph":"B","ts":2000120,"pid":1773175,"tid":1773175,"args":{"ID":1729382256910270467}},{"name":"FR(FeatureA)","cat":"Feature","ph":"E","ts":4000213,"pid":1773175,"tid":1773175,"args":{"ID":1729382256910270467}},{"name":"FR(FeatureD)","cat":"Feature","ph":"B","ts":4000214,"pid":1773175,"tid":1773175,"args":{"ID":1729382256910319619}},{"name":"FR(FeatureD)","cat":"Feature","ph":"E","ts":6000314,"pid":1773175,"tid":1773175,"args":{"ID":1729382256910319619}},{"name":"Base","cat":"Feature","ph":"E","ts":6000315,"pid":1773175,"tid":1773175,"args":{"ID":0}}],"stackFrames":{},"timestampUnit":"us"}