{ "traceEvents":[{"name":"Base","cat":"Feature","ph":"B","ts":0,"pid":1822106,"tid":1822106,"args":{"ID":0}},{"name":"FR(FeatureA)","cat":"Feature","ph":"B","ts":2000133,"pid":1822106,"tid":1822106,"args":{"ID":1729382256910270467}},{"name":"FR(FeatureA)","cat":"Feature","ph":"E","ts":4000225,"pid":1822106,"tid":1822106,"args":{"ID":1729382256910270467}},{"name":"FR(FeatureD)","cat":"Feature","ph":"B","ts":4000225,"pid":1822106,"tid":1822106,"args":{"ID":1729382256910319619}},{"name":"FR(FeatureD)","cat":"Feature","ph":"E","ts":6000324,"pid":1822106,"tid":1822106,"args":{"ID":1729382256910319619}},{"name":"Base","cat":"Feature","ph":"E","ts":6000326,"pid":1822106,"tid":1822106,"args":{"ID":0}}],"stackFrames":{},"timestampUnit":"us"}