{ "traceEvents":[{"name":"Base","cat":"Feature","ph":"B","ts":0,"pid":1839197,"tid":1839197,"args":{"ID":0}},{"name":"FR(FeatureA)","cat":"Feature","ph":"B","ts":2000117,"pid":1839197,"tid":1839197,"args":{"ID":1729382256910270467}},{"name":"FR(FeatureA)","cat":"Feature","ph":"E","ts":4000209,"pid":1839197,"tid":1839197,"args":{"ID":1729382256910270467}},{"name":"FR(FeatureD)","cat":"Feature","ph":"B","ts":4000210,"pid":1839197,"tid":1839197,"args":{"ID":1729382256910319619}},{"name":"FR(FeatureD)","cat":"Feature","ph":"E","ts":6000316,"pid":1839197,"tid":1839197,"args":{"ID":1729382256910319619}},{"name":"Base","cat":"Feature","ph":"E","ts":6000317,"pid":1839197,"tid":1839197,"args":{"ID":0}}],"stackFrames":{},"timestampUnit":"us"}