{ "traceEvents":[{"name":"Base","cat":"Feature","ph":"B","ts":0,"pid":1830874,"tid":1830874,"args":{"ID":0}},{"name":"FR(FeatureA)","cat":"Feature","ph":"B","ts":2000118,"pid":1830874,"tid":1830874,"args":{"ID":1729382256910270467}},{"name":"FR(FeatureA)","cat":"Feature","ph":"E","ts":4000205,"pid":1830874,"tid":1830874,"args":{"ID":1729382256910270467}},{"name":"FR(FeatureD)","cat":"Feature","ph":"B","ts":4000206,"pid":1830874,"tid":1830874,"args":{"ID":1729382256910319619}},{"name":"FR(FeatureD)","cat":"Feature","ph":"E","ts":6000302,"pid":1830874,"tid":1830874,"args":{"ID":1729382256910319619}},{"name":"Base","cat":"Feature","ph":"E","ts":6000303,"pid":1830874,"tid":1830874,"args":{"ID":0}}],"stackFrames":{},"timestampUnit":"us"}