{ "traceEvents":[{"name":"Base","cat":"Feature","ph":"B","ts":0,"pid":1816679,"tid":1816679,"args":{"ID":0}},{"name":"FR(FeatureA)","cat":"Feature","ph":"B","ts":2000118,"pid":1816679,"tid":1816679,"args":{"ID":1729382256910270467}},{"name":"FR(FeatureA)","cat":"Feature","ph":"E","ts":4000217,"pid":1816679,"tid":1816679,"args":{"ID":1729382256910270467}},{"name":"FR(FeatureD)","cat":"Feature","ph":"B","ts":4000218,"pid":1816679,"tid":1816679,"args":{"ID":1729382256910319619}},{"name":"FR(FeatureD)","cat":"Feature","ph":"E","ts":6000324,"pid":1816679,"tid":1816679,"args":{"ID":1729382256910319619}},{"name":"Base","cat":"Feature","ph":"E","ts":6000325,"pid":1816679,"tid":1816679,"args":{"ID":0}}],"stackFrames":{},"timestampUnit":"us"}