{ "traceEvents":[{"name":"Base","cat":"Feature","ph":"B","ts":0,"pid":1779093,"tid":1779093,"args":{"ID":0}},{"name":"FR(FeatureA)","cat":"Feature","ph":"B","ts":2000125,"pid":1779093,"tid":1779093,"args":{"ID":1729382256910270467}},{"name":"FR(FeatureA)","cat":"Feature","ph":"E","ts":4000222,"pid":1779093,"tid":1779093,"args":{"ID":1729382256910270467}},{"name":"FR(FeatureD)","cat":"Feature","ph":"B","ts":4000223,"pid":1779093,"tid":1779093,"args":{"ID":1729382256910319619}},{"name":"FR(FeatureD)","cat":"Feature","ph":"E","ts":6000324,"pid":1779093,"tid":1779093,"args":{"ID":1729382256910319619}},{"name":"Base","cat":"Feature","ph":"E","ts":6000325,"pid":1779093,"tid":1779093,"args":{"ID":0}}],"stackFrames":{},"timestampUnit":"us"}