{ "traceEvents":[{"name":"Base","cat":"Feature","ph":"B","ts":0,"pid":1776225,"tid":1776225,"args":{"ID":0}},{"name":"FR(FeatureA)","cat":"Feature","ph":"B","ts":2000122,"pid":1776225,"tid":1776225,"args":{"ID":1729382256910270467}},{"name":"FR(FeatureA)","cat":"Feature","ph":"E","ts":4000181,"pid":1776225,"tid":1776225,"args":{"ID":1729382256910270467}},{"name":"FR(FeatureD)","cat":"Feature","ph":"B","ts":4000182,"pid":1776225,"tid":1776225,"args":{"ID":1729382256910319619}},{"name":"FR(FeatureD)","cat":"Feature","ph":"E","ts":6000293,"pid":1776225,"tid":1776225,"args":{"ID":1729382256910319619}},{"name":"Base","cat":"Feature","ph":"E","ts":6000294,"pid":1776225,"tid":1776225,"args":{"ID":0}}],"stackFrames":{},"timestampUnit":"us"}