{ "traceEvents":[{"name":"Base","cat":"Feature","ph":"B","ts":0,"pid":1799536,"tid":1799536,"args":{"ID":0}},{"name":"FR(FeatureA)","cat":"Feature","ph":"B","ts":2000123,"pid":1799536,"tid":1799536,"args":{"ID":1729382256910270467}},{"name":"FR(FeatureA)","cat":"Feature","ph":"E","ts":4000218,"pid":1799536,"tid":1799536,"args":{"ID":1729382256910270467}},{"name":"FR(FeatureD)","cat":"Feature","ph":"B","ts":4000219,"pid":1799536,"tid":1799536,"args":{"ID":1729382256910319619}},{"name":"FR(FeatureD)","cat":"Feature","ph":"E","ts":6000331,"pid":1799536,"tid":1799536,"args":{"ID":1729382256910319619}},{"name":"Base","cat":"Feature","ph":"E","ts":6000332,"pid":1799536,"tid":1799536,"args":{"ID":0}}],"stackFrames":{},"timestampUnit":"us"}