{ "traceEvents":[{"name":"Base","cat":"Feature","ph":"B","ts":0,"pid":1827872,"tid":1827872,"args":{"ID":0}},{"name":"FR(FeatureA)","cat":"Feature","ph":"B","ts":2000101,"pid":1827872,"tid":1827872,"args":{"ID":1729382256910270467}},{"name":"FR(FeatureA)","cat":"Feature","ph":"E","ts":4000196,"pid":1827872,"tid":1827872,"args":{"ID":1729382256910270467}},{"name":"FR(FeatureD)","cat":"Feature","ph":"B","ts":4000196,"pid":1827872,"tid":1827872,"args":{"ID":1729382256910319619}},{"name":"FR(FeatureD)","cat":"Feature","ph":"E","ts":6000295,"pid":1827872,"tid":1827872,"args":{"ID":1729382256910319619}},{"name":"Base","cat":"Feature","ph":"E","ts":6000296,"pid":1827872,"tid":1827872,"args":{"ID":0}}],"stackFrames":{},"timestampUnit":"us"}