{ "traceEvents":[{"name":"Base","cat":"Feature","ph":"B","ts":0,"pid":1850487,"tid":1850487,"args":{"ID":0}},{"name":"FR(FeatureA)","cat":"Feature","ph":"B","ts":2000110,"pid":1850487,"tid":1850487,"args":{"ID":1729382256910270467}},{"name":"FR(FeatureA)","cat":"Feature","ph":"E","ts":4000205,"pid":1850487,"tid":1850487,"args":{"ID":1729382256910270467}},{"name":"FR(FeatureD)","cat":"Feature","ph":"B","ts":4000205,"pid":1850487,"tid":1850487,"args":{"ID":1729382256910319619}},{"name":"FR(FeatureD)","cat":"Feature","ph":"E","ts":6000307,"pid":1850487,"tid":1850487,"args":{"ID":1729382256910319619}},{"name":"Base","cat":"Feature","ph":"E","ts":6000308,"pid":1850487,"tid":1850487,"args":{"ID":0}}],"stackFrames":{},"timestampUnit":"us"}