{ "traceEvents":[{"name":"Base","cat":"Feature","ph":"B","ts":0,"pid":1844689,"tid":1844689,"args":{"ID":0}},{"name":"FR(FeatureA)","cat":"Feature","ph":"B","ts":2000124,"pid":1844689,"tid":1844689,"args":{"ID":1729382256910270467}},{"name":"FR(FeatureA)","cat":"Feature","ph":"E","ts":4000220,"pid":1844689,"tid":1844689,"args":{"ID":1729382256910270467}},{"name":"FR(FeatureD)","cat":"Feature","ph":"B","ts":4000220,"pid":1844689,"tid":1844689,"args":{"ID":1729382256910319619}},{"name":"FR(FeatureD)","cat":"Feature","ph":"E","ts":6000331,"pid":1844689,"tid":1844689,"args":{"ID":1729382256910319619}},{"name":"Base","cat":"Feature","ph":"E","ts":6000332,"pid":1844689,"tid":1844689,"args":{"ID":0}}],"stackFrames":{},"timestampUnit":"us"}