{ "traceEvents":[{"name":"Base","cat":"Feature","ph":"B","ts":0,"pid":1807840,"tid":1807840,"args":{"ID":0}},{"name":"FR(FeatureA)","cat":"Feature","ph":"B","ts":2000120,"pid":1807840,"tid":1807840,"args":{"ID":1729382256910270467}},{"name":"FR(FeatureA)","cat":"Feature","ph":"E","ts":4000226,"pid":1807840,"tid":1807840,"args":{"ID":1729382256910270467}},{"name":"FR(FeatureD)","cat":"Feature","ph":"B","ts":4000227,"pid":1807840,"tid":1807840,"args":{"ID":1729382256910319619}},{"name":"FR(FeatureD)","cat":"Feature","ph":"E","ts":6000340,"pid":1807840,"tid":1807840,"args":{"ID":1729382256910319619}},{"name":"Base","cat":"Feature","ph":"E","ts":6000340,"pid":1807840,"tid":1807840,"args":{"ID":0}}],"stackFrames":{},"timestampUnit":"us"}