{ "traceEvents":[{"name":"Base","cat":"Feature","ph":"B","ts":0,"pid":1790748,"tid":1790748,"args":{"ID":0}},{"name":"FR(FeatureA)","cat":"Feature","ph":"B","ts":2000094,"pid":1790748,"tid":1790748,"args":{"ID":1729382256910270467}},{"name":"FR(FeatureA)","cat":"Feature","ph":"E","ts":4000188,"pid":1790748,"tid":1790748,"args":{"ID":1729382256910270467}},{"name":"FR(FeatureD)","cat":"Feature","ph":"B","ts":4000188,"pid":1790748,"tid":1790748,"args":{"ID":1729382256910319619}},{"name":"FR(FeatureD)","cat":"Feature","ph":"E","ts":6000284,"pid":1790748,"tid":1790748,"args":{"ID":1729382256910319619}},{"name":"Base","cat":"Feature","ph":"E","ts":6000284,"pid":1790748,"tid":1790748,"args":{"ID":0}}],"stackFrames":{},"timestampUnit":"us"}