{ "traceEvents":[{"name":"Base","cat":"Feature","ph":"B","ts":0,"pid":2612407,"tid":2612407,"args":{"ID":0}},{"name":"FR(FeatureA)","cat":"Feature","ph":"B","ts":2000125,"pid":2612407,"tid":2612407,"args":{"ID":1729382256910270467}},{"name":"FR(FeatureA)","cat":"Feature","ph":"E","ts":3000229,"pid":2612407,"tid":2612407,"args":{"ID":1729382256910270467}},{"name":"FR(FeatureB)","cat":"Feature","ph":"B","ts":3000230,"pid":2612407,"tid":2612407,"args":{"ID":1729382256910286851}},{"name":"FR(FeatureB)","cat":"Feature","ph":"E","ts":5000327,"pid":2612407,"tid":2612407,"args":{"ID":1729382256910286851}},{"name":"FR(FeatureD)","cat":"Feature","ph":"B","ts":5000333,"pid":2612407,"tid":2612407,"args":{"ID":1729382256910319619}},{"name":"FR(FeatureD)","cat":"Feature","ph":"E","ts":7000479,"pid":2612407,"tid":2612407,"args":{"ID":1729382256910319619}},{"name":"FR(FeatureA)","cat":"Feature","ph":"B","ts":7000480,"pid":2612407,"tid":2612407,"args":{"ID":1729382256910336003}},{"name":"FR(FeatureB)","cat":"Feature","ph":"B","ts":7000481,"pid":2612407,"tid":2612407,"args":{"ID":1729382256910352387}},{"name":"FR(FeatureA)","cat":"Feature","ph":"E","ts":9000617,"pid":2612407,"tid":2612407,"args":{"ID":1729382256910336003}},{"name":"FR(FeatureB)","cat":"Feature","ph":"E","ts":9000618,"pid":2612407,"tid":2612407,"args":{"ID":1729382256910352387}},{"name":"Base","cat":"Feature","ph":"E","ts":9000619,"pid":2612407,"tid":2612407,"args":{"ID":0}}],"stackFrames":{},"timestampUnit":"us"}