{ "traceEvents":[{"name":"Base","cat":"Feature","ph":"B","ts":0,"pid":2661721,"tid":2661721,"args":{"ID":0}},{"name":"FR(FeatureA)","cat":"Feature","ph":"B","ts":2000124,"pid":2661721,"tid":2661721,"args":{"ID":1729382256910270467}},{"name":"FR(FeatureA)","cat":"Feature","ph":"E","ts":3000233,"pid":2661721,"tid":2661721,"args":{"ID":1729382256910270467}},{"name":"FR(FeatureB)","cat":"Feature","ph":"B","ts":3000234,"pid":2661721,"tid":2661721,"args":{"ID":1729382256910286851}},{"name":"FR(FeatureB)","cat":"Feature","ph":"E","ts":5000359,"pid":2661721,"tid":2661721,"args":{"ID":1729382256910286851}},{"name":"FR(FeatureD)","cat":"Feature","ph":"B","ts":5000364,"pid":2661721,"tid":2661721,"args":{"ID":1729382256910319619}},{"name":"FR(FeatureD)","cat":"Feature","ph":"E","ts":7000479,"pid":2661721,"tid":2661721,"args":{"ID":1729382256910319619}},{"name":"FR(FeatureA)","cat":"Feature","ph":"B","ts":7000479,"pid":2661721,"tid":2661721,"args":{"ID":1729382256910336003}},{"name":"FR(FeatureB)","cat":"Feature","ph":"B","ts":7000480,"pid":2661721,"tid":2661721,"args":{"ID":1729382256910352387}},{"name":"FR(FeatureA)","cat":"Feature","ph":"E","ts":9000606,"pid":2661721,"tid":2661721,"args":{"ID":1729382256910336003}},{"name":"FR(FeatureB)","cat":"Feature","ph":"E","ts":9000607,"pid":2661721,"tid":2661721,"args":{"ID":1729382256910352387}},{"name":"Base","cat":"Feature","ph":"E","ts":9000607,"pid":2661721,"tid":2661721,"args":{"ID":0}}],"stackFrames":{},"timestampUnit":"us"}