{ "traceEvents":[{"name":"Base","cat":"Feature","ph":"B","ts":0,"pid":2672183,"tid":2672183,"args":{"ID":0}},{"name":"FR(FeatureA)","cat":"Feature","ph":"B","ts":2000131,"pid":2672183,"tid":2672183,"args":{"ID":1729382256910270467}},{"name":"FR(FeatureA)","cat":"Feature","ph":"E","ts":3000230,"pid":2672183,"tid":2672183,"args":{"ID":1729382256910270467}},{"name":"FR(FeatureB)","cat":"Feature","ph":"B","ts":3000230,"pid":2672183,"tid":2672183,"args":{"ID":1729382256910286851}},{"name":"FR(FeatureB)","cat":"Feature","ph":"E","ts":5000331,"pid":2672183,"tid":2672183,"args":{"ID":1729382256910286851}},{"name":"FR(FeatureD)","cat":"Feature","ph":"B","ts":5000336,"pid":2672183,"tid":2672183,"args":{"ID":1729382256910319619}},{"name":"FR(FeatureD)","cat":"Feature","ph":"E","ts":7000444,"pid":2672183,"tid":2672183,"args":{"ID":1729382256910319619}},{"name":"FR(FeatureA)","cat":"Feature","ph":"B","ts":7000444,"pid":2672183,"tid":2672183,"args":{"ID":1729382256910336003}},{"name":"FR(FeatureB)","cat":"Feature","ph":"B","ts":7000445,"pid":2672183,"tid":2672183,"args":{"ID":1729382256910352387}},{"name":"FR(FeatureA)","cat":"Feature","ph":"E","ts":9000561,"pid":2672183,"tid":2672183,"args":{"ID":1729382256910336003}},{"name":"FR(FeatureB)","cat":"Feature","ph":"E","ts":9000563,"pid":2672183,"tid":2672183,"args":{"ID":1729382256910352387}},{"name":"Base","cat":"Feature","ph":"E","ts":9000563,"pid":2672183,"tid":2672183,"args":{"ID":0}}],"stackFrames":{},"timestampUnit":"us"}