{ "traceEvents":[{"name":"Base","cat":"Feature","ph":"B","ts":0,"pid":2604748,"tid":2604748,"args":{"ID":0}},{"name":"FR(FeatureA)","cat":"Feature","ph":"B","ts":2000139,"pid":2604748,"tid":2604748,"args":{"ID":1729382256910270467}},{"name":"FR(FeatureA)","cat":"Feature","ph":"E","ts":3000249,"pid":2604748,"tid":2604748,"args":{"ID":1729382256910270467}},{"name":"FR(FeatureB)","cat":"Feature","ph":"B","ts":3000249,"pid":2604748,"tid":2604748,"args":{"ID":1729382256910286851}},{"name":"FR(FeatureB)","cat":"Feature","ph":"E","ts":5000340,"pid":2604748,"tid":2604748,"args":{"ID":1729382256910286851}},{"name":"FR(FeatureD)","cat":"Feature","ph":"B","ts":5000345,"pid":2604748,"tid":2604748,"args":{"ID":1729382256910319619}},{"name":"FR(FeatureD)","cat":"Feature","ph":"E","ts":7000446,"pid":2604748,"tid":2604748,"args":{"ID":1729382256910319619}},{"name":"FR(FeatureA)","cat":"Feature","ph":"B","ts":7000446,"pid":2604748,"tid":2604748,"args":{"ID":1729382256910336003}},{"name":"FR(FeatureB)","cat":"Feature","ph":"B","ts":7000447,"pid":2604748,"tid":2604748,"args":{"ID":1729382256910352387}},{"name":"FR(FeatureA)","cat":"Feature","ph":"E","ts":9000545,"pid":2604748,"tid":2604748,"args":{"ID":1729382256910336003}},{"name":"FR(FeatureB)","cat":"Feature","ph":"E","ts":9000546,"pid":2604748,"tid":2604748,"args":{"ID":1729382256910352387}},{"name":"Base","cat":"Feature","ph":"E","ts":9000547,"pid":2604748,"tid":2604748,"args":{"ID":0}}],"stackFrames":{},"timestampUnit":"us"}