{ "traceEvents":[{"name":"Base","cat":"Feature","ph":"B","ts":0,"pid":2596901,"tid":2596901,"args":{"ID":0}},{"name":"FR(FeatureA)","cat":"Feature","ph":"B","ts":2000118,"pid":2596901,"tid":2596901,"args":{"ID":1729382256910270467}},{"name":"FR(FeatureA)","cat":"Feature","ph":"E","ts":3000219,"pid":2596901,"tid":2596901,"args":{"ID":1729382256910270467}},{"name":"FR(FeatureB)","cat":"Feature","ph":"B","ts":3000220,"pid":2596901,"tid":2596901,"args":{"ID":1729382256910286851}},{"name":"FR(FeatureB)","cat":"Feature","ph":"E","ts":5000309,"pid":2596901,"tid":2596901,"args":{"ID":1729382256910286851}},{"name":"FR(FeatureD)","cat":"Feature","ph":"B","ts":5000320,"pid":2596901,"tid":2596901,"args":{"ID":1729382256910319619}},{"name":"FR(FeatureD)","cat":"Feature","ph":"E","ts":7000425,"pid":2596901,"tid":2596901,"args":{"ID":1729382256910319619}},{"name":"FR(FeatureA)","cat":"Feature","ph":"B","ts":7000425,"pid":2596901,"tid":2596901,"args":{"ID":1729382256910336003}},{"name":"FR(FeatureB)","cat":"Feature","ph":"B","ts":7000426,"pid":2596901,"tid":2596901,"args":{"ID":1729382256910352387}},{"name":"FR(FeatureA)","cat":"Feature","ph":"E","ts":9000524,"pid":2596901,"tid":2596901,"args":{"ID":1729382256910336003}},{"name":"FR(FeatureB)","cat":"Feature","ph":"E","ts":9000524,"pid":2596901,"tid":2596901,"args":{"ID":1729382256910352387}},{"name":"Base","cat":"Feature","ph":"E","ts":9000525,"pid":2596901,"tid":2596901,"args":{"ID":0}}],"stackFrames":{},"timestampUnit":"us"}