{ "traceEvents":[{"name":"Base","cat":"Feature","ph":"B","ts":0,"pid":2633647,"tid":2633647,"args":{"ID":0}},{"name":"FR(FeatureA)","cat":"Feature","ph":"B","ts":2000103,"pid":2633647,"tid":2633647,"args":{"ID":1729382256910270467}},{"name":"FR(FeatureA)","cat":"Feature","ph":"E","ts":3000205,"pid":2633647,"tid":2633647,"args":{"ID":1729382256910270467}},{"name":"FR(FeatureB)","cat":"Feature","ph":"B","ts":3000206,"pid":2633647,"tid":2633647,"args":{"ID":1729382256910286851}},{"name":"FR(FeatureB)","cat":"Feature","ph":"E","ts":5000312,"pid":2633647,"tid":2633647,"args":{"ID":1729382256910286851}},{"name":"FR(FeatureD)","cat":"Feature","ph":"B","ts":5000331,"pid":2633647,"tid":2633647,"args":{"ID":1729382256910319619}},{"name":"FR(FeatureD)","cat":"Feature","ph":"E","ts":7000464,"pid":2633647,"tid":2633647,"args":{"ID":1729382256910319619}},{"name":"FR(FeatureA)","cat":"Feature","ph":"B","ts":7000466,"pid":2633647,"tid":2633647,"args":{"ID":1729382256910336003}},{"name":"FR(FeatureB)","cat":"Feature","ph":"B","ts":7000467,"pid":2633647,"tid":2633647,"args":{"ID":1729382256910352387}},{"name":"FR(FeatureA)","cat":"Feature","ph":"E","ts":9000619,"pid":2633647,"tid":2633647,"args":{"ID":1729382256910336003}},{"name":"FR(FeatureB)","cat":"Feature","ph":"E","ts":9000621,"pid":2633647,"tid":2633647,"args":{"ID":1729382256910352387}},{"name":"Base","cat":"Feature","ph":"E","ts":9000622,"pid":2633647,"tid":2633647,"args":{"ID":0}}],"stackFrames":{},"timestampUnit":"us"}