{ "traceEvents":[{"name":"Base","cat":"Feature","ph":"B","ts":0,"pid":2658564,"tid":2658564,"args":{"ID":0}},{"name":"FR(FeatureA)","cat":"Feature","ph":"B","ts":2000138,"pid":2658564,"tid":2658564,"args":{"ID":1729382256910270467}},{"name":"FR(FeatureA)","cat":"Feature","ph":"E","ts":3000239,"pid":2658564,"tid":2658564,"args":{"ID":1729382256910270467}},{"name":"FR(FeatureB)","cat":"Feature","ph":"B","ts":3000239,"pid":2658564,"tid":2658564,"args":{"ID":1729382256910286851}},{"name":"FR(FeatureB)","cat":"Feature","ph":"E","ts":5000349,"pid":2658564,"tid":2658564,"args":{"ID":1729382256910286851}},{"name":"FR(FeatureD)","cat":"Feature","ph":"B","ts":5000356,"pid":2658564,"tid":2658564,"args":{"ID":1729382256910319619}},{"name":"FR(FeatureD)","cat":"Feature","ph":"E","ts":7000480,"pid":2658564,"tid":2658564,"args":{"ID":1729382256910319619}},{"name":"FR(FeatureA)","cat":"Feature","ph":"B","ts":7000482,"pid":2658564,"tid":2658564,"args":{"ID":1729382256910336003}},{"name":"FR(FeatureB)","cat":"Feature","ph":"B","ts":7000482,"pid":2658564,"tid":2658564,"args":{"ID":1729382256910352387}},{"name":"FR(FeatureA)","cat":"Feature","ph":"E","ts":9000611,"pid":2658564,"tid":2658564,"args":{"ID":1729382256910336003}},{"name":"FR(FeatureB)","cat":"Feature","ph":"E","ts":9000613,"pid":2658564,"tid":2658564,"args":{"ID":1729382256910352387}},{"name":"Base","cat":"Feature","ph":"E","ts":9000615,"pid":2658564,"tid":2658564,"args":{"ID":0}}],"stackFrames":{},"timestampUnit":"us"}