{ "traceEvents":[{"name":"Base","cat":"Feature","ph":"B","ts":0,"pid":2668298,"tid":2668298,"args":{"ID":0}},{"name":"FR(FeatureA)","cat":"Feature","ph":"B","ts":2000131,"pid":2668298,"tid":2668298,"args":{"ID":1729382256910270467}},{"name":"FR(FeatureA)","cat":"Feature","ph":"E","ts":3000238,"pid":2668298,"tid":2668298,"args":{"ID":1729382256910270467}},{"name":"FR(FeatureB)","cat":"Feature","ph":"B","ts":3000238,"pid":2668298,"tid":2668298,"args":{"ID":1729382256910286851}},{"name":"FR(FeatureB)","cat":"Feature","ph":"E","ts":5000329,"pid":2668298,"tid":2668298,"args":{"ID":1729382256910286851}},{"name":"FR(FeatureD)","cat":"Feature","ph":"B","ts":5000337,"pid":2668298,"tid":2668298,"args":{"ID":1729382256910319619}},{"name":"FR(FeatureD)","cat":"Feature","ph":"E","ts":7000460,"pid":2668298,"tid":2668298,"args":{"ID":1729382256910319619}},{"name":"FR(FeatureA)","cat":"Feature","ph":"B","ts":7000460,"pid":2668298,"tid":2668298,"args":{"ID":1729382256910336003}},{"name":"FR(FeatureB)","cat":"Feature","ph":"B","ts":7000461,"pid":2668298,"tid":2668298,"args":{"ID":1729382256910352387}},{"name":"FR(FeatureA)","cat":"Feature","ph":"E","ts":9000587,"pid":2668298,"tid":2668298,"args":{"ID":1729382256910336003}},{"name":"FR(FeatureB)","cat":"Feature","ph":"E","ts":9000590,"pid":2668298,"tid":2668298,"args":{"ID":1729382256910352387}},{"name":"Base","cat":"Feature","ph":"E","ts":9000591,"pid":2668298,"tid":2668298,"args":{"ID":0}}],"stackFrames":{},"timestampUnit":"us"}