{ "traceEvents":[{"name":"Base","cat":"Feature","ph":"B","ts":0,"pid":2592758,"tid":2592758,"args":{"ID":0}},{"name":"FR(FeatureA)","cat":"Feature","ph":"B","ts":2000111,"pid":2592758,"tid":2592758,"args":{"ID":1729382256910270467}},{"name":"FR(FeatureA)","cat":"Feature","ph":"E","ts":3000218,"pid":2592758,"tid":2592758,"args":{"ID":1729382256910270467}},{"name":"FR(FeatureB)","cat":"Feature","ph":"B","ts":3000218,"pid":2592758,"tid":2592758,"args":{"ID":1729382256910286851}},{"name":"FR(FeatureB)","cat":"Feature","ph":"E","ts":5000290,"pid":2592758,"tid":2592758,"args":{"ID":1729382256910286851}},{"name":"FR(FeatureD)","cat":"Feature","ph":"B","ts":5000295,"pid":2592758,"tid":2592758,"args":{"ID":1729382256910319619}},{"name":"FR(FeatureD)","cat":"Feature","ph":"E","ts":7000414,"pid":2592758,"tid":2592758,"args":{"ID":1729382256910319619}},{"name":"FR(FeatureA)","cat":"Feature","ph":"B","ts":7000414,"pid":2592758,"tid":2592758,"args":{"ID":1729382256910336003}},{"name":"FR(FeatureB)","cat":"Feature","ph":"B","ts":7000415,"pid":2592758,"tid":2592758,"args":{"ID":1729382256910352387}},{"name":"FR(FeatureA)","cat":"Feature","ph":"E","ts":9000529,"pid":2592758,"tid":2592758,"args":{"ID":1729382256910336003}},{"name":"FR(FeatureB)","cat":"Feature","ph":"E","ts":9000530,"pid":2592758,"tid":2592758,"args":{"ID":1729382256910352387}},{"name":"Base","cat":"Feature","ph":"E","ts":9000531,"pid":2592758,"tid":2592758,"args":{"ID":0}}],"stackFrames":{},"timestampUnit":"us"}