{ "traceEvents":[{"name":"Base","cat":"Feature","ph":"B","ts":0,"pid":2696383,"tid":2696383,"args":{"ID":0}},{"name":"FR(FeatureA)","cat":"Feature","ph":"B","ts":2000140,"pid":2696383,"tid":2696383,"args":{"ID":1729382256910270467}},{"name":"FR(FeatureA)","cat":"Feature","ph":"E","ts":3000245,"pid":2696383,"tid":2696383,"args":{"ID":1729382256910270467}},{"name":"FR(FeatureB)","cat":"Feature","ph":"B","ts":3000246,"pid":2696383,"tid":2696383,"args":{"ID":1729382256910286851}},{"name":"FR(FeatureB)","cat":"Feature","ph":"E","ts":5000342,"pid":2696383,"tid":2696383,"args":{"ID":1729382256910286851}},{"name":"FR(FeatureD)","cat":"Feature","ph":"B","ts":5000351,"pid":2696383,"tid":2696383,"args":{"ID":1729382256910319619}},{"name":"FR(FeatureD)","cat":"Feature","ph":"E","ts":7000456,"pid":2696383,"tid":2696383,"args":{"ID":1729382256910319619}},{"name":"FR(FeatureA)","cat":"Feature","ph":"B","ts":7000456,"pid":2696383,"tid":2696383,"args":{"ID":1729382256910336003}},{"name":"FR(FeatureB)","cat":"Feature","ph":"B","ts":7000457,"pid":2696383,"tid":2696383,"args":{"ID":1729382256910352387}},{"name":"FR(FeatureA)","cat":"Feature","ph":"E","ts":9000552,"pid":2696383,"tid":2696383,"args":{"ID":1729382256910336003}},{"name":"FR(FeatureB)","cat":"Feature","ph":"E","ts":9000553,"pid":2696383,"tid":2696383,"args":{"ID":1729382256910352387}},{"name":"Base","cat":"Feature","ph":"E","ts":9000553,"pid":2696383,"tid":2696383,"args":{"ID":0}}],"stackFrames":{},"timestampUnit":"us"}