{ "traceEvents":[{"name":"Base","cat":"Feature","ph":"B","ts":0,"pid":2588461,"tid":2588461,"args":{"ID":0}},{"name":"FR(FeatureA)","cat":"Feature","ph":"B","ts":2000128,"pid":2588461,"tid":2588461,"args":{"ID":1729382256910270467}},{"name":"FR(FeatureA)","cat":"Feature","ph":"E","ts":3000233,"pid":2588461,"tid":2588461,"args":{"ID":1729382256910270467}},{"name":"FR(FeatureB)","cat":"Feature","ph":"B","ts":3000233,"pid":2588461,"tid":2588461,"args":{"ID":1729382256910286851}},{"name":"FR(FeatureB)","cat":"Feature","ph":"E","ts":5000312,"pid":2588461,"tid":2588461,"args":{"ID":1729382256910286851}},{"name":"FR(FeatureD)","cat":"Feature","ph":"B","ts":5000328,"pid":2588461,"tid":2588461,"args":{"ID":1729382256910319619}},{"name":"FR(FeatureD)","cat":"Feature","ph":"E","ts":7000423,"pid":2588461,"tid":2588461,"args":{"ID":1729382256910319619}},{"name":"FR(FeatureA)","cat":"Feature","ph":"B","ts":7000423,"pid":2588461,"tid":2588461,"args":{"ID":1729382256910336003}},{"name":"FR(FeatureB)","cat":"Feature","ph":"B","ts":7000424,"pid":2588461,"tid":2588461,"args":{"ID":1729382256910352387}},{"name":"FR(FeatureA)","cat":"Feature","ph":"E","ts":9000516,"pid":2588461,"tid":2588461,"args":{"ID":1729382256910336003}},{"name":"FR(FeatureB)","cat":"Feature","ph":"E","ts":9000517,"pid":2588461,"tid":2588461,"args":{"ID":1729382256910352387}},{"name":"Base","cat":"Feature","ph":"E","ts":9000517,"pid":2588461,"tid":2588461,"args":{"ID":0}}],"stackFrames":{},"timestampUnit":"us"}