{ "traceEvents":[{"name":"Base","cat":"Feature","ph":"B","ts":0,"pid":2622368,"tid":2622368,"args":{"ID":0}},{"name":"FR(FeatureA)","cat":"Feature","ph":"B","ts":2000110,"pid":2622368,"tid":2622368,"args":{"ID":1729382256910270467}},{"name":"FR(FeatureA)","cat":"Feature","ph":"E","ts":3000223,"pid":2622368,"tid":2622368,"args":{"ID":1729382256910270467}},{"name":"FR(FeatureB)","cat":"Feature","ph":"B","ts":3000224,"pid":2622368,"tid":2622368,"args":{"ID":1729382256910286851}},{"name":"FR(FeatureB)","cat":"Feature","ph":"E","ts":5000336,"pid":2622368,"tid":2622368,"args":{"ID":1729382256910286851}},{"name":"FR(FeatureD)","cat":"Feature","ph":"B","ts":5000344,"pid":2622368,"tid":2622368,"args":{"ID":1729382256910319619}},{"name":"FR(FeatureD)","cat":"Feature","ph":"E","ts":7000458,"pid":2622368,"tid":2622368,"args":{"ID":1729382256910319619}},{"name":"FR(FeatureA)","cat":"Feature","ph":"B","ts":7000458,"pid":2622368,"tid":2622368,"args":{"ID":1729382256910336003}},{"name":"FR(FeatureB)","cat":"Feature","ph":"B","ts":7000459,"pid":2622368,"tid":2622368,"args":{"ID":1729382256910352387}},{"name":"FR(FeatureA)","cat":"Feature","ph":"E","ts":9000571,"pid":2622368,"tid":2622368,"args":{"ID":1729382256910336003}},{"name":"FR(FeatureB)","cat":"Feature","ph":"E","ts":9000572,"pid":2622368,"tid":2622368,"args":{"ID":1729382256910352387}},{"name":"Base","cat":"Feature","ph":"E","ts":9000573,"pid":2622368,"tid":2622368,"args":{"ID":0}}],"stackFrames":{},"timestampUnit":"us"}