{ "traceEvents":[{"name":"Base","cat":"Feature","ph":"B","ts":0,"pid":2619084,"tid":2619084,"args":{"ID":0}},{"name":"FR(FeatureA)","cat":"Feature","ph":"B","ts":2000139,"pid":2619084,"tid":2619084,"args":{"ID":1729382256910270467}},{"name":"FR(FeatureA)","cat":"Feature","ph":"E","ts":3000238,"pid":2619084,"tid":2619084,"args":{"ID":1729382256910270467}},{"name":"FR(FeatureB)","cat":"Feature","ph":"B","ts":3000239,"pid":2619084,"tid":2619084,"args":{"ID":1729382256910286851}},{"name":"FR(FeatureB)","cat":"Feature","ph":"E","ts":5000338,"pid":2619084,"tid":2619084,"args":{"ID":1729382256910286851}},{"name":"FR(FeatureD)","cat":"Feature","ph":"B","ts":5000350,"pid":2619084,"tid":2619084,"args":{"ID":1729382256910319619}},{"name":"FR(FeatureD)","cat":"Feature","ph":"E","ts":7000466,"pid":2619084,"tid":2619084,"args":{"ID":1729382256910319619}},{"name":"FR(FeatureA)","cat":"Feature","ph":"B","ts":7000466,"pid":2619084,"tid":2619084,"args":{"ID":1729382256910336003}},{"name":"FR(FeatureB)","cat":"Feature","ph":"B","ts":7000467,"pid":2619084,"tid":2619084,"args":{"ID":1729382256910352387}},{"name":"FR(FeatureA)","cat":"Feature","ph":"E","ts":9000583,"pid":2619084,"tid":2619084,"args":{"ID":1729382256910336003}},{"name":"FR(FeatureB)","cat":"Feature","ph":"E","ts":9000583,"pid":2619084,"tid":2619084,"args":{"ID":1729382256910352387}},{"name":"Base","cat":"Feature","ph":"E","ts":9000584,"pid":2619084,"tid":2619084,"args":{"ID":0}}],"stackFrames":{},"timestampUnit":"us"}