{ "traceEvents":[{"name":"Base","cat":"Feature","ph":"B","ts":0,"pid":2693212,"tid":2693212,"args":{"ID":0}},{"name":"FR(FeatureA)","cat":"Feature","ph":"B","ts":2000124,"pid":2693212,"tid":2693212,"args":{"ID":1729382256910270467}},{"name":"FR(FeatureA)","cat":"Feature","ph":"E","ts":3000223,"pid":2693212,"tid":2693212,"args":{"ID":1729382256910270467}},{"name":"FR(FeatureB)","cat":"Feature","ph":"B","ts":3000223,"pid":2693212,"tid":2693212,"args":{"ID":1729382256910286851}},{"name":"FR(FeatureB)","cat":"Feature","ph":"E","ts":5000344,"pid":2693212,"tid":2693212,"args":{"ID":1729382256910286851}},{"name":"FR(FeatureD)","cat":"Feature","ph":"B","ts":5000350,"pid":2693212,"tid":2693212,"args":{"ID":1729382256910319619}},{"name":"FR(FeatureD)","cat":"Feature","ph":"E","ts":7000493,"pid":2693212,"tid":2693212,"args":{"ID":1729382256910319619}},{"name":"FR(FeatureA)","cat":"Feature","ph":"B","ts":7000495,"pid":2693212,"tid":2693212,"args":{"ID":1729382256910336003}},{"name":"FR(FeatureB)","cat":"Feature","ph":"B","ts":7000496,"pid":2693212,"tid":2693212,"args":{"ID":1729382256910352387}},{"name":"FR(FeatureA)","cat":"Feature","ph":"E","ts":9000635,"pid":2693212,"tid":2693212,"args":{"ID":1729382256910336003}},{"name":"FR(FeatureB)","cat":"Feature","ph":"E","ts":9000637,"pid":2693212,"tid":2693212,"args":{"ID":1729382256910352387}},{"name":"Base","cat":"Feature","ph":"E","ts":9000638,"pid":2693212,"tid":2693212,"args":{"ID":0}}],"stackFrames":{},"timestampUnit":"us"}