{ "traceEvents":[{"name":"Base","cat":"Feature","ph":"B","ts":0,"pid":2629344,"tid":2629344,"args":{"ID":0}},{"name":"FR(FeatureA)","cat":"Feature","ph":"B","ts":2000121,"pid":2629344,"tid":2629344,"args":{"ID":1729382256910270467}},{"name":"FR(FeatureA)","cat":"Feature","ph":"E","ts":3000232,"pid":2629344,"tid":2629344,"args":{"ID":1729382256910270467}},{"name":"FR(FeatureB)","cat":"Feature","ph":"B","ts":3000233,"pid":2629344,"tid":2629344,"args":{"ID":1729382256910286851}},{"name":"FR(FeatureB)","cat":"Feature","ph":"E","ts":5000330,"pid":2629344,"tid":2629344,"args":{"ID":1729382256910286851}},{"name":"FR(FeatureD)","cat":"Feature","ph":"B","ts":5000334,"pid":2629344,"tid":2629344,"args":{"ID":1729382256910319619}},{"name":"FR(FeatureD)","cat":"Feature","ph":"E","ts":7000465,"pid":2629344,"tid":2629344,"args":{"ID":1729382256910319619}},{"name":"FR(FeatureA)","cat":"Feature","ph":"B","ts":7000467,"pid":2629344,"tid":2629344,"args":{"ID":1729382256910336003}},{"name":"FR(FeatureB)","cat":"Feature","ph":"B","ts":7000468,"pid":2629344,"tid":2629344,"args":{"ID":1729382256910352387}},{"name":"FR(FeatureA)","cat":"Feature","ph":"E","ts":9000584,"pid":2629344,"tid":2629344,"args":{"ID":1729382256910336003}},{"name":"FR(FeatureB)","cat":"Feature","ph":"E","ts":9000584,"pid":2629344,"tid":2629344,"args":{"ID":1729382256910352387}},{"name":"Base","cat":"Feature","ph":"E","ts":9000585,"pid":2629344,"tid":2629344,"args":{"ID":0}}],"stackFrames":{},"timestampUnit":"us"}