{ "traceEvents":[{"name":"Base","cat":"Feature","ph":"B","ts":0,"pid":2601300,"tid":2601300,"args":{"ID":0}},{"name":"FR(FeatureA)","cat":"Feature","ph":"B","ts":2000110,"pid":2601300,"tid":2601300,"args":{"ID":1729382256910270467}},{"name":"FR(FeatureA)","cat":"Feature","ph":"E","ts":3000216,"pid":2601300,"tid":2601300,"args":{"ID":1729382256910270467}},{"name":"FR(FeatureB)","cat":"Feature","ph":"B","ts":3000217,"pid":2601300,"tid":2601300,"args":{"ID":1729382256910286851}},{"name":"FR(FeatureB)","cat":"Feature","ph":"E","ts":5000336,"pid":2601300,"tid":2601300,"args":{"ID":1729382256910286851}},{"name":"FR(FeatureD)","cat":"Feature","ph":"B","ts":5000342,"pid":2601300,"tid":2601300,"args":{"ID":1729382256910319619}},{"name":"FR(FeatureD)","cat":"Feature","ph":"E","ts":7000443,"pid":2601300,"tid":2601300,"args":{"ID":1729382256910319619}},{"name":"FR(FeatureA)","cat":"Feature","ph":"B","ts":7000444,"pid":2601300,"tid":2601300,"args":{"ID":1729382256910336003}},{"name":"FR(FeatureB)","cat":"Feature","ph":"B","ts":7000445,"pid":2601300,"tid":2601300,"args":{"ID":1729382256910352387}},{"name":"FR(FeatureA)","cat":"Feature","ph":"E","ts":9000585,"pid":2601300,"tid":2601300,"args":{"ID":1729382256910336003}},{"name":"FR(FeatureB)","cat":"Feature","ph":"E","ts":9000587,"pid":2601300,"tid":2601300,"args":{"ID":1729382256910352387}},{"name":"Base","cat":"Feature","ph":"E","ts":9000587,"pid":2601300,"tid":2601300,"args":{"ID":0}}],"stackFrames":{},"timestampUnit":"us"}