{ "traceEvents":[{"name":"Base","cat":"Feature","ph":"B","ts":0,"pid":2513163,"tid":2513163,"args":{"ID":0}},{"name":"FR(FeatureB)","cat":"Feature","ph":"B","ts":2000126,"pid":2513163,"tid":2513163,"args":{"ID":1729382256910286851}},{"name":"FR(FeatureB)","cat":"Feature","ph":"E","ts":4000223,"pid":2513163,"tid":2513163,"args":{"ID":1729382256910286851}},{"name":"FR(FeatureD)","cat":"Feature","ph":"B","ts":4000223,"pid":2513163,"tid":2513163,"args":{"ID":1729382256910319619}},{"name":"FR(FeatureD)","cat":"Feature","ph":"E","ts":6000346,"pid":2513163,"tid":2513163,"args":{"ID":1729382256910319619}},{"name":"Base","cat":"Feature","ph":"E","ts":6000354,"pid":2513163,"tid":2513163,"args":{"ID":0}}],"stackFrames":{},"timestampUnit":"us"}