{ "traceEvents":[{"name":"Base","cat":"Feature","ph":"B","ts":0,"pid":2551321,"tid":2551321,"args":{"ID":0}},{"name":"FR(FeatureB)","cat":"Feature","ph":"B","ts":2000132,"pid":2551321,"tid":2551321,"args":{"ID":1729382256910286851}},{"name":"FR(FeatureB)","cat":"Feature","ph":"E","ts":4000251,"pid":2551321,"tid":2551321,"args":{"ID":1729382256910286851}},{"name":"FR(FeatureD)","cat":"Feature","ph":"B","ts":4000252,"pid":2551321,"tid":2551321,"args":{"ID":1729382256910319619}},{"name":"FR(FeatureD)","cat":"Feature","ph":"E","ts":6000368,"pid":2551321,"tid":2551321,"args":{"ID":1729382256910319619}},{"name":"Base","cat":"Feature","ph":"E","ts":6000378,"pid":2551321,"tid":2551321,"args":{"ID":0}}],"stackFrames":{},"timestampUnit":"us"}