{ "traceEvents":[{"name":"Base","cat":"Feature","ph":"B","ts":0,"pid":2504674,"tid":2504674,"args":{"ID":0}},{"name":"FR(FeatureB)","cat":"Feature","ph":"B","ts":2000138,"pid":2504674,"tid":2504674,"args":{"ID":1729382256910286851}},{"name":"FR(FeatureB)","cat":"Feature","ph":"E","ts":4000243,"pid":2504674,"tid":2504674,"args":{"ID":1729382256910286851}},{"name":"FR(FeatureD)","cat":"Feature","ph":"B","ts":4000244,"pid":2504674,"tid":2504674,"args":{"ID":1729382256910319619}},{"name":"FR(FeatureD)","cat":"Feature","ph":"E","ts":6000369,"pid":2504674,"tid":2504674,"args":{"ID":1729382256910319619}},{"name":"Base","cat":"Feature","ph":"E","ts":6000376,"pid":2504674,"tid":2504674,"args":{"ID":0}}],"stackFrames":{},"timestampUnit":"us"}