{ "traceEvents":[{"name":"Base","cat":"Feature","ph":"B","ts":0,"pid":2529294,"tid":2529294,"args":{"ID":0}},{"name":"FR(FeatureB)","cat":"Feature","ph":"B","ts":2000116,"pid":2529294,"tid":2529294,"args":{"ID":1729382256910286851}},{"name":"FR(FeatureB)","cat":"Feature","ph":"E","ts":4000234,"pid":2529294,"tid":2529294,"args":{"ID":1729382256910286851}},{"name":"FR(FeatureD)","cat":"Feature","ph":"B","ts":4000234,"pid":2529294,"tid":2529294,"args":{"ID":1729382256910319619}},{"name":"FR(FeatureD)","cat":"Feature","ph":"E","ts":6000336,"pid":2529294,"tid":2529294,"args":{"ID":1729382256910319619}},{"name":"Base","cat":"Feature","ph":"E","ts":6000340,"pid":2529294,"tid":2529294,"args":{"ID":0}}],"stackFrames":{},"timestampUnit":"us"}