{ "traceEvents":[{"name":"Base","cat":"Feature","ph":"B","ts":0,"pid":2522163,"tid":2522163,"args":{"ID":0}},{"name":"FR(FeatureB)","cat":"Feature","ph":"B","ts":2000137,"pid":2522163,"tid":2522163,"args":{"ID":1729382256910286851}},{"name":"FR(FeatureB)","cat":"Feature","ph":"E","ts":4000241,"pid":2522163,"tid":2522163,"args":{"ID":1729382256910286851}},{"name":"FR(FeatureD)","cat":"Feature","ph":"B","ts":4000242,"pid":2522163,"tid":2522163,"args":{"ID":1729382256910319619}},{"name":"FR(FeatureD)","cat":"Feature","ph":"E","ts":6000369,"pid":2522163,"tid":2522163,"args":{"ID":1729382256910319619}},{"name":"Base","cat":"Feature","ph":"E","ts":6000373,"pid":2522163,"tid":2522163,"args":{"ID":0}}],"stackFrames":{},"timestampUnit":"us"}