{ "traceEvents":[{"name":"Base","cat":"Feature","ph":"B","ts":0,"pid":2542321,"tid":2542321,"args":{"ID":0}},{"name":"FR(FeatureB)","cat":"Feature","ph":"B","ts":2000125,"pid":2542321,"tid":2542321,"args":{"ID":1729382256910286851}},{"name":"FR(FeatureB)","cat":"Feature","ph":"E","ts":4000261,"pid":2542321,"tid":2542321,"args":{"ID":1729382256910286851}},{"name":"FR(FeatureD)","cat":"Feature","ph":"B","ts":4000262,"pid":2542321,"tid":2542321,"args":{"ID":1729382256910319619}},{"name":"FR(FeatureD)","cat":"Feature","ph":"E","ts":6000400,"pid":2542321,"tid":2542321,"args":{"ID":1729382256910319619}},{"name":"Base","cat":"Feature","ph":"E","ts":6000410,"pid":2542321,"tid":2542321,"args":{"ID":0}}],"stackFrames":{},"timestampUnit":"us"}