{ "traceEvents":[{"name":"Base","cat":"Feature","ph":"B","ts":0,"pid":2510265,"tid":2510265,"args":{"ID":0}},{"name":"FR(FeatureB)","cat":"Feature","ph":"B","ts":2000120,"pid":2510265,"tid":2510265,"args":{"ID":1729382256910286851}},{"name":"FR(FeatureB)","cat":"Feature","ph":"E","ts":4000240,"pid":2510265,"tid":2510265,"args":{"ID":1729382256910286851}},{"name":"FR(FeatureD)","cat":"Feature","ph":"B","ts":4000241,"pid":2510265,"tid":2510265,"args":{"ID":1729382256910319619}},{"name":"FR(FeatureD)","cat":"Feature","ph":"E","ts":6000350,"pid":2510265,"tid":2510265,"args":{"ID":1729382256910319619}},{"name":"Base","cat":"Feature","ph":"E","ts":6000356,"pid":2510265,"tid":2510265,"args":{"ID":0}}],"stackFrames":{},"timestampUnit":"us"}