{ "traceEvents":[{"name":"Base","cat":"Feature","ph":"B","ts":0,"pid":2507531,"tid":2507531,"args":{"ID":0}},{"name":"FR(FeatureB)","cat":"Feature","ph":"B","ts":2000108,"pid":2507531,"tid":2507531,"args":{"ID":1729382256910286851}},{"name":"FR(FeatureB)","cat":"Feature","ph":"E","ts":4000191,"pid":2507531,"tid":2507531,"args":{"ID":1729382256910286851}},{"name":"FR(FeatureD)","cat":"Feature","ph":"B","ts":4000191,"pid":2507531,"tid":2507531,"args":{"ID":1729382256910319619}},{"name":"FR(FeatureD)","cat":"Feature","ph":"E","ts":6000308,"pid":2507531,"tid":2507531,"args":{"ID":1729382256910319619}},{"name":"Base","cat":"Feature","ph":"E","ts":6000313,"pid":2507531,"tid":2507531,"args":{"ID":0}}],"stackFrames":{},"timestampUnit":"us"}