{ "traceEvents":[{"name":"Base","cat":"Feature","ph":"B","ts":0,"pid":2533677,"tid":2533677,"args":{"ID":0}},{"name":"FR(FeatureB)","cat":"Feature","ph":"B","ts":2000126,"pid":2533677,"tid":2533677,"args":{"ID":1729382256910286851}},{"name":"FR(FeatureB)","cat":"Feature","ph":"E","ts":4000248,"pid":2533677,"tid":2533677,"args":{"ID":1729382256910286851}},{"name":"FR(FeatureD)","cat":"Feature","ph":"B","ts":4000248,"pid":2533677,"tid":2533677,"args":{"ID":1729382256910319619}},{"name":"FR(FeatureD)","cat":"Feature","ph":"E","ts":6000349,"pid":2533677,"tid":2533677,"args":{"ID":1729382256910319619}},{"name":"Base","cat":"Feature","ph":"E","ts":6000353,"pid":2533677,"tid":2533677,"args":{"ID":0}}],"stackFrames":{},"timestampUnit":"us"}