{ "traceEvents":[{"name":"Base","cat":"Feature","ph":"B","ts":0,"pid":2548711,"tid":2548711,"args":{"ID":0}},{"name":"FR(FeatureB)","cat":"Feature","ph":"B","ts":2000104,"pid":2548711,"tid":2548711,"args":{"ID":1729382256910286851}},{"name":"FR(FeatureB)","cat":"Feature","ph":"E","ts":4000208,"pid":2548711,"tid":2548711,"args":{"ID":1729382256910286851}},{"name":"FR(FeatureD)","cat":"Feature","ph":"B","ts":4000209,"pid":2548711,"tid":2548711,"args":{"ID":1729382256910319619}},{"name":"FR(FeatureD)","cat":"Feature","ph":"E","ts":6000315,"pid":2548711,"tid":2548711,"args":{"ID":1729382256910319619}},{"name":"Base","cat":"Feature","ph":"E","ts":6000321,"pid":2548711,"tid":2548711,"args":{"ID":0}}],"stackFrames":{},"timestampUnit":"us"}