{ "traceEvents":[{"name":"Base","cat":"Feature","ph":"B","ts":0,"pid":2558085,"tid":2558085,"args":{"ID":0}},{"name":"FR(FeatureB)","cat":"Feature","ph":"B","ts":2000116,"pid":2558085,"tid":2558085,"args":{"ID":1729382256910286851}},{"name":"FR(FeatureB)","cat":"Feature","ph":"E","ts":4000211,"pid":2558085,"tid":2558085,"args":{"ID":1729382256910286851}},{"name":"FR(FeatureD)","cat":"Feature","ph":"B","ts":4000212,"pid":2558085,"tid":2558085,"args":{"ID":1729382256910319619}},{"name":"FR(FeatureD)","cat":"Feature","ph":"E","ts":6000291,"pid":2558085,"tid":2558085,"args":{"ID":1729382256910319619}},{"name":"Base","cat":"Feature","ph":"E","ts":6000296,"pid":2558085,"tid":2558085,"args":{"ID":0}}],"stackFrames":{},"timestampUnit":"us"}