{ "traceEvents":[{"name":"Base","cat":"Feature","ph":"B","ts":0,"pid":2561094,"tid":2561094,"args":{"ID":0}},{"name":"FR(FeatureB)","cat":"Feature","ph":"B","ts":2000124,"pid":2561094,"tid":2561094,"args":{"ID":1729382256910286851}},{"name":"FR(FeatureB)","cat":"Feature","ph":"E","ts":4000231,"pid":2561094,"tid":2561094,"args":{"ID":1729382256910286851}},{"name":"FR(FeatureD)","cat":"Feature","ph":"B","ts":4000232,"pid":2561094,"tid":2561094,"args":{"ID":1729382256910319619}},{"name":"FR(FeatureD)","cat":"Feature","ph":"E","ts":6000341,"pid":2561094,"tid":2561094,"args":{"ID":1729382256910319619}},{"name":"Base","cat":"Feature","ph":"E","ts":6000345,"pid":2561094,"tid":2561094,"args":{"ID":0}}],"stackFrames":{},"timestampUnit":"us"}