{ "traceEvents":[{"name":"Base","cat":"Feature","ph":"B","ts":0,"pid":2527047,"tid":2527047,"args":{"ID":0}},{"name":"FR(FeatureB)","cat":"Feature","ph":"B","ts":2000129,"pid":2527047,"tid":2527047,"args":{"ID":1729382256910286851}},{"name":"FR(FeatureB)","cat":"Feature","ph":"E","ts":4000221,"pid":2527047,"tid":2527047,"args":{"ID":1729382256910286851}},{"name":"FR(FeatureD)","cat":"Feature","ph":"B","ts":4000222,"pid":2527047,"tid":2527047,"args":{"ID":1729382256910319619}},{"name":"FR(FeatureD)","cat":"Feature","ph":"E","ts":6000344,"pid":2527047,"tid":2527047,"args":{"ID":1729382256910319619}},{"name":"Base","cat":"Feature","ph":"E","ts":6000349,"pid":2527047,"tid":2527047,"args":{"ID":0}}],"stackFrames":{},"timestampUnit":"us"}