{ "traceEvents":[{"name":"Base","cat":"Feature","ph":"B","ts":0,"pid":2546588,"tid":2546588,"args":{"ID":0}},{"name":"FR(FeatureB)","cat":"Feature","ph":"B","ts":2000145,"pid":2546588,"tid":2546588,"args":{"ID":1729382256910286851}},{"name":"FR(FeatureB)","cat":"Feature","ph":"E","ts":4000273,"pid":2546588,"tid":2546588,"args":{"ID":1729382256910286851}},{"name":"FR(FeatureD)","cat":"Feature","ph":"B","ts":4000273,"pid":2546588,"tid":2546588,"args":{"ID":1729382256910319619}},{"name":"FR(FeatureD)","cat":"Feature","ph":"E","ts":6000391,"pid":2546588,"tid":2546588,"args":{"ID":1729382256910319619}},{"name":"Base","cat":"Feature","ph":"E","ts":6000398,"pid":2546588,"tid":2546588,"args":{"ID":0}}],"stackFrames":{},"timestampUnit":"us"}