{ "traceEvents":[{"name":"Base","cat":"Feature","ph":"B","ts":0,"pid":2502111,"tid":2502111,"args":{"ID":0}},{"name":"FR(FeatureB)","cat":"Feature","ph":"B","ts":2000132,"pid":2502111,"tid":2502111,"args":{"ID":1729382256910286851}},{"name":"FR(FeatureB)","cat":"Feature","ph":"E","ts":4000236,"pid":2502111,"tid":2502111,"args":{"ID":1729382256910286851}},{"name":"FR(FeatureD)","cat":"Feature","ph":"B","ts":4000237,"pid":2502111,"tid":2502111,"args":{"ID":1729382256910319619}},{"name":"FR(FeatureD)","cat":"Feature","ph":"E","ts":6000348,"pid":2502111,"tid":2502111,"args":{"ID":1729382256910319619}},{"name":"Base","cat":"Feature","ph":"E","ts":6000353,"pid":2502111,"tid":2502111,"args":{"ID":0}}],"stackFrames":{},"timestampUnit":"us"}