{ "traceEvents":[{"name":"Base","cat":"Feature","ph":"B","ts":0,"pid":1126909,"tid":1126909,"args":{"ID":0}},{"name":"FR(FeatureA)","cat":"Feature","ph":"B","ts":2000116,"pid":1126909,"tid":1126909,"args":{"ID":1729382256910270467}},{"name":"FR(FeatureA)","cat":"Feature","ph":"E","ts":2000117,"pid":1126909,"tid":1126909,"args":{"ID":1729382256910270467}},{"name":"FR(FeatureB)","cat":"Feature","ph":"B","ts":3000208,"pid":1126909,"tid":1126909,"args":{"ID":1729382256910286851}},{"name":"FR(FeatureC)","cat":"Feature","ph":"B","ts":3000209,"pid":1126909,"tid":1126909,"args":{"ID":1729382256910303235}},{"name":"FR(FeatureC)","cat":"Feature","ph":"E","ts":3000215,"pid":1126909,"tid":1126909,"args":{"ID":1729382256910303235}},{"name":"FR(FeatureB)","cat":"Feature","ph":"E","ts":3000216,"pid":1126909,"tid":1126909,"args":{"ID":1729382256910286851}},{"name":"FR(FeatureA)","cat":"Feature","ph":"E","ts":3000216,"pid":1126909,"tid":1126909,"args":{"ID":1729382256910270467}},{"name":"FR(FeatureC)","cat":"Feature","ph":"E","ts":4000290,"pid":1126909,"tid":1126909,"args":{"ID":1729382256910303235}},{"name":"FR(FeatureB)","cat":"Feature","ph":"E","ts":4000291,"pid":1126909,"tid":1126909,"args":{"ID":1729382256910286851}},{"name":"FR(FeatureA)","cat":"Feature","ph":"E","ts":4000291,"pid":1126909,"tid":1126909,"args":{"ID":1729382256910270467}},{"name":"FR(FeatureC)","cat":"Feature","ph":"E","ts":4000292,"pid":1126909,"tid":1126909,"args":{"ID":1729382256910303235}},{"name":"FR(FeatureB)","cat":"Feature","ph":"E","ts":4000293,"pid":1126909,"tid":1126909,"args":{"ID":1729382256910286851}},{"name":"FR(FeatureA)","cat":"Feature","ph":"E","ts":4000294,"pid":1126909,"tid":1126909,"args":{"ID":1729382256910270467}},{"name":"FR(FeatureC)","cat":"Feature","ph":"E","ts":6000399,"pid":1126909,"tid":1126909,"args":{"ID":1729382256910303235}},{"name":"FR(FeatureB)","cat":"Feature","ph":"E","ts":6000401,"pid":1126909,"tid":1126909,"args":{"ID":1729382256910286851}},{"name":"FR(FeatureA)","cat":"Feature","ph":"E","ts":6000401,"pid":1126909,"tid":1126909,"args":{"ID":1729382256910270467}},{"name":"FR(FeatureA)","cat":"Feature","ph":"B","ts":6000402,"pid":1126909,"tid":1126909,"args":{"ID":1729382256910319619}},{"name":"FR(FeatureC)","cat":"Feature","ph":"B","ts":6000403,"pid":1126909,"tid":1126909,"args":{"ID":1729382256910352387}},{"name":"FR(FeatureC)","cat":"Feature","ph":"E","ts":6000403,"pid":1126909,"tid":1126909,"args":{"ID":1729382256910352387}},{"name":"FR(FeatureA)","cat":"Feature","ph":"E","ts":6000404,"pid":1126909,"tid":1126909,"args":{"ID":1729382256910319619}},{"name":"FR(FeatureC)","cat":"Feature","ph":"E","ts":6000404,"pid":1126909,"tid":1126909,"args":{"ID":1729382256910303235}},{"name":"FR(FeatureB)","cat":"Feature","ph":"E","ts":6000404,"pid":1126909,"tid":1126909,"args":{"ID":1729382256910286851}},{"name":"FR(FeatureA)","cat":"Feature","ph":"E","ts":6000405,"pid":1126909,"tid":1126909,"args":{"ID":1729382256910270467}},{"name":"FR(FeatureC)","cat":"Feature","ph":"E","ts":6000405,"pid":1126909,"tid":1126909,"args":{"ID":1729382256910352387}},{"name":"FR(FeatureA)","cat":"Feature","ph":"E","ts":6000405,"pid":1126909,"tid":1126909,"args":{"ID":1729382256910319619}},{"name":"FR(FeatureC)","cat":"Feature","ph":"E","ts":6000406,"pid":1126909,"tid":1126909,"args":{"ID":1729382256910303235}},{"name":"FR(FeatureB)","cat":"Feature","ph":"E","ts":6000406,"pid":1126909,"tid":1126909,"args":{"ID":1729382256910286851}},{"name":"FR(FeatureA)","cat":"Feature","ph":"E","ts":6000406,"pid":1126909,"tid":1126909,"args":{"ID":1729382256910270467}},{"name":"FR(FeatureC)","cat":"Feature","ph":"E","ts":6000434,"pid":1126909,"tid":1126909,"args":{"ID":1729382256910352387}},{"name":"FR(FeatureA)","cat":"Feature","ph":"E","ts":6000435,"pid":1126909,"tid":1126909,"args":{"ID":1729382256910319619}},{"name":"FR(FeatureC)","cat":"Feature","ph":"E","ts":6000435,"pid":1126909,"tid":1126909,"args":{"ID":1729382256910303235}},{"name":"FR(FeatureB)","cat":"Feature","ph":"E","ts":6000436,"pid":1126909,"tid":1126909,"args":{"ID":1729382256910286851}},{"name":"FR(FeatureA)","cat":"Feature","ph":"E","ts":6000437,"pid":1126909,"tid":1126909,"args":{"ID":1729382256910270467}},{"name":"Base","cat":"Feature","ph":"E","ts":6000438,"pid":1126909,"tid":1126909,"args":{"ID":0}}],"stackFrames":{},"timestampUnit":"us"}