{ "traceEvents":[{"name":"Base","cat":"Feature","ph":"B","ts":0,"pid":2670964,"tid":2670964,"args":{"ID":0}},{"name":"FR(FeatureA)","cat":"Feature","ph":"B","ts":2000112,"pid":2670964,"tid":2670964,"args":{"ID":1729382256910270467}},{"name":"FR(FeatureA)","cat":"Feature","ph":"E","ts":3000195,"pid":2670964,"tid":2670964,"args":{"ID":1729382256910270467}},{"name":"FR(FeatureB)","cat":"Feature","ph":"B","ts":3000195,"pid":2670964,"tid":2670964,"args":{"ID":1729382256910286851}},{"name":"FR(FeatureB)","cat":"Feature","ph":"E","ts":5000274,"pid":2670964,"tid":2670964,"args":{"ID":1729382256910286851}},{"name":"FR(FeatureD)","cat":"Feature","ph":"B","ts":5000280,"pid":2670964,"tid":2670964,"args":{"ID":1729382256910319619}},{"name":"FR(FeatureD)","cat":"Feature","ph":"E","ts":7000369,"pid":2670964,"tid":2670964,"args":{"ID":1729382256910319619}},{"name":"FR(FeatureA)","cat":"Feature","ph":"B","ts":7000370,"pid":2670964,"tid":2670964,"args":{"ID":1729382256910336003}},{"name":"FR(FeatureB)","cat":"Feature","ph":"B","ts":7000370,"pid":2670964,"tid":2670964,"args":{"ID":1729382256910352387}},{"name":"FR(FeatureA)","cat":"Feature","ph":"E","ts":9000469,"pid":2670964,"tid":2670964,"args":{"ID":1729382256910336003}},{"name":"FR(FeatureB)","cat":"Feature","ph":"E","ts":9000470,"pid":2670964,"tid":2670964,"args":{"ID":1729382256910352387}},{"name":"Base","cat":"Feature","ph":"E","ts":9000470,"pid":2670964,"tid":2670964,"args":{"ID":0}}],"stackFrames":{},"timestampUnit":"us"}