{ "traceEvents":[{"name":"Base","cat":"Feature","ph":"B","ts":0,"pid":2734144,"tid":2734144,"args":{"ID":0}},{"name":"FR(FeatureA)","cat":"Feature","ph":"B","ts":2000115,"pid":2734144,"tid":2734144,"args":{"ID":1729382256910270467}},{"name":"FR(FeatureA)","cat":"Feature","ph":"E","ts":3000223,"pid":2734144,"tid":2734144,"args":{"ID":1729382256910270467}},{"name":"FR(FeatureB)","cat":"Feature","ph":"B","ts":3000224,"pid":2734144,"tid":2734144,"args":{"ID":1729382256910286851}},{"name":"FR(FeatureB)","cat":"Feature","ph":"E","ts":5000323,"pid":2734144,"tid":2734144,"args":{"ID":1729382256910286851}},{"name":"FR(FeatureD)","cat":"Feature","ph":"B","ts":5000328,"pid":2734144,"tid":2734144,"args":{"ID":1729382256910319619}},{"name":"FR(FeatureD)","cat":"Feature","ph":"E","ts":7000440,"pid":2734144,"tid":2734144,"args":{"ID":1729382256910319619}},{"name":"FR(FeatureA)","cat":"Feature","ph":"B","ts":7000440,"pid":2734144,"tid":2734144,"args":{"ID":1729382256910336003}},{"name":"FR(FeatureB)","cat":"Feature","ph":"B","ts":7000441,"pid":2734144,"tid":2734144,"args":{"ID":1729382256910352387}},{"name":"FR(FeatureA)","cat":"Feature","ph":"E","ts":9000541,"pid":2734144,"tid":2734144,"args":{"ID":1729382256910336003}},{"name":"FR(FeatureB)","cat":"Feature","ph":"E","ts":9000543,"pid":2734144,"tid":2734144,"args":{"ID":1729382256910352387}},{"name":"Base","cat":"Feature","ph":"E","ts":9000543,"pid":2734144,"tid":2734144,"args":{"ID":0}}],"stackFrames":{},"timestampUnit":"us"}