{ "traceEvents":[{"name":"Base","cat":"Feature","ph":"B","ts":0,"pid":2740674,"tid":2740674,"args":{"ID":0}},{"name":"FR(FeatureA)","cat":"Feature","ph":"B","ts":2000116,"pid":2740674,"tid":2740674,"args":{"ID":1729382256910270467}},{"name":"FR(FeatureA)","cat":"Feature","ph":"E","ts":3000209,"pid":2740674,"tid":2740674,"args":{"ID":1729382256910270467}},{"name":"FR(FeatureB)","cat":"Feature","ph":"B","ts":3000210,"pid":2740674,"tid":2740674,"args":{"ID":1729382256910286851}},{"name":"FR(FeatureB)","cat":"Feature","ph":"E","ts":5000307,"pid":2740674,"tid":2740674,"args":{"ID":1729382256910286851}},{"name":"FR(FeatureD)","cat":"Feature","ph":"B","ts":5000312,"pid":2740674,"tid":2740674,"args":{"ID":1729382256910319619}},{"name":"FR(FeatureD)","cat":"Feature","ph":"E","ts":7000420,"pid":2740674,"tid":2740674,"args":{"ID":1729382256910319619}},{"name":"FR(FeatureA)","cat":"Feature","ph":"B","ts":7000422,"pid":2740674,"tid":2740674,"args":{"ID":1729382256910336003}},{"name":"FR(FeatureB)","cat":"Feature","ph":"B","ts":7000422,"pid":2740674,"tid":2740674,"args":{"ID":1729382256910352387}},{"name":"FR(FeatureA)","cat":"Feature","ph":"E","ts":9000550,"pid":2740674,"tid":2740674,"args":{"ID":1729382256910336003}},{"name":"FR(FeatureB)","cat":"Feature","ph":"E","ts":9000553,"pid":2740674,"tid":2740674,"args":{"ID":1729382256910352387}},{"name":"Base","cat":"Feature","ph":"E","ts":9000553,"pid":2740674,"tid":2740674,"args":{"ID":0}}],"stackFrames":{},"timestampUnit":"us"}