{ "traceEvents":[{"name":"Base","cat":"Feature","ph":"B","ts":0,"pid":2762513,"tid":2762513,"args":{"ID":0}},{"name":"FR(FeatureA)","cat":"Feature","ph":"B","ts":2000116,"pid":2762513,"tid":2762513,"args":{"ID":1729382256910270467}},{"name":"FR(FeatureA)","cat":"Feature","ph":"E","ts":3000215,"pid":2762513,"tid":2762513,"args":{"ID":1729382256910270467}},{"name":"FR(FeatureB)","cat":"Feature","ph":"B","ts":3000216,"pid":2762513,"tid":2762513,"args":{"ID":1729382256910286851}},{"name":"FR(FeatureB)","cat":"Feature","ph":"E","ts":5000318,"pid":2762513,"tid":2762513,"args":{"ID":1729382256910286851}},{"name":"FR(FeatureD)","cat":"Feature","ph":"B","ts":5000322,"pid":2762513,"tid":2762513,"args":{"ID":1729382256910319619}},{"name":"FR(FeatureD)","cat":"Feature","ph":"E","ts":7000433,"pid":2762513,"tid":2762513,"args":{"ID":1729382256910319619}},{"name":"FR(FeatureA)","cat":"Feature","ph":"B","ts":7000434,"pid":2762513,"tid":2762513,"args":{"ID":1729382256910336003}},{"name":"FR(FeatureB)","cat":"Feature","ph":"B","ts":7000435,"pid":2762513,"tid":2762513,"args":{"ID":1729382256910352387}},{"name":"FR(FeatureA)","cat":"Feature","ph":"E","ts":9000542,"pid":2762513,"tid":2762513,"args":{"ID":1729382256910336003}},{"name":"FR(FeatureB)","cat":"Feature","ph":"E","ts":9000544,"pid":2762513,"tid":2762513,"args":{"ID":1729382256910352387}},{"name":"Base","cat":"Feature","ph":"E","ts":9000545,"pid":2762513,"tid":2762513,"args":{"ID":0}}],"stackFrames":{},"timestampUnit":"us"}