{ "traceEvents":[{"name":"Base","cat":"Feature","ph":"B","ts":0,"pid":2707531,"tid":2707531,"args":{"ID":0}},{"name":"FR(FeatureA)","cat":"Feature","ph":"B","ts":2000104,"pid":2707531,"tid":2707531,"args":{"ID":1729382256910270467}},{"name":"FR(FeatureA)","cat":"Feature","ph":"E","ts":3000200,"pid":2707531,"tid":2707531,"args":{"ID":1729382256910270467}},{"name":"FR(FeatureB)","cat":"Feature","ph":"B","ts":3000200,"pid":2707531,"tid":2707531,"args":{"ID":1729382256910286851}},{"name":"FR(FeatureB)","cat":"Feature","ph":"E","ts":5000284,"pid":2707531,"tid":2707531,"args":{"ID":1729382256910286851}},{"name":"FR(FeatureD)","cat":"Feature","ph":"B","ts":5000291,"pid":2707531,"tid":2707531,"args":{"ID":1729382256910319619}},{"name":"FR(FeatureD)","cat":"Feature","ph":"E","ts":7000397,"pid":2707531,"tid":2707531,"args":{"ID":1729382256910319619}},{"name":"FR(FeatureA)","cat":"Feature","ph":"B","ts":7000397,"pid":2707531,"tid":2707531,"args":{"ID":1729382256910336003}},{"name":"FR(FeatureB)","cat":"Feature","ph":"B","ts":7000398,"pid":2707531,"tid":2707531,"args":{"ID":1729382256910352387}},{"name":"FR(FeatureA)","cat":"Feature","ph":"E","ts":9000508,"pid":2707531,"tid":2707531,"args":{"ID":1729382256910336003}},{"name":"FR(FeatureB)","cat":"Feature","ph":"E","ts":9000511,"pid":2707531,"tid":2707531,"args":{"ID":1729382256910352387}},{"name":"Base","cat":"Feature","ph":"E","ts":9000512,"pid":2707531,"tid":2707531,"args":{"ID":0}}],"stackFrames":{},"timestampUnit":"us"}