{ "traceEvents":[{"name":"Base","cat":"Feature","ph":"B","ts":0,"pid":2717419,"tid":2717419,"args":{"ID":0}},{"name":"FR(FeatureA)","cat":"Feature","ph":"B","ts":2000101,"pid":2717419,"tid":2717419,"args":{"ID":1729382256910270467}},{"name":"FR(FeatureA)","cat":"Feature","ph":"E","ts":3000186,"pid":2717419,"tid":2717419,"args":{"ID":1729382256910270467}},{"name":"FR(FeatureB)","cat":"Feature","ph":"B","ts":3000186,"pid":2717419,"tid":2717419,"args":{"ID":1729382256910286851}},{"name":"FR(FeatureB)","cat":"Feature","ph":"E","ts":5000279,"pid":2717419,"tid":2717419,"args":{"ID":1729382256910286851}},{"name":"FR(FeatureD)","cat":"Feature","ph":"B","ts":5000282,"pid":2717419,"tid":2717419,"args":{"ID":1729382256910319619}},{"name":"FR(FeatureD)","cat":"Feature","ph":"E","ts":7000382,"pid":2717419,"tid":2717419,"args":{"ID":1729382256910319619}},{"name":"FR(FeatureA)","cat":"Feature","ph":"B","ts":7000383,"pid":2717419,"tid":2717419,"args":{"ID":1729382256910336003}},{"name":"FR(FeatureB)","cat":"Feature","ph":"B","ts":7000383,"pid":2717419,"tid":2717419,"args":{"ID":1729382256910352387}},{"name":"FR(FeatureA)","cat":"Feature","ph":"E","ts":9000491,"pid":2717419,"tid":2717419,"args":{"ID":1729382256910336003}},{"name":"FR(FeatureB)","cat":"Feature","ph":"E","ts":9000493,"pid":2717419,"tid":2717419,"args":{"ID":1729382256910352387}},{"name":"Base","cat":"Feature","ph":"E","ts":9000494,"pid":2717419,"tid":2717419,"args":{"ID":0}}],"stackFrames":{},"timestampUnit":"us"}