{ "traceEvents":[{"name":"Base","cat":"Feature","ph":"B","ts":0,"pid":2759421,"tid":2759421,"args":{"ID":0}},{"name":"FR(FeatureA)","cat":"Feature","ph":"B","ts":2000119,"pid":2759421,"tid":2759421,"args":{"ID":1729382256910270467}},{"name":"FR(FeatureA)","cat":"Feature","ph":"E","ts":3000220,"pid":2759421,"tid":2759421,"args":{"ID":1729382256910270467}},{"name":"FR(FeatureB)","cat":"Feature","ph":"B","ts":3000221,"pid":2759421,"tid":2759421,"args":{"ID":1729382256910286851}},{"name":"FR(FeatureB)","cat":"Feature","ph":"E","ts":5000308,"pid":2759421,"tid":2759421,"args":{"ID":1729382256910286851}},{"name":"FR(FeatureD)","cat":"Feature","ph":"B","ts":5000316,"pid":2759421,"tid":2759421,"args":{"ID":1729382256910319619}},{"name":"FR(FeatureD)","cat":"Feature","ph":"E","ts":7000418,"pid":2759421,"tid":2759421,"args":{"ID":1729382256910319619}},{"name":"FR(FeatureA)","cat":"Feature","ph":"B","ts":7000420,"pid":2759421,"tid":2759421,"args":{"ID":1729382256910336003}},{"name":"FR(FeatureB)","cat":"Feature","ph":"B","ts":7000421,"pid":2759421,"tid":2759421,"args":{"ID":1729382256910352387}},{"name":"FR(FeatureA)","cat":"Feature","ph":"E","ts":9000516,"pid":2759421,"tid":2759421,"args":{"ID":1729382256910336003}},{"name":"FR(FeatureB)","cat":"Feature","ph":"E","ts":9000517,"pid":2759421,"tid":2759421,"args":{"ID":1729382256910352387}},{"name":"Base","cat":"Feature","ph":"E","ts":9000518,"pid":2759421,"tid":2759421,"args":{"ID":0}}],"stackFrames":{},"timestampUnit":"us"}