{ "traceEvents":[{"name":"Base","cat":"Feature","ph":"B","ts":0,"pid":2721006,"tid":2721006,"args":{"ID":0}},{"name":"FR(FeatureA)","cat":"Feature","ph":"B","ts":2000120,"pid":2721006,"tid":2721006,"args":{"ID":1729382256910270467}},{"name":"FR(FeatureA)","cat":"Feature","ph":"E","ts":3000222,"pid":2721006,"tid":2721006,"args":{"ID":1729382256910270467}},{"name":"FR(FeatureB)","cat":"Feature","ph":"B","ts":3000223,"pid":2721006,"tid":2721006,"args":{"ID":1729382256910286851}},{"name":"FR(FeatureB)","cat":"Feature","ph":"E","ts":5000332,"pid":2721006,"tid":2721006,"args":{"ID":1729382256910286851}},{"name":"FR(FeatureD)","cat":"Feature","ph":"B","ts":5000342,"pid":2721006,"tid":2721006,"args":{"ID":1729382256910319619}},{"name":"FR(FeatureD)","cat":"Feature","ph":"E","ts":7000455,"pid":2721006,"tid":2721006,"args":{"ID":1729382256910319619}},{"name":"FR(FeatureA)","cat":"Feature","ph":"B","ts":7000456,"pid":2721006,"tid":2721006,"args":{"ID":1729382256910336003}},{"name":"FR(FeatureB)","cat":"Feature","ph":"B","ts":7000457,"pid":2721006,"tid":2721006,"args":{"ID":1729382256910352387}},{"name":"FR(FeatureA)","cat":"Feature","ph":"E","ts":9000569,"pid":2721006,"tid":2721006,"args":{"ID":1729382256910336003}},{"name":"FR(FeatureB)","cat":"Feature","ph":"E","ts":9000571,"pid":2721006,"tid":2721006,"args":{"ID":1729382256910352387}},{"name":"Base","cat":"Feature","ph":"E","ts":9000572,"pid":2721006,"tid":2721006,"args":{"ID":0}}],"stackFrames":{},"timestampUnit":"us"}