{ "traceEvents":[{"name":"Base","cat":"Feature","ph":"B","ts":0,"pid":2710727,"tid":2710727,"args":{"ID":0}},{"name":"FR(FeatureA)","cat":"Feature","ph":"B","ts":2000103,"pid":2710727,"tid":2710727,"args":{"ID":1729382256910270467}},{"name":"FR(FeatureA)","cat":"Feature","ph":"E","ts":3000189,"pid":2710727,"tid":2710727,"args":{"ID":1729382256910270467}},{"name":"FR(FeatureB)","cat":"Feature","ph":"B","ts":3000189,"pid":2710727,"tid":2710727,"args":{"ID":1729382256910286851}},{"name":"FR(FeatureB)","cat":"Feature","ph":"E","ts":5000270,"pid":2710727,"tid":2710727,"args":{"ID":1729382256910286851}},{"name":"FR(FeatureD)","cat":"Feature","ph":"B","ts":5000277,"pid":2710727,"tid":2710727,"args":{"ID":1729382256910319619}},{"name":"FR(FeatureD)","cat":"Feature","ph":"E","ts":7000372,"pid":2710727,"tid":2710727,"args":{"ID":1729382256910319619}},{"name":"FR(FeatureA)","cat":"Feature","ph":"B","ts":7000372,"pid":2710727,"tid":2710727,"args":{"ID":1729382256910336003}},{"name":"FR(FeatureB)","cat":"Feature","ph":"B","ts":7000373,"pid":2710727,"tid":2710727,"args":{"ID":1729382256910352387}},{"name":"FR(FeatureA)","cat":"Feature","ph":"E","ts":9000473,"pid":2710727,"tid":2710727,"args":{"ID":1729382256910336003}},{"name":"FR(FeatureB)","cat":"Feature","ph":"E","ts":9000474,"pid":2710727,"tid":2710727,"args":{"ID":1729382256910352387}},{"name":"Base","cat":"Feature","ph":"E","ts":9000475,"pid":2710727,"tid":2710727,"args":{"ID":0}}],"stackFrames":{},"timestampUnit":"us"}