{ "traceEvents":[{"name":"Base","cat":"Feature","ph":"B","ts":0,"pid":2714322,"tid":2714322,"args":{"ID":0}},{"name":"FR(FeatureA)","cat":"Feature","ph":"B","ts":2000112,"pid":2714322,"tid":2714322,"args":{"ID":1729382256910270467}},{"name":"FR(FeatureA)","cat":"Feature","ph":"E","ts":3000213,"pid":2714322,"tid":2714322,"args":{"ID":1729382256910270467}},{"name":"FR(FeatureB)","cat":"Feature","ph":"B","ts":3000214,"pid":2714322,"tid":2714322,"args":{"ID":1729382256910286851}},{"name":"FR(FeatureB)","cat":"Feature","ph":"E","ts":5000315,"pid":2714322,"tid":2714322,"args":{"ID":1729382256910286851}},{"name":"FR(FeatureD)","cat":"Feature","ph":"B","ts":5000321,"pid":2714322,"tid":2714322,"args":{"ID":1729382256910319619}},{"name":"FR(FeatureD)","cat":"Feature","ph":"E","ts":7000433,"pid":2714322,"tid":2714322,"args":{"ID":1729382256910319619}},{"name":"FR(FeatureA)","cat":"Feature","ph":"B","ts":7000435,"pid":2714322,"tid":2714322,"args":{"ID":1729382256910336003}},{"name":"FR(FeatureB)","cat":"Feature","ph":"B","ts":7000435,"pid":2714322,"tid":2714322,"args":{"ID":1729382256910352387}},{"name":"FR(FeatureA)","cat":"Feature","ph":"E","ts":9000550,"pid":2714322,"tid":2714322,"args":{"ID":1729382256910336003}},{"name":"FR(FeatureB)","cat":"Feature","ph":"E","ts":9000551,"pid":2714322,"tid":2714322,"args":{"ID":1729382256910352387}},{"name":"Base","cat":"Feature","ph":"E","ts":9000552,"pid":2714322,"tid":2714322,"args":{"ID":0}}],"stackFrames":{},"timestampUnit":"us"}