{ "traceEvents":[{"name":"Base","cat":"Feature","ph":"B","ts":0,"pid":2753279,"tid":2753279,"args":{"ID":0}},{"name":"FR(FeatureA)","cat":"Feature","ph":"B","ts":2000109,"pid":2753279,"tid":2753279,"args":{"ID":1729382256910270467}},{"name":"FR(FeatureA)","cat":"Feature","ph":"E","ts":3000196,"pid":2753279,"tid":2753279,"args":{"ID":1729382256910270467}},{"name":"FR(FeatureB)","cat":"Feature","ph":"B","ts":3000196,"pid":2753279,"tid":2753279,"args":{"ID":1729382256910286851}},{"name":"FR(FeatureB)","cat":"Feature","ph":"E","ts":5000271,"pid":2753279,"tid":2753279,"args":{"ID":1729382256910286851}},{"name":"FR(FeatureD)","cat":"Feature","ph":"B","ts":5000277,"pid":2753279,"tid":2753279,"args":{"ID":1729382256910319619}},{"name":"FR(FeatureD)","cat":"Feature","ph":"E","ts":7000375,"pid":2753279,"tid":2753279,"args":{"ID":1729382256910319619}},{"name":"FR(FeatureA)","cat":"Feature","ph":"B","ts":7000375,"pid":2753279,"tid":2753279,"args":{"ID":1729382256910336003}},{"name":"FR(FeatureB)","cat":"Feature","ph":"B","ts":7000376,"pid":2753279,"tid":2753279,"args":{"ID":1729382256910352387}},{"name":"FR(FeatureA)","cat":"Feature","ph":"E","ts":9000479,"pid":2753279,"tid":2753279,"args":{"ID":1729382256910336003}},{"name":"FR(FeatureB)","cat":"Feature","ph":"E","ts":9000480,"pid":2753279,"tid":2753279,"args":{"ID":1729382256910352387}},{"name":"Base","cat":"Feature","ph":"E","ts":9000480,"pid":2753279,"tid":2753279,"args":{"ID":0}}],"stackFrames":{},"timestampUnit":"us"}