{ "traceEvents":[{"name":"Base","cat":"Feature","ph":"B","ts":0,"pid":2700975,"tid":2700975,"args":{"ID":0}},{"name":"FR(FeatureA)","cat":"Feature","ph":"B","ts":2000126,"pid":2700975,"tid":2700975,"args":{"ID":1729382256910270467}},{"name":"FR(FeatureA)","cat":"Feature","ph":"E","ts":3000222,"pid":2700975,"tid":2700975,"args":{"ID":1729382256910270467}},{"name":"FR(FeatureB)","cat":"Feature","ph":"B","ts":3000222,"pid":2700975,"tid":2700975,"args":{"ID":1729382256910286851}},{"name":"FR(FeatureB)","cat":"Feature","ph":"E","ts":5000308,"pid":2700975,"tid":2700975,"args":{"ID":1729382256910286851}},{"name":"FR(FeatureD)","cat":"Feature","ph":"B","ts":5000314,"pid":2700975,"tid":2700975,"args":{"ID":1729382256910319619}},{"name":"FR(FeatureD)","cat":"Feature","ph":"E","ts":7000413,"pid":2700975,"tid":2700975,"args":{"ID":1729382256910319619}},{"name":"FR(FeatureA)","cat":"Feature","ph":"B","ts":7000414,"pid":2700975,"tid":2700975,"args":{"ID":1729382256910336003}},{"name":"FR(FeatureB)","cat":"Feature","ph":"B","ts":7000414,"pid":2700975,"tid":2700975,"args":{"ID":1729382256910352387}},{"name":"FR(FeatureA)","cat":"Feature","ph":"E","ts":9000514,"pid":2700975,"tid":2700975,"args":{"ID":1729382256910336003}},{"name":"FR(FeatureB)","cat":"Feature","ph":"E","ts":9000515,"pid":2700975,"tid":2700975,"args":{"ID":1729382256910352387}},{"name":"Base","cat":"Feature","ph":"E","ts":9000515,"pid":2700975,"tid":2700975,"args":{"ID":0}}],"stackFrames":{},"timestampUnit":"us"}