{ "traceEvents":[{"name":"Base","cat":"Feature","ph":"B","ts":0,"pid":3737880,"tid":3737880,"args":{"ID":0}},{"name":"FR(FeatureA)","cat":"Feature","ph":"B","ts":2000143,"pid":3737880,"tid":3737880,"args":{"ID":1729382256910270467}},{"name":"FR(FeatureA)","cat":"Feature","ph":"E","ts":4000237,"pid":3737880,"tid":3737880,"args":{"ID":1729382256910270467}},{"name":"FR(FeatureB)","cat":"Feature","ph":"B","ts":4000238,"pid":3737880,"tid":3737880,"args":{"ID":1729382256910286851}},{"name":"FR(FeatureB)","cat":"Feature","ph":"E","ts":6000336,"pid":3737880,"tid":3737880,"args":{"ID":1729382256910286851}},{"name":"FR(FeatureC)","cat":"Feature","ph":"B","ts":6000341,"pid":3737880,"tid":3737880,"args":{"ID":1729382256910303235}},{"name":"FR(FeatureC)","cat":"Feature","ph":"E","ts":7000436,"pid":3737880,"tid":3737880,"args":{"ID":1729382256910303235}},{"name":"FR(FeatureD)","cat":"Feature","ph":"B","ts":7000436,"pid":3737880,"tid":3737880,"args":{"ID":1729382256910319619}},{"name":"FR(FeatureD)","cat":"Feature","ph":"E","ts":9000531,"pid":3737880,"tid":3737880,"args":{"ID":1729382256910319619}},{"name":"FR(FeatureC)","cat":"Feature","ph":"B","ts":9000533,"pid":3737880,"tid":3737880,"args":{"ID":1729382256910368771}},{"name":"FR(FeatureD)","cat":"Feature","ph":"B","ts":9000534,"pid":3737880,"tid":3737880,"args":{"ID":1729382256910385155}},{"name":"FR(FeatureC)","cat":"Feature","ph":"E","ts":9000559,"pid":3737880,"tid":3737880,"args":{"ID":1729382256910368771}},{"name":"FR(FeatureD)","cat":"Feature","ph":"E","ts":9000560,"pid":3737880,"tid":3737880,"args":{"ID":1729382256910385155}},{"name":"Base","cat":"Feature","ph":"E","ts":9000560,"pid":3737880,"tid":3737880,"args":{"ID":0}}],"stackFrames":{},"timestampUnit":"us"}