{ "traceEvents":[{"name":"Base","cat":"Feature","ph":"B","ts":0,"pid":3775043,"tid":3775043,"args":{"ID":0}},{"name":"FR(FeatureA)","cat":"Feature","ph":"B","ts":2000111,"pid":3775043,"tid":3775043,"args":{"ID":1729382256910270467}},{"name":"FR(FeatureA)","cat":"Feature","ph":"E","ts":4000198,"pid":3775043,"tid":3775043,"args":{"ID":1729382256910270467}},{"name":"FR(FeatureB)","cat":"Feature","ph":"B","ts":4000199,"pid":3775043,"tid":3775043,"args":{"ID":1729382256910286851}},{"name":"FR(FeatureB)","cat":"Feature","ph":"E","ts":6000295,"pid":3775043,"tid":3775043,"args":{"ID":1729382256910286851}},{"name":"FR(FeatureC)","cat":"Feature","ph":"B","ts":6000299,"pid":3775043,"tid":3775043,"args":{"ID":1729382256910303235}},{"name":"FR(FeatureC)","cat":"Feature","ph":"E","ts":7000384,"pid":3775043,"tid":3775043,"args":{"ID":1729382256910303235}},{"name":"FR(FeatureD)","cat":"Feature","ph":"B","ts":7000385,"pid":3775043,"tid":3775043,"args":{"ID":1729382256910319619}},{"name":"FR(FeatureD)","cat":"Feature","ph":"E","ts":9000481,"pid":3775043,"tid":3775043,"args":{"ID":1729382256910319619}},{"name":"FR(FeatureC)","cat":"Feature","ph":"B","ts":9000482,"pid":3775043,"tid":3775043,"args":{"ID":1729382256910368771}},{"name":"FR(FeatureD)","cat":"Feature","ph":"B","ts":9000483,"pid":3775043,"tid":3775043,"args":{"ID":1729382256910385155}},{"name":"FR(FeatureC)","cat":"Feature","ph":"E","ts":9000506,"pid":3775043,"tid":3775043,"args":{"ID":1729382256910368771}},{"name":"FR(FeatureD)","cat":"Feature","ph":"E","ts":9000506,"pid":3775043,"tid":3775043,"args":{"ID":1729382256910385155}},{"name":"Base","cat":"Feature","ph":"E","ts":9000507,"pid":3775043,"tid":3775043,"args":{"ID":0}}],"stackFrames":{},"timestampUnit":"us"}