{ "traceEvents":[{"name":"Base","cat":"Feature","ph":"B","ts":0,"pid":3699495,"tid":3699495,"args":{"ID":0}},{"name":"FR(FeatureA)","cat":"Feature","ph":"B","ts":2000118,"pid":3699495,"tid":3699495,"args":{"ID":1729382256910270467}},{"name":"FR(FeatureA)","cat":"Feature","ph":"E","ts":4000211,"pid":3699495,"tid":3699495,"args":{"ID":1729382256910270467}},{"name":"FR(FeatureB)","cat":"Feature","ph":"B","ts":4000212,"pid":3699495,"tid":3699495,"args":{"ID":1729382256910286851}},{"name":"FR(FeatureB)","cat":"Feature","ph":"E","ts":6000315,"pid":3699495,"tid":3699495,"args":{"ID":1729382256910286851}},{"name":"FR(FeatureC)","cat":"Feature","ph":"B","ts":6000320,"pid":3699495,"tid":3699495,"args":{"ID":1729382256910303235}},{"name":"FR(FeatureC)","cat":"Feature","ph":"E","ts":7000419,"pid":3699495,"tid":3699495,"args":{"ID":1729382256910303235}},{"name":"FR(FeatureD)","cat":"Feature","ph":"B","ts":7000419,"pid":3699495,"tid":3699495,"args":{"ID":1729382256910319619}},{"name":"FR(FeatureD)","cat":"Feature","ph":"E","ts":9000519,"pid":3699495,"tid":3699495,"args":{"ID":1729382256910319619}},{"name":"FR(FeatureC)","cat":"Feature","ph":"B","ts":9000520,"pid":3699495,"tid":3699495,"args":{"ID":1729382256910368771}},{"name":"FR(FeatureD)","cat":"Feature","ph":"B","ts":9000521,"pid":3699495,"tid":3699495,"args":{"ID":1729382256910385155}},{"name":"FR(FeatureC)","cat":"Feature","ph":"E","ts":9000549,"pid":3699495,"tid":3699495,"args":{"ID":1729382256910368771}},{"name":"FR(FeatureD)","cat":"Feature","ph":"E","ts":9000549,"pid":3699495,"tid":3699495,"args":{"ID":1729382256910385155}},{"name":"Base","cat":"Feature","ph":"E","ts":9000550,"pid":3699495,"tid":3699495,"args":{"ID":0}}],"stackFrames":{},"timestampUnit":"us"}