{ "traceEvents":[{"name":"Base","cat":"Feature","ph":"B","ts":0,"pid":3741019,"tid":3741019,"args":{"ID":0}},{"name":"FR(FeatureA)","cat":"Feature","ph":"B","ts":2000124,"pid":3741019,"tid":3741019,"args":{"ID":1729382256910270467}},{"name":"FR(FeatureA)","cat":"Feature","ph":"E","ts":4000229,"pid":3741019,"tid":3741019,"args":{"ID":1729382256910270467}},{"name":"FR(FeatureB)","cat":"Feature","ph":"B","ts":4000230,"pid":3741019,"tid":3741019,"args":{"ID":1729382256910286851}},{"name":"FR(FeatureB)","cat":"Feature","ph":"E","ts":6000351,"pid":3741019,"tid":3741019,"args":{"ID":1729382256910286851}},{"name":"FR(FeatureC)","cat":"Feature","ph":"B","ts":6000357,"pid":3741019,"tid":3741019,"args":{"ID":1729382256910303235}},{"name":"FR(FeatureC)","cat":"Feature","ph":"E","ts":7000467,"pid":3741019,"tid":3741019,"args":{"ID":1729382256910303235}},{"name":"FR(FeatureD)","cat":"Feature","ph":"B","ts":7000467,"pid":3741019,"tid":3741019,"args":{"ID":1729382256910319619}},{"name":"FR(FeatureD)","cat":"Feature","ph":"E","ts":9000562,"pid":3741019,"tid":3741019,"args":{"ID":1729382256910319619}},{"name":"FR(FeatureC)","cat":"Feature","ph":"B","ts":9000562,"pid":3741019,"tid":3741019,"args":{"ID":1729382256910368771}},{"name":"FR(FeatureD)","cat":"Feature","ph":"B","ts":9000563,"pid":3741019,"tid":3741019,"args":{"ID":1729382256910385155}},{"name":"FR(FeatureC)","cat":"Feature","ph":"E","ts":9000581,"pid":3741019,"tid":3741019,"args":{"ID":1729382256910368771}},{"name":"FR(FeatureD)","cat":"Feature","ph":"E","ts":9000582,"pid":3741019,"tid":3741019,"args":{"ID":1729382256910385155}},{"name":"Base","cat":"Feature","ph":"E","ts":9000583,"pid":3741019,"tid":3741019,"args":{"ID":0}}],"stackFrames":{},"timestampUnit":"us"}