{ "traceEvents":[{"name":"Base","cat":"Feature","ph":"B","ts":0,"pid":3685585,"tid":3685585,"args":{"ID":0}},{"name":"FR(FeatureA)","cat":"Feature","ph":"B","ts":2000119,"pid":3685585,"tid":3685585,"args":{"ID":1729382256910270467}},{"name":"FR(FeatureA)","cat":"Feature","ph":"E","ts":4000222,"pid":3685585,"tid":3685585,"args":{"ID":1729382256910270467}},{"name":"FR(FeatureB)","cat":"Feature","ph":"B","ts":4000223,"pid":3685585,"tid":3685585,"args":{"ID":1729382256910286851}},{"name":"FR(FeatureB)","cat":"Feature","ph":"E","ts":6000324,"pid":3685585,"tid":3685585,"args":{"ID":1729382256910286851}},{"name":"FR(FeatureC)","cat":"Feature","ph":"B","ts":6000330,"pid":3685585,"tid":3685585,"args":{"ID":1729382256910303235}},{"name":"FR(FeatureC)","cat":"Feature","ph":"E","ts":7000425,"pid":3685585,"tid":3685585,"args":{"ID":1729382256910303235}},{"name":"FR(FeatureD)","cat":"Feature","ph":"B","ts":7000426,"pid":3685585,"tid":3685585,"args":{"ID":1729382256910319619}},{"name":"FR(FeatureD)","cat":"Feature","ph":"E","ts":9000526,"pid":3685585,"tid":3685585,"args":{"ID":1729382256910319619}},{"name":"FR(FeatureC)","cat":"Feature","ph":"B","ts":9000529,"pid":3685585,"tid":3685585,"args":{"ID":1729382256910368771}},{"name":"FR(FeatureD)","cat":"Feature","ph":"B","ts":9000529,"pid":3685585,"tid":3685585,"args":{"ID":1729382256910385155}},{"name":"FR(FeatureC)","cat":"Feature","ph":"E","ts":9000574,"pid":3685585,"tid":3685585,"args":{"ID":1729382256910368771}},{"name":"FR(FeatureD)","cat":"Feature","ph":"E","ts":9000575,"pid":3685585,"tid":3685585,"args":{"ID":1729382256910385155}},{"name":"Base","cat":"Feature","ph":"E","ts":9000576,"pid":3685585,"tid":3685585,"args":{"ID":0}}],"stackFrames":{},"timestampUnit":"us"}