{ "traceEvents":[{"name":"Base","cat":"Feature","ph":"B","ts":0,"pid":3720363,"tid":3720363,"args":{"ID":0}},{"name":"FR(FeatureA)","cat":"Feature","ph":"B","ts":2000113,"pid":3720363,"tid":3720363,"args":{"ID":1729382256910270467}},{"name":"FR(FeatureA)","cat":"Feature","ph":"E","ts":4000225,"pid":3720363,"tid":3720363,"args":{"ID":1729382256910270467}},{"name":"FR(FeatureB)","cat":"Feature","ph":"B","ts":4000225,"pid":3720363,"tid":3720363,"args":{"ID":1729382256910286851}},{"name":"FR(FeatureB)","cat":"Feature","ph":"E","ts":6000341,"pid":3720363,"tid":3720363,"args":{"ID":1729382256910286851}},{"name":"FR(FeatureC)","cat":"Feature","ph":"B","ts":6000346,"pid":3720363,"tid":3720363,"args":{"ID":1729382256910303235}},{"name":"FR(FeatureC)","cat":"Feature","ph":"E","ts":7000456,"pid":3720363,"tid":3720363,"args":{"ID":1729382256910303235}},{"name":"FR(FeatureD)","cat":"Feature","ph":"B","ts":7000457,"pid":3720363,"tid":3720363,"args":{"ID":1729382256910319619}},{"name":"FR(FeatureD)","cat":"Feature","ph":"E","ts":9000569,"pid":3720363,"tid":3720363,"args":{"ID":1729382256910319619}},{"name":"FR(FeatureC)","cat":"Feature","ph":"B","ts":9000571,"pid":3720363,"tid":3720363,"args":{"ID":1729382256910368771}},{"name":"FR(FeatureD)","cat":"Feature","ph":"B","ts":9000571,"pid":3720363,"tid":3720363,"args":{"ID":1729382256910385155}},{"name":"FR(FeatureC)","cat":"Feature","ph":"E","ts":9000594,"pid":3720363,"tid":3720363,"args":{"ID":1729382256910368771}},{"name":"FR(FeatureD)","cat":"Feature","ph":"E","ts":9000595,"pid":3720363,"tid":3720363,"args":{"ID":1729382256910385155}},{"name":"Base","cat":"Feature","ph":"E","ts":9000596,"pid":3720363,"tid":3720363,"args":{"ID":0}}],"stackFrames":{},"timestampUnit":"us"}