{ "traceEvents":[{"name":"Base","cat":"Feature","ph":"B","ts":0,"pid":3758185,"tid":3758185,"args":{"ID":0}},{"name":"FR(FeatureA)","cat":"Feature","ph":"B","ts":2000101,"pid":3758185,"tid":3758185,"args":{"ID":1729382256910270467}},{"name":"FR(FeatureA)","cat":"Feature","ph":"E","ts":4000193,"pid":3758185,"tid":3758185,"args":{"ID":1729382256910270467}},{"name":"FR(FeatureB)","cat":"Feature","ph":"B","ts":4000193,"pid":3758185,"tid":3758185,"args":{"ID":1729382256910286851}},{"name":"FR(FeatureB)","cat":"Feature","ph":"E","ts":6000302,"pid":3758185,"tid":3758185,"args":{"ID":1729382256910286851}},{"name":"FR(FeatureC)","cat":"Feature","ph":"B","ts":6000308,"pid":3758185,"tid":3758185,"args":{"ID":1729382256910303235}},{"name":"FR(FeatureC)","cat":"Feature","ph":"E","ts":7000406,"pid":3758185,"tid":3758185,"args":{"ID":1729382256910303235}},{"name":"FR(FeatureD)","cat":"Feature","ph":"B","ts":7000406,"pid":3758185,"tid":3758185,"args":{"ID":1729382256910319619}},{"name":"FR(FeatureD)","cat":"Feature","ph":"E","ts":9000515,"pid":3758185,"tid":3758185,"args":{"ID":1729382256910319619}},{"name":"FR(FeatureC)","cat":"Feature","ph":"B","ts":9000517,"pid":3758185,"tid":3758185,"args":{"ID":1729382256910368771}},{"name":"FR(FeatureD)","cat":"Feature","ph":"B","ts":9000518,"pid":3758185,"tid":3758185,"args":{"ID":1729382256910385155}},{"name":"FR(FeatureC)","cat":"Feature","ph":"E","ts":9000544,"pid":3758185,"tid":3758185,"args":{"ID":1729382256910368771}},{"name":"FR(FeatureD)","cat":"Feature","ph":"E","ts":9000545,"pid":3758185,"tid":3758185,"args":{"ID":1729382256910385155}},{"name":"Base","cat":"Feature","ph":"E","ts":9000546,"pid":3758185,"tid":3758185,"args":{"ID":0}}],"stackFrames":{},"timestampUnit":"us"}