{ "traceEvents":[{"name":"Base","cat":"Feature","ph":"B","ts":0,"pid":3761669,"tid":3761669,"args":{"ID":0}},{"name":"FR(FeatureA)","cat":"Feature","ph":"B","ts":2000100,"pid":3761669,"tid":3761669,"args":{"ID":1729382256910270467}},{"name":"FR(FeatureA)","cat":"Feature","ph":"E","ts":4000193,"pid":3761669,"tid":3761669,"args":{"ID":1729382256910270467}},{"name":"FR(FeatureB)","cat":"Feature","ph":"B","ts":4000193,"pid":3761669,"tid":3761669,"args":{"ID":1729382256910286851}},{"name":"FR(FeatureB)","cat":"Feature","ph":"E","ts":6000292,"pid":3761669,"tid":3761669,"args":{"ID":1729382256910286851}},{"name":"FR(FeatureC)","cat":"Feature","ph":"B","ts":6000297,"pid":3761669,"tid":3761669,"args":{"ID":1729382256910303235}},{"name":"FR(FeatureC)","cat":"Feature","ph":"E","ts":7000390,"pid":3761669,"tid":3761669,"args":{"ID":1729382256910303235}},{"name":"FR(FeatureD)","cat":"Feature","ph":"B","ts":7000391,"pid":3761669,"tid":3761669,"args":{"ID":1729382256910319619}},{"name":"FR(FeatureD)","cat":"Feature","ph":"E","ts":9000475,"pid":3761669,"tid":3761669,"args":{"ID":1729382256910319619}},{"name":"FR(FeatureC)","cat":"Feature","ph":"B","ts":9000475,"pid":3761669,"tid":3761669,"args":{"ID":1729382256910368771}},{"name":"FR(FeatureD)","cat":"Feature","ph":"B","ts":9000476,"pid":3761669,"tid":3761669,"args":{"ID":1729382256910385155}},{"name":"FR(FeatureC)","cat":"Feature","ph":"E","ts":9000491,"pid":3761669,"tid":3761669,"args":{"ID":1729382256910368771}},{"name":"FR(FeatureD)","cat":"Feature","ph":"E","ts":9000492,"pid":3761669,"tid":3761669,"args":{"ID":1729382256910385155}},{"name":"Base","cat":"Feature","ph":"E","ts":9000492,"pid":3761669,"tid":3761669,"args":{"ID":0}}],"stackFrames":{},"timestampUnit":"us"}