{ "traceEvents":[{"name":"Base","cat":"Feature","ph":"B","ts":0,"pid":3754641,"tid":3754641,"args":{"ID":0}},{"name":"FR(FeatureA)","cat":"Feature","ph":"B","ts":2000118,"pid":3754641,"tid":3754641,"args":{"ID":1729382256910270467}},{"name":"FR(FeatureA)","cat":"Feature","ph":"E","ts":4000217,"pid":3754641,"tid":3754641,"args":{"ID":1729382256910270467}},{"name":"FR(FeatureB)","cat":"Feature","ph":"B","ts":4000218,"pid":3754641,"tid":3754641,"args":{"ID":1729382256910286851}},{"name":"FR(FeatureB)","cat":"Feature","ph":"E","ts":6000320,"pid":3754641,"tid":3754641,"args":{"ID":1729382256910286851}},{"name":"FR(FeatureC)","cat":"Feature","ph":"B","ts":6000324,"pid":3754641,"tid":3754641,"args":{"ID":1729382256910303235}},{"name":"FR(FeatureC)","cat":"Feature","ph":"E","ts":7000417,"pid":3754641,"tid":3754641,"args":{"ID":1729382256910303235}},{"name":"FR(FeatureD)","cat":"Feature","ph":"B","ts":7000418,"pid":3754641,"tid":3754641,"args":{"ID":1729382256910319619}},{"name":"FR(FeatureD)","cat":"Feature","ph":"E","ts":9000500,"pid":3754641,"tid":3754641,"args":{"ID":1729382256910319619}},{"name":"FR(FeatureC)","cat":"Feature","ph":"B","ts":9000501,"pid":3754641,"tid":3754641,"args":{"ID":1729382256910368771}},{"name":"FR(FeatureD)","cat":"Feature","ph":"B","ts":9000501,"pid":3754641,"tid":3754641,"args":{"ID":1729382256910385155}},{"name":"FR(FeatureC)","cat":"Feature","ph":"E","ts":9000518,"pid":3754641,"tid":3754641,"args":{"ID":1729382256910368771}},{"name":"FR(FeatureD)","cat":"Feature","ph":"E","ts":9000519,"pid":3754641,"tid":3754641,"args":{"ID":1729382256910385155}},{"name":"Base","cat":"Feature","ph":"E","ts":9000519,"pid":3754641,"tid":3754641,"args":{"ID":0}}],"stackFrames":{},"timestampUnit":"us"}