{ "traceEvents":[{"name":"Base","cat":"Feature","ph":"B","ts":0,"pid":3768478,"tid":3768478,"args":{"ID":0}},{"name":"FR(FeatureA)","cat":"Feature","ph":"B","ts":2000112,"pid":3768478,"tid":3768478,"args":{"ID":1729382256910270467}},{"name":"FR(FeatureA)","cat":"Feature","ph":"E","ts":4000214,"pid":3768478,"tid":3768478,"args":{"ID":1729382256910270467}},{"name":"FR(FeatureB)","cat":"Feature","ph":"B","ts":4000215,"pid":3768478,"tid":3768478,"args":{"ID":1729382256910286851}},{"name":"FR(FeatureB)","cat":"Feature","ph":"E","ts":6000325,"pid":3768478,"tid":3768478,"args":{"ID":1729382256910286851}},{"name":"FR(FeatureC)","cat":"Feature","ph":"B","ts":6000333,"pid":3768478,"tid":3768478,"args":{"ID":1729382256910303235}},{"name":"FR(FeatureC)","cat":"Feature","ph":"E","ts":7000433,"pid":3768478,"tid":3768478,"args":{"ID":1729382256910303235}},{"name":"FR(FeatureD)","cat":"Feature","ph":"B","ts":7000433,"pid":3768478,"tid":3768478,"args":{"ID":1729382256910319619}},{"name":"FR(FeatureD)","cat":"Feature","ph":"E","ts":9000541,"pid":3768478,"tid":3768478,"args":{"ID":1729382256910319619}},{"name":"FR(FeatureC)","cat":"Feature","ph":"B","ts":9000545,"pid":3768478,"tid":3768478,"args":{"ID":1729382256910368771}},{"name":"FR(FeatureD)","cat":"Feature","ph":"B","ts":9000545,"pid":3768478,"tid":3768478,"args":{"ID":1729382256910385155}},{"name":"FR(FeatureC)","cat":"Feature","ph":"E","ts":9000572,"pid":3768478,"tid":3768478,"args":{"ID":1729382256910368771}},{"name":"FR(FeatureD)","cat":"Feature","ph":"E","ts":9000573,"pid":3768478,"tid":3768478,"args":{"ID":1729382256910385155}},{"name":"Base","cat":"Feature","ph":"E","ts":9000574,"pid":3768478,"tid":3768478,"args":{"ID":0}}],"stackFrames":{},"timestampUnit":"us"}