{ "traceEvents":[{"name":"Base","cat":"Feature","ph":"B","ts":0,"pid":3730794,"tid":3730794,"args":{"ID":0}},{"name":"FR(FeatureA)","cat":"Feature","ph":"B","ts":2000109,"pid":3730794,"tid":3730794,"args":{"ID":1729382256910270467}},{"name":"FR(FeatureA)","cat":"Feature","ph":"E","ts":4000199,"pid":3730794,"tid":3730794,"args":{"ID":1729382256910270467}},{"name":"FR(FeatureB)","cat":"Feature","ph":"B","ts":4000199,"pid":3730794,"tid":3730794,"args":{"ID":1729382256910286851}},{"name":"FR(FeatureB)","cat":"Feature","ph":"E","ts":6000300,"pid":3730794,"tid":3730794,"args":{"ID":1729382256910286851}},{"name":"FR(FeatureC)","cat":"Feature","ph":"B","ts":6000308,"pid":3730794,"tid":3730794,"args":{"ID":1729382256910303235}},{"name":"FR(FeatureC)","cat":"Feature","ph":"E","ts":7000402,"pid":3730794,"tid":3730794,"args":{"ID":1729382256910303235}},{"name":"FR(FeatureD)","cat":"Feature","ph":"B","ts":7000402,"pid":3730794,"tid":3730794,"args":{"ID":1729382256910319619}},{"name":"FR(FeatureD)","cat":"Feature","ph":"E","ts":9000501,"pid":3730794,"tid":3730794,"args":{"ID":1729382256910319619}},{"name":"FR(FeatureC)","cat":"Feature","ph":"B","ts":9000501,"pid":3730794,"tid":3730794,"args":{"ID":1729382256910368771}},{"name":"FR(FeatureD)","cat":"Feature","ph":"B","ts":9000502,"pid":3730794,"tid":3730794,"args":{"ID":1729382256910385155}},{"name":"FR(FeatureC)","cat":"Feature","ph":"E","ts":9000529,"pid":3730794,"tid":3730794,"args":{"ID":1729382256910368771}},{"name":"FR(FeatureD)","cat":"Feature","ph":"E","ts":9000529,"pid":3730794,"tid":3730794,"args":{"ID":1729382256910385155}},{"name":"Base","cat":"Feature","ph":"E","ts":9000530,"pid":3730794,"tid":3730794,"args":{"ID":0}}],"stackFrames":{},"timestampUnit":"us"}