{ "traceEvents":[{"name":"Base","cat":"Feature","ph":"B","ts":0,"pid":3682095,"tid":3682095,"args":{"ID":0}},{"name":"FR(FeatureA)","cat":"Feature","ph":"B","ts":2000117,"pid":3682095,"tid":3682095,"args":{"ID":1729382256910270467}},{"name":"FR(FeatureA)","cat":"Feature","ph":"E","ts":4000206,"pid":3682095,"tid":3682095,"args":{"ID":1729382256910270467}},{"name":"FR(FeatureB)","cat":"Feature","ph":"B","ts":4000207,"pid":3682095,"tid":3682095,"args":{"ID":1729382256910286851}},{"name":"FR(FeatureB)","cat":"Feature","ph":"E","ts":6000298,"pid":3682095,"tid":3682095,"args":{"ID":1729382256910286851}},{"name":"FR(FeatureC)","cat":"Feature","ph":"B","ts":6000305,"pid":3682095,"tid":3682095,"args":{"ID":1729382256910303235}},{"name":"FR(FeatureC)","cat":"Feature","ph":"E","ts":7000391,"pid":3682095,"tid":3682095,"args":{"ID":1729382256910303235}},{"name":"FR(FeatureD)","cat":"Feature","ph":"B","ts":7000392,"pid":3682095,"tid":3682095,"args":{"ID":1729382256910319619}},{"name":"FR(FeatureD)","cat":"Feature","ph":"E","ts":9000485,"pid":3682095,"tid":3682095,"args":{"ID":1729382256910319619}},{"name":"FR(FeatureC)","cat":"Feature","ph":"B","ts":9000487,"pid":3682095,"tid":3682095,"args":{"ID":1729382256910368771}},{"name":"FR(FeatureD)","cat":"Feature","ph":"B","ts":9000488,"pid":3682095,"tid":3682095,"args":{"ID":1729382256910385155}},{"name":"FR(FeatureC)","cat":"Feature","ph":"E","ts":9000509,"pid":3682095,"tid":3682095,"args":{"ID":1729382256910368771}},{"name":"FR(FeatureD)","cat":"Feature","ph":"E","ts":9000509,"pid":3682095,"tid":3682095,"args":{"ID":1729382256910385155}},{"name":"Base","cat":"Feature","ph":"E","ts":9000510,"pid":3682095,"tid":3682095,"args":{"ID":0}}],"stackFrames":{},"timestampUnit":"us"}