{ "traceEvents":[{"name":"Base","cat":"Feature","ph":"B","ts":0,"pid":3772034,"tid":3772034,"args":{"ID":0}},{"name":"FR(FeatureA)","cat":"Feature","ph":"B","ts":2000102,"pid":3772034,"tid":3772034,"args":{"ID":1729382256910270467}},{"name":"FR(FeatureA)","cat":"Feature","ph":"E","ts":4000191,"pid":3772034,"tid":3772034,"args":{"ID":1729382256910270467}},{"name":"FR(FeatureB)","cat":"Feature","ph":"B","ts":4000192,"pid":3772034,"tid":3772034,"args":{"ID":1729382256910286851}},{"name":"FR(FeatureB)","cat":"Feature","ph":"E","ts":6000287,"pid":3772034,"tid":3772034,"args":{"ID":1729382256910286851}},{"name":"FR(FeatureC)","cat":"Feature","ph":"B","ts":6000293,"pid":3772034,"tid":3772034,"args":{"ID":1729382256910303235}},{"name":"FR(FeatureC)","cat":"Feature","ph":"E","ts":7000404,"pid":3772034,"tid":3772034,"args":{"ID":1729382256910303235}},{"name":"FR(FeatureD)","cat":"Feature","ph":"B","ts":7000404,"pid":3772034,"tid":3772034,"args":{"ID":1729382256910319619}},{"name":"FR(FeatureD)","cat":"Feature","ph":"E","ts":9000516,"pid":3772034,"tid":3772034,"args":{"ID":1729382256910319619}},{"name":"FR(FeatureC)","cat":"Feature","ph":"B","ts":9000517,"pid":3772034,"tid":3772034,"args":{"ID":1729382256910368771}},{"name":"FR(FeatureD)","cat":"Feature","ph":"B","ts":9000517,"pid":3772034,"tid":3772034,"args":{"ID":1729382256910385155}},{"name":"FR(FeatureC)","cat":"Feature","ph":"E","ts":9000538,"pid":3772034,"tid":3772034,"args":{"ID":1729382256910368771}},{"name":"FR(FeatureD)","cat":"Feature","ph":"E","ts":9000539,"pid":3772034,"tid":3772034,"args":{"ID":1729382256910385155}},{"name":"Base","cat":"Feature","ph":"E","ts":9000539,"pid":3772034,"tid":3772034,"args":{"ID":0}}],"stackFrames":{},"timestampUnit":"us"}