{ "traceEvents":[{"name":"Base","cat":"Feature","ph":"B","ts":0,"pid":3734186,"tid":3734186,"args":{"ID":0}},{"name":"FR(FeatureA)","cat":"Feature","ph":"B","ts":2000130,"pid":3734186,"tid":3734186,"args":{"ID":1729382256910270467}},{"name":"FR(FeatureA)","cat":"Feature","ph":"E","ts":4000229,"pid":3734186,"tid":3734186,"args":{"ID":1729382256910270467}},{"name":"FR(FeatureB)","cat":"Feature","ph":"B","ts":4000229,"pid":3734186,"tid":3734186,"args":{"ID":1729382256910286851}},{"name":"FR(FeatureB)","cat":"Feature","ph":"E","ts":6000335,"pid":3734186,"tid":3734186,"args":{"ID":1729382256910286851}},{"name":"FR(FeatureC)","cat":"Feature","ph":"B","ts":6000342,"pid":3734186,"tid":3734186,"args":{"ID":1729382256910303235}},{"name":"FR(FeatureC)","cat":"Feature","ph":"E","ts":7000429,"pid":3734186,"tid":3734186,"args":{"ID":1729382256910303235}},{"name":"FR(FeatureD)","cat":"Feature","ph":"B","ts":7000430,"pid":3734186,"tid":3734186,"args":{"ID":1729382256910319619}},{"name":"FR(FeatureD)","cat":"Feature","ph":"E","ts":9000530,"pid":3734186,"tid":3734186,"args":{"ID":1729382256910319619}},{"name":"FR(FeatureC)","cat":"Feature","ph":"B","ts":9000532,"pid":3734186,"tid":3734186,"args":{"ID":1729382256910368771}},{"name":"FR(FeatureD)","cat":"Feature","ph":"B","ts":9000532,"pid":3734186,"tid":3734186,"args":{"ID":1729382256910385155}},{"name":"FR(FeatureC)","cat":"Feature","ph":"E","ts":9000554,"pid":3734186,"tid":3734186,"args":{"ID":1729382256910368771}},{"name":"FR(FeatureD)","cat":"Feature","ph":"E","ts":9000555,"pid":3734186,"tid":3734186,"args":{"ID":1729382256910385155}},{"name":"Base","cat":"Feature","ph":"E","ts":9000555,"pid":3734186,"tid":3734186,"args":{"ID":0}}],"stackFrames":{},"timestampUnit":"us"}