{ "traceEvents":[{"name":"Base","cat":"Feature","ph":"B","ts":0,"pid":3713484,"tid":3713484,"args":{"ID":0}},{"name":"FR(FeatureA)","cat":"Feature","ph":"B","ts":2000126,"pid":3713484,"tid":3713484,"args":{"ID":1729382256910270467}},{"name":"FR(FeatureA)","cat":"Feature","ph":"E","ts":4000222,"pid":3713484,"tid":3713484,"args":{"ID":1729382256910270467}},{"name":"FR(FeatureB)","cat":"Feature","ph":"B","ts":4000223,"pid":3713484,"tid":3713484,"args":{"ID":1729382256910286851}},{"name":"FR(FeatureB)","cat":"Feature","ph":"E","ts":6000335,"pid":3713484,"tid":3713484,"args":{"ID":1729382256910286851}},{"name":"FR(FeatureC)","cat":"Feature","ph":"B","ts":6000342,"pid":3713484,"tid":3713484,"args":{"ID":1729382256910303235}},{"name":"FR(FeatureC)","cat":"Feature","ph":"E","ts":7000432,"pid":3713484,"tid":3713484,"args":{"ID":1729382256910303235}},{"name":"FR(FeatureD)","cat":"Feature","ph":"B","ts":7000432,"pid":3713484,"tid":3713484,"args":{"ID":1729382256910319619}},{"name":"FR(FeatureD)","cat":"Feature","ph":"E","ts":9000535,"pid":3713484,"tid":3713484,"args":{"ID":1729382256910319619}},{"name":"FR(FeatureC)","cat":"Feature","ph":"B","ts":9000537,"pid":3713484,"tid":3713484,"args":{"ID":1729382256910368771}},{"name":"FR(FeatureD)","cat":"Feature","ph":"B","ts":9000538,"pid":3713484,"tid":3713484,"args":{"ID":1729382256910385155}},{"name":"FR(FeatureC)","cat":"Feature","ph":"E","ts":9000565,"pid":3713484,"tid":3713484,"args":{"ID":1729382256910368771}},{"name":"FR(FeatureD)","cat":"Feature","ph":"E","ts":9000566,"pid":3713484,"tid":3713484,"args":{"ID":1729382256910385155}},{"name":"Base","cat":"Feature","ph":"E","ts":9000567,"pid":3713484,"tid":3713484,"args":{"ID":0}}],"stackFrames":{},"timestampUnit":"us"}