{ "traceEvents":[{"name":"Base","cat":"Feature","ph":"B","ts":0,"pid":3727237,"tid":3727237,"args":{"ID":0}},{"name":"FR(FeatureA)","cat":"Feature","ph":"B","ts":2000123,"pid":3727237,"tid":3727237,"args":{"ID":1729382256910270467}},{"name":"FR(FeatureA)","cat":"Feature","ph":"E","ts":4000227,"pid":3727237,"tid":3727237,"args":{"ID":1729382256910270467}},{"name":"FR(FeatureB)","cat":"Feature","ph":"B","ts":4000228,"pid":3727237,"tid":3727237,"args":{"ID":1729382256910286851}},{"name":"FR(FeatureB)","cat":"Feature","ph":"E","ts":6000337,"pid":3727237,"tid":3727237,"args":{"ID":1729382256910286851}},{"name":"FR(FeatureC)","cat":"Feature","ph":"B","ts":6000345,"pid":3727237,"tid":3727237,"args":{"ID":1729382256910303235}},{"name":"FR(FeatureC)","cat":"Feature","ph":"E","ts":7000443,"pid":3727237,"tid":3727237,"args":{"ID":1729382256910303235}},{"name":"FR(FeatureD)","cat":"Feature","ph":"B","ts":7000444,"pid":3727237,"tid":3727237,"args":{"ID":1729382256910319619}},{"name":"FR(FeatureD)","cat":"Feature","ph":"E","ts":9000543,"pid":3727237,"tid":3727237,"args":{"ID":1729382256910319619}},{"name":"FR(FeatureC)","cat":"Feature","ph":"B","ts":9000544,"pid":3727237,"tid":3727237,"args":{"ID":1729382256910368771}},{"name":"FR(FeatureD)","cat":"Feature","ph":"B","ts":9000545,"pid":3727237,"tid":3727237,"args":{"ID":1729382256910385155}},{"name":"FR(FeatureC)","cat":"Feature","ph":"E","ts":9000589,"pid":3727237,"tid":3727237,"args":{"ID":1729382256910368771}},{"name":"FR(FeatureD)","cat":"Feature","ph":"E","ts":9000590,"pid":3727237,"tid":3727237,"args":{"ID":1729382256910385155}},{"name":"Base","cat":"Feature","ph":"E","ts":9000590,"pid":3727237,"tid":3727237,"args":{"ID":0}}],"stackFrames":{},"timestampUnit":"us"}