{ "traceEvents":[{"name":"Base","cat":"Feature","ph":"B","ts":0,"pid":3706577,"tid":3706577,"args":{"ID":0}},{"name":"FR(FeatureA)","cat":"Feature","ph":"B","ts":2000119,"pid":3706577,"tid":3706577,"args":{"ID":1729382256910270467}},{"name":"FR(FeatureA)","cat":"Feature","ph":"E","ts":4000233,"pid":3706577,"tid":3706577,"args":{"ID":1729382256910270467}},{"name":"FR(FeatureB)","cat":"Feature","ph":"B","ts":4000233,"pid":3706577,"tid":3706577,"args":{"ID":1729382256910286851}},{"name":"FR(FeatureB)","cat":"Feature","ph":"E","ts":6000346,"pid":3706577,"tid":3706577,"args":{"ID":1729382256910286851}},{"name":"FR(FeatureC)","cat":"Feature","ph":"B","ts":6000352,"pid":3706577,"tid":3706577,"args":{"ID":1729382256910303235}},{"name":"FR(FeatureC)","cat":"Feature","ph":"E","ts":7000447,"pid":3706577,"tid":3706577,"args":{"ID":1729382256910303235}},{"name":"FR(FeatureD)","cat":"Feature","ph":"B","ts":7000448,"pid":3706577,"tid":3706577,"args":{"ID":1729382256910319619}},{"name":"FR(FeatureD)","cat":"Feature","ph":"E","ts":9000549,"pid":3706577,"tid":3706577,"args":{"ID":1729382256910319619}},{"name":"FR(FeatureC)","cat":"Feature","ph":"B","ts":9000550,"pid":3706577,"tid":3706577,"args":{"ID":1729382256910368771}},{"name":"FR(FeatureD)","cat":"Feature","ph":"B","ts":9000551,"pid":3706577,"tid":3706577,"args":{"ID":1729382256910385155}},{"name":"FR(FeatureC)","cat":"Feature","ph":"E","ts":9000576,"pid":3706577,"tid":3706577,"args":{"ID":1729382256910368771}},{"name":"FR(FeatureD)","cat":"Feature","ph":"E","ts":9000577,"pid":3706577,"tid":3706577,"args":{"ID":1729382256910385155}},{"name":"Base","cat":"Feature","ph":"E","ts":9000578,"pid":3706577,"tid":3706577,"args":{"ID":0}}],"stackFrames":{},"timestampUnit":"us"}