{ "traceEvents":[{"name":"Base","cat":"Feature","ph":"B","ts":0,"pid":3747714,"tid":3747714,"args":{"ID":0}},{"name":"FR(FeatureA)","cat":"Feature","ph":"B","ts":2000112,"pid":3747714,"tid":3747714,"args":{"ID":1729382256910270467}},{"name":"FR(FeatureA)","cat":"Feature","ph":"E","ts":4000206,"pid":3747714,"tid":3747714,"args":{"ID":1729382256910270467}},{"name":"FR(FeatureB)","cat":"Feature","ph":"B","ts":4000206,"pid":3747714,"tid":3747714,"args":{"ID":1729382256910286851}},{"name":"FR(FeatureB)","cat":"Feature","ph":"E","ts":6000311,"pid":3747714,"tid":3747714,"args":{"ID":1729382256910286851}},{"name":"FR(FeatureC)","cat":"Feature","ph":"B","ts":6000320,"pid":3747714,"tid":3747714,"args":{"ID":1729382256910303235}},{"name":"FR(FeatureC)","cat":"Feature","ph":"E","ts":7000411,"pid":3747714,"tid":3747714,"args":{"ID":1729382256910303235}},{"name":"FR(FeatureD)","cat":"Feature","ph":"B","ts":7000411,"pid":3747714,"tid":3747714,"args":{"ID":1729382256910319619}},{"name":"FR(FeatureD)","cat":"Feature","ph":"E","ts":9000506,"pid":3747714,"tid":3747714,"args":{"ID":1729382256910319619}},{"name":"FR(FeatureC)","cat":"Feature","ph":"B","ts":9000508,"pid":3747714,"tid":3747714,"args":{"ID":1729382256910368771}},{"name":"FR(FeatureD)","cat":"Feature","ph":"B","ts":9000508,"pid":3747714,"tid":3747714,"args":{"ID":1729382256910385155}},{"name":"FR(FeatureC)","cat":"Feature","ph":"E","ts":9000538,"pid":3747714,"tid":3747714,"args":{"ID":1729382256910368771}},{"name":"FR(FeatureD)","cat":"Feature","ph":"E","ts":9000538,"pid":3747714,"tid":3747714,"args":{"ID":1729382256910385155}},{"name":"Base","cat":"Feature","ph":"E","ts":9000539,"pid":3747714,"tid":3747714,"args":{"ID":0}}],"stackFrames":{},"timestampUnit":"us"}