{ "traceEvents":[{"name":"Base","cat":"Feature","ph":"B","ts":0,"pid":3717017,"tid":3717017,"args":{"ID":0}},{"name":"FR(FeatureA)","cat":"Feature","ph":"B","ts":2000122,"pid":3717017,"tid":3717017,"args":{"ID":1729382256910270467}},{"name":"FR(FeatureA)","cat":"Feature","ph":"E","ts":4000220,"pid":3717017,"tid":3717017,"args":{"ID":1729382256910270467}},{"name":"FR(FeatureB)","cat":"Feature","ph":"B","ts":4000221,"pid":3717017,"tid":3717017,"args":{"ID":1729382256910286851}},{"name":"FR(FeatureB)","cat":"Feature","ph":"E","ts":6000319,"pid":3717017,"tid":3717017,"args":{"ID":1729382256910286851}},{"name":"FR(FeatureC)","cat":"Feature","ph":"B","ts":6000326,"pid":3717017,"tid":3717017,"args":{"ID":1729382256910303235}},{"name":"FR(FeatureC)","cat":"Feature","ph":"E","ts":7000417,"pid":3717017,"tid":3717017,"args":{"ID":1729382256910303235}},{"name":"FR(FeatureD)","cat":"Feature","ph":"B","ts":7000418,"pid":3717017,"tid":3717017,"args":{"ID":1729382256910319619}},{"name":"FR(FeatureD)","cat":"Feature","ph":"E","ts":9000514,"pid":3717017,"tid":3717017,"args":{"ID":1729382256910319619}},{"name":"FR(FeatureC)","cat":"Feature","ph":"B","ts":9000514,"pid":3717017,"tid":3717017,"args":{"ID":1729382256910368771}},{"name":"FR(FeatureD)","cat":"Feature","ph":"B","ts":9000515,"pid":3717017,"tid":3717017,"args":{"ID":1729382256910385155}},{"name":"FR(FeatureC)","cat":"Feature","ph":"E","ts":9000541,"pid":3717017,"tid":3717017,"args":{"ID":1729382256910368771}},{"name":"FR(FeatureD)","cat":"Feature","ph":"E","ts":9000542,"pid":3717017,"tid":3717017,"args":{"ID":1729382256910385155}},{"name":"Base","cat":"Feature","ph":"E","ts":9000542,"pid":3717017,"tid":3717017,"args":{"ID":0}}],"stackFrames":{},"timestampUnit":"us"}