{ "traceEvents":[{"name":"Base","cat":"Feature","ph":"B","ts":0,"pid":3751411,"tid":3751411,"args":{"ID":0}},{"name":"FR(FeatureA)","cat":"Feature","ph":"B","ts":2000106,"pid":3751411,"tid":3751411,"args":{"ID":1729382256910270467}},{"name":"FR(FeatureA)","cat":"Feature","ph":"E","ts":4000200,"pid":3751411,"tid":3751411,"args":{"ID":1729382256910270467}},{"name":"FR(FeatureB)","cat":"Feature","ph":"B","ts":4000200,"pid":3751411,"tid":3751411,"args":{"ID":1729382256910286851}},{"name":"FR(FeatureB)","cat":"Feature","ph":"E","ts":6000296,"pid":3751411,"tid":3751411,"args":{"ID":1729382256910286851}},{"name":"FR(FeatureC)","cat":"Feature","ph":"B","ts":6000303,"pid":3751411,"tid":3751411,"args":{"ID":1729382256910303235}},{"name":"FR(FeatureC)","cat":"Feature","ph":"E","ts":7000389,"pid":3751411,"tid":3751411,"args":{"ID":1729382256910303235}},{"name":"FR(FeatureD)","cat":"Feature","ph":"B","ts":7000389,"pid":3751411,"tid":3751411,"args":{"ID":1729382256910319619}},{"name":"FR(FeatureD)","cat":"Feature","ph":"E","ts":9000493,"pid":3751411,"tid":3751411,"args":{"ID":1729382256910319619}},{"name":"FR(FeatureC)","cat":"Feature","ph":"B","ts":9000495,"pid":3751411,"tid":3751411,"args":{"ID":1729382256910368771}},{"name":"FR(FeatureD)","cat":"Feature","ph":"B","ts":9000496,"pid":3751411,"tid":3751411,"args":{"ID":1729382256910385155}},{"name":"FR(FeatureC)","cat":"Feature","ph":"E","ts":9000523,"pid":3751411,"tid":3751411,"args":{"ID":1729382256910368771}},{"name":"FR(FeatureD)","cat":"Feature","ph":"E","ts":9000523,"pid":3751411,"tid":3751411,"args":{"ID":1729382256910385155}},{"name":"Base","cat":"Feature","ph":"E","ts":9000524,"pid":3751411,"tid":3751411,"args":{"ID":0}}],"stackFrames":{},"timestampUnit":"us"}