{ "traceEvents":[{"name":"Base","cat":"Feature","ph":"B","ts":0,"pid":3765342,"tid":3765342,"args":{"ID":0}},{"name":"FR(FeatureA)","cat":"Feature","ph":"B","ts":2000119,"pid":3765342,"tid":3765342,"args":{"ID":1729382256910270467}},{"name":"FR(FeatureA)","cat":"Feature","ph":"E","ts":4000215,"pid":3765342,"tid":3765342,"args":{"ID":1729382256910270467}},{"name":"FR(FeatureB)","cat":"Feature","ph":"B","ts":4000216,"pid":3765342,"tid":3765342,"args":{"ID":1729382256910286851}},{"name":"FR(FeatureB)","cat":"Feature","ph":"E","ts":6000300,"pid":3765342,"tid":3765342,"args":{"ID":1729382256910286851}},{"name":"FR(FeatureC)","cat":"Feature","ph":"B","ts":6000307,"pid":3765342,"tid":3765342,"args":{"ID":1729382256910303235}},{"name":"FR(FeatureC)","cat":"Feature","ph":"E","ts":7000407,"pid":3765342,"tid":3765342,"args":{"ID":1729382256910303235}},{"name":"FR(FeatureD)","cat":"Feature","ph":"B","ts":7000408,"pid":3765342,"tid":3765342,"args":{"ID":1729382256910319619}},{"name":"FR(FeatureD)","cat":"Feature","ph":"E","ts":9000521,"pid":3765342,"tid":3765342,"args":{"ID":1729382256910319619}},{"name":"FR(FeatureC)","cat":"Feature","ph":"B","ts":9000523,"pid":3765342,"tid":3765342,"args":{"ID":1729382256910368771}},{"name":"FR(FeatureD)","cat":"Feature","ph":"B","ts":9000523,"pid":3765342,"tid":3765342,"args":{"ID":1729382256910385155}},{"name":"FR(FeatureC)","cat":"Feature","ph":"E","ts":9000550,"pid":3765342,"tid":3765342,"args":{"ID":1729382256910368771}},{"name":"FR(FeatureD)","cat":"Feature","ph":"E","ts":9000551,"pid":3765342,"tid":3765342,"args":{"ID":1729382256910385155}},{"name":"Base","cat":"Feature","ph":"E","ts":9000552,"pid":3765342,"tid":3765342,"args":{"ID":0}}],"stackFrames":{},"timestampUnit":"us"}