{ "traceEvents":[{"name":"Base","cat":"Feature","ph":"B","ts":0,"pid":3710068,"tid":3710068,"args":{"ID":0}},{"name":"FR(FeatureA)","cat":"Feature","ph":"B","ts":2000122,"pid":3710068,"tid":3710068,"args":{"ID":1729382256910270467}},{"name":"FR(FeatureA)","cat":"Feature","ph":"E","ts":4000206,"pid":3710068,"tid":3710068,"args":{"ID":1729382256910270467}},{"name":"FR(FeatureB)","cat":"Feature","ph":"B","ts":4000206,"pid":3710068,"tid":3710068,"args":{"ID":1729382256910286851}},{"name":"FR(FeatureB)","cat":"Feature","ph":"E","ts":6000306,"pid":3710068,"tid":3710068,"args":{"ID":1729382256910286851}},{"name":"FR(FeatureC)","cat":"Feature","ph":"B","ts":6000312,"pid":3710068,"tid":3710068,"args":{"ID":1729382256910303235}},{"name":"FR(FeatureC)","cat":"Feature","ph":"E","ts":7000417,"pid":3710068,"tid":3710068,"args":{"ID":1729382256910303235}},{"name":"FR(FeatureD)","cat":"Feature","ph":"B","ts":7000419,"pid":3710068,"tid":3710068,"args":{"ID":1729382256910319619}},{"name":"FR(FeatureD)","cat":"Feature","ph":"E","ts":9000546,"pid":3710068,"tid":3710068,"args":{"ID":1729382256910319619}},{"name":"FR(FeatureC)","cat":"Feature","ph":"B","ts":9000547,"pid":3710068,"tid":3710068,"args":{"ID":1729382256910368771}},{"name":"FR(FeatureD)","cat":"Feature","ph":"B","ts":9000548,"pid":3710068,"tid":3710068,"args":{"ID":1729382256910385155}},{"name":"FR(FeatureC)","cat":"Feature","ph":"E","ts":9000573,"pid":3710068,"tid":3710068,"args":{"ID":1729382256910368771}},{"name":"FR(FeatureD)","cat":"Feature","ph":"E","ts":9000574,"pid":3710068,"tid":3710068,"args":{"ID":1729382256910385155}},{"name":"Base","cat":"Feature","ph":"E","ts":9000575,"pid":3710068,"tid":3710068,"args":{"ID":0}}],"stackFrames":{},"timestampUnit":"us"}