{ "traceEvents":[{"name":"Base","cat":"Feature","ph":"B","ts":0,"pid":1083151,"tid":1083151,"args":{"ID":0}},{"name":"FR(FeatureA)","cat":"Feature","ph":"B","ts":2000111,"pid":1083151,"tid":1083151,"args":{"ID":1729382256910270467}},{"name":"FR(FeatureB)","cat":"Feature","ph":"B","ts":2000111,"pid":1083151,"tid":1083151,"args":{"ID":1729382256910286851}},{"name":"FR(FeatureC)","cat":"Feature","ph":"B","ts":2000112,"pid":1083151,"tid":1083151,"args":{"ID":1729382256910303235}},{"name":"FR(FeatureC)","cat":"Feature","ph":"E","ts":2000112,"pid":1083151,"tid":1083151,"args":{"ID":1729382256910303235}},{"name":"FR(FeatureB)","cat":"Feature","ph":"E","ts":2000120,"pid":1083151,"tid":1083151,"args":{"ID":1729382256910286851}},{"name":"FR(FeatureA)","cat":"Feature","ph":"E","ts":2000120,"pid":1083151,"tid":1083151,"args":{"ID":1729382256910270467}},{"name":"FR(FeatureC)","cat":"Feature","ph":"E","ts":3000217,"pid":1083151,"tid":1083151,"args":{"ID":1729382256910303235}},{"name":"FR(FeatureB)","cat":"Feature","ph":"E","ts":3000218,"pid":1083151,"tid":1083151,"args":{"ID":1729382256910286851}},{"name":"FR(FeatureA)","cat":"Feature","ph":"E","ts":3000219,"pid":1083151,"tid":1083151,"args":{"ID":1729382256910270467}},{"name":"FR(FeatureC)","cat":"Feature","ph":"E","ts":3000232,"pid":1083151,"tid":1083151,"args":{"ID":1729382256910303235}},{"name":"FR(FeatureB)","cat":"Feature","ph":"E","ts":3000233,"pid":1083151,"tid":1083151,"args":{"ID":1729382256910286851}},{"name":"FR(FeatureA)","cat":"Feature","ph":"E","ts":3000234,"pid":1083151,"tid":1083151,"args":{"ID":1729382256910270467}},{"name":"FR(FeatureC)","cat":"Feature","ph":"B","ts":3000235,"pid":1083151,"tid":1083151,"args":{"ID":1729382256910352387}},{"name":"FR(FeatureC)","cat":"Feature","ph":"E","ts":3000235,"pid":1083151,"tid":1083151,"args":{"ID":1729382256910352387}},{"name":"FR(FeatureA)","cat":"Feature","ph":"E","ts":3000236,"pid":1083151,"tid":1083151,"args":{"ID":1729382256910319619}},{"name":"FR(FeatureC)","cat":"Feature","ph":"E","ts":3000237,"pid":1083151,"tid":1083151,"args":{"ID":1729382256910303235}},{"name":"FR(FeatureB)","cat":"Feature","ph":"E","ts":3000238,"pid":1083151,"tid":1083151,"args":{"ID":1729382256910286851}},{"name":"FR(FeatureA)","cat":"Feature","ph":"E","ts":3000238,"pid":1083151,"tid":1083151,"args":{"ID":1729382256910270467}},{"name":"FR(FeatureC)","cat":"Feature","ph":"E","ts":3000239,"pid":1083151,"tid":1083151,"args":{"ID":1729382256910352387}},{"name":"FR(FeatureA)","cat":"Feature","ph":"E","ts":3000240,"pid":1083151,"tid":1083151,"args":{"ID":1729382256910319619}},{"name":"FR(FeatureC)","cat":"Feature","ph":"E","ts":3000241,"pid":1083151,"tid":1083151,"args":{"ID":1729382256910303235}},{"name":"FR(FeatureB)","cat":"Feature","ph":"E","ts":3000242,"pid":1083151,"tid":1083151,"args":{"ID":1729382256910286851}},{"name":"FR(FeatureA)","cat":"Feature","ph":"E","ts":3000243,"pid":1083151,"tid":1083151,"args":{"ID":1729382256910270467}},{"name":"Base","cat":"Feature","ph":"E","ts":3000244,"pid":1083151,"tid":1083151,"args":{"ID":0}}],"stackFrames":{},"timestampUnit":"us"}