{ "traceEvents":[{"name":"Base","cat":"Feature","ph":"B","ts":0,"pid":1179531,"tid":1179531,"args":{"ID":0}},{"name":"FR(FeatureA)","cat":"Feature","ph":"B","ts":2000132,"pid":1179531,"tid":1179531,"args":{"ID":1729382256910270467}},{"name":"FR(FeatureA)","cat":"Feature","ph":"E","ts":2000132,"pid":1179531,"tid":1179531,"args":{"ID":1729382256910270467}},{"name":"FR(FeatureB)","cat":"Feature","ph":"B","ts":3000247,"pid":1179531,"tid":1179531,"args":{"ID":1729382256910286851}},{"name":"FR(FeatureC)","cat":"Feature","ph":"B","ts":3000248,"pid":1179531,"tid":1179531,"args":{"ID":1729382256910303235}},{"name":"FR(FeatureC)","cat":"Feature","ph":"E","ts":3000254,"pid":1179531,"tid":1179531,"args":{"ID":1729382256910303235}},{"name":"FR(FeatureB)","cat":"Feature","ph":"E","ts":3000255,"pid":1179531,"tid":1179531,"args":{"ID":1729382256910286851}},{"name":"FR(FeatureA)","cat":"Feature","ph":"E","ts":3000255,"pid":1179531,"tid":1179531,"args":{"ID":1729382256910270467}},{"name":"FR(FeatureC)","cat":"Feature","ph":"E","ts":4000352,"pid":1179531,"tid":1179531,"args":{"ID":1729382256910303235}},{"name":"FR(FeatureB)","cat":"Feature","ph":"E","ts":4000353,"pid":1179531,"tid":1179531,"args":{"ID":1729382256910286851}},{"name":"FR(FeatureA)","cat":"Feature","ph":"E","ts":4000354,"pid":1179531,"tid":1179531,"args":{"ID":1729382256910270467}},{"name":"FR(FeatureC)","cat":"Feature","ph":"E","ts":4000354,"pid":1179531,"tid":1179531,"args":{"ID":1729382256910303235}},{"name":"FR(FeatureB)","cat":"Feature","ph":"E","ts":4000355,"pid":1179531,"tid":1179531,"args":{"ID":1729382256910286851}},{"name":"FR(FeatureA)","cat":"Feature","ph":"E","ts":4000356,"pid":1179531,"tid":1179531,"args":{"ID":1729382256910270467}},{"name":"FR(FeatureC)","cat":"Feature","ph":"E","ts":4000356,"pid":1179531,"tid":1179531,"args":{"ID":1729382256910303235}},{"name":"FR(FeatureB)","cat":"Feature","ph":"E","ts":4000357,"pid":1179531,"tid":1179531,"args":{"ID":1729382256910286851}},{"name":"FR(FeatureA)","cat":"Feature","ph":"E","ts":4000358,"pid":1179531,"tid":1179531,"args":{"ID":1729382256910270467}},{"name":"FR(FeatureA)","cat":"Feature","ph":"B","ts":5000436,"pid":1179531,"tid":1179531,"args":{"ID":1729382256910319619}},{"name":"FR(FeatureC)","cat":"Feature","ph":"B","ts":5000436,"pid":1179531,"tid":1179531,"args":{"ID":1729382256910352387}},{"name":"FR(FeatureC)","cat":"Feature","ph":"E","ts":5000437,"pid":1179531,"tid":1179531,"args":{"ID":1729382256910352387}},{"name":"FR(FeatureA)","cat":"Feature","ph":"E","ts":5000437,"pid":1179531,"tid":1179531,"args":{"ID":1729382256910319619}},{"name":"FR(FeatureC)","cat":"Feature","ph":"E","ts":5000438,"pid":1179531,"tid":1179531,"args":{"ID":1729382256910303235}},{"name":"FR(FeatureB)","cat":"Feature","ph":"E","ts":5000439,"pid":1179531,"tid":1179531,"args":{"ID":1729382256910286851}},{"name":"FR(FeatureA)","cat":"Feature","ph":"E","ts":5000439,"pid":1179531,"tid":1179531,"args":{"ID":1729382256910270467}},{"name":"FR(FeatureC)","cat":"Feature","ph":"E","ts":5000440,"pid":1179531,"tid":1179531,"args":{"ID":1729382256910352387}},{"name":"FR(FeatureA)","cat":"Feature","ph":"E","ts":5000441,"pid":1179531,"tid":1179531,"args":{"ID":1729382256910319619}},{"name":"FR(FeatureC)","cat":"Feature","ph":"E","ts":5000442,"pid":1179531,"tid":1179531,"args":{"ID":1729382256910303235}},{"name":"FR(FeatureB)","cat":"Feature","ph":"E","ts":5000442,"pid":1179531,"tid":1179531,"args":{"ID":1729382256910286851}},{"name":"FR(FeatureA)","cat":"Feature","ph":"E","ts":5000443,"pid":1179531,"tid":1179531,"args":{"ID":1729382256910270467}},{"name":"Base","cat":"Feature","ph":"E","ts":5000443,"pid":1179531,"tid":1179531,"args":{"ID":0}}],"stackFrames":{},"timestampUnit":"us"}