{ "traceEvents":[{"name":"Base","cat":"Feature","ph":"B","ts":0,"pid":1496596,"tid":1496596,"args":{"ID":0}},{"name":"FR(FeatureA)","cat":"Feature","ph":"B","ts":2000096,"pid":1496596,"tid":1496596,"args":{"ID":1729382256910270467}},{"name":"FR(FeatureA)","cat":"Feature","ph":"E","ts":3000184,"pid":1496596,"tid":1496596,"args":{"ID":1729382256910270467}},{"name":"FR(FeatureB)","cat":"Feature","ph":"B","ts":3000184,"pid":1496596,"tid":1496596,"args":{"ID":1729382256910286851}},{"name":"FR(FeatureB)","cat":"Feature","ph":"E","ts":5000281,"pid":1496596,"tid":1496596,"args":{"ID":1729382256910286851}},{"name":"FR(FeatureC)","cat":"Feature","ph":"B","ts":5000285,"pid":1496596,"tid":1496596,"args":{"ID":1729382256910303235}},{"name":"FR(FeatureC)","cat":"Feature","ph":"E","ts":6000387,"pid":1496596,"tid":1496596,"args":{"ID":1729382256910303235}},{"name":"FR(FeatureA)","cat":"Feature","ph":"B","ts":6000387,"pid":1496596,"tid":1496596,"args":{"ID":1729382256910336003}},{"name":"FR(FeatureB)","cat":"Feature","ph":"B","ts":6000387,"pid":1496596,"tid":1496596,"args":{"ID":1729382256910352387}},{"name":"FR(FeatureA)","cat":"Feature","ph":"E","ts":8000486,"pid":1496596,"tid":1496596,"args":{"ID":1729382256910336003}},{"name":"FR(FeatureB)","cat":"Feature","ph":"E","ts":8000487,"pid":1496596,"tid":1496596,"args":{"ID":1729382256910352387}},{"name":"FR(FeatureC)","cat":"Feature","ph":"B","ts":8000488,"pid":1496596,"tid":1496596,"args":{"ID":1729382256910368771}},{"name":"FR(FeatureC)","cat":"Feature","ph":"E","ts":8000488,"pid":1496596,"tid":1496596,"args":{"ID":1729382256910368771}},{"name":"Base","cat":"Feature","ph":"E","ts":8000489,"pid":1496596,"tid":1496596,"args":{"ID":0}}],"stackFrames":{},"timestampUnit":"us"}