{ "traceEvents":[{"name":"Base","cat":"Feature","ph":"B","ts":0,"pid":1556400,"tid":1556400,"args":{"ID":0}},{"name":"FR(FeatureA)","cat":"Feature","ph":"B","ts":2000110,"pid":1556400,"tid":1556400,"args":{"ID":1729382256910270467}},{"name":"FR(FeatureA)","cat":"Feature","ph":"E","ts":3000231,"pid":1556400,"tid":1556400,"args":{"ID":1729382256910270467}},{"name":"FR(FeatureB)","cat":"Feature","ph":"B","ts":3000232,"pid":1556400,"tid":1556400,"args":{"ID":1729382256910286851}},{"name":"FR(FeatureB)","cat":"Feature","ph":"E","ts":5000333,"pid":1556400,"tid":1556400,"args":{"ID":1729382256910286851}},{"name":"FR(FeatureC)","cat":"Feature","ph":"B","ts":5000338,"pid":1556400,"tid":1556400,"args":{"ID":1729382256910303235}},{"name":"FR(FeatureC)","cat":"Feature","ph":"E","ts":6000433,"pid":1556400,"tid":1556400,"args":{"ID":1729382256910303235}},{"name":"FR(FeatureA)","cat":"Feature","ph":"B","ts":6000434,"pid":1556400,"tid":1556400,"args":{"ID":1729382256910336003}},{"name":"FR(FeatureB)","cat":"Feature","ph":"B","ts":6000434,"pid":1556400,"tid":1556400,"args":{"ID":1729382256910352387}},{"name":"FR(FeatureA)","cat":"Feature","ph":"E","ts":8000532,"pid":1556400,"tid":1556400,"args":{"ID":1729382256910336003}},{"name":"FR(FeatureB)","cat":"Feature","ph":"E","ts":8000534,"pid":1556400,"tid":1556400,"args":{"ID":1729382256910352387}},{"name":"FR(FeatureC)","cat":"Feature","ph":"B","ts":8000534,"pid":1556400,"tid":1556400,"args":{"ID":1729382256910368771}},{"name":"FR(FeatureC)","cat":"Feature","ph":"E","ts":8000535,"pid":1556400,"tid":1556400,"args":{"ID":1729382256910368771}},{"name":"Base","cat":"Feature","ph":"E","ts":8000535,"pid":1556400,"tid":1556400,"args":{"ID":0}}],"stackFrames":{},"timestampUnit":"us"}