{ "traceEvents":[{"name":"Base","cat":"Feature","ph":"B","ts":0,"pid":1544317,"tid":1544317,"args":{"ID":0}},{"name":"FR(FeatureA)","cat":"Feature","ph":"B","ts":2000116,"pid":1544317,"tid":1544317,"args":{"ID":1729382256910270467}},{"name":"FR(FeatureA)","cat":"Feature","ph":"E","ts":3000208,"pid":1544317,"tid":1544317,"args":{"ID":1729382256910270467}},{"name":"FR(FeatureB)","cat":"Feature","ph":"B","ts":3000209,"pid":1544317,"tid":1544317,"args":{"ID":1729382256910286851}},{"name":"FR(FeatureB)","cat":"Feature","ph":"E","ts":5000295,"pid":1544317,"tid":1544317,"args":{"ID":1729382256910286851}},{"name":"FR(FeatureC)","cat":"Feature","ph":"B","ts":5000303,"pid":1544317,"tid":1544317,"args":{"ID":1729382256910303235}},{"name":"FR(FeatureC)","cat":"Feature","ph":"E","ts":6000410,"pid":1544317,"tid":1544317,"args":{"ID":1729382256910303235}},{"name":"FR(FeatureA)","cat":"Feature","ph":"B","ts":6000411,"pid":1544317,"tid":1544317,"args":{"ID":1729382256910336003}},{"name":"FR(FeatureB)","cat":"Feature","ph":"B","ts":6000412,"pid":1544317,"tid":1544317,"args":{"ID":1729382256910352387}},{"name":"FR(FeatureA)","cat":"Feature","ph":"E","ts":8000517,"pid":1544317,"tid":1544317,"args":{"ID":1729382256910336003}},{"name":"FR(FeatureB)","cat":"Feature","ph":"E","ts":8000518,"pid":1544317,"tid":1544317,"args":{"ID":1729382256910352387}},{"name":"FR(FeatureC)","cat":"Feature","ph":"B","ts":8000519,"pid":1544317,"tid":1544317,"args":{"ID":1729382256910368771}},{"name":"FR(FeatureC)","cat":"Feature","ph":"E","ts":8000519,"pid":1544317,"tid":1544317,"args":{"ID":1729382256910368771}},{"name":"Base","cat":"Feature","ph":"E","ts":8000519,"pid":1544317,"tid":1544317,"args":{"ID":0}}],"stackFrames":{},"timestampUnit":"us"}