{ "traceEvents":[{"name":"Base","cat":"Feature","ph":"B","ts":0,"pid":1524223,"tid":1524223,"args":{"ID":0}},{"name":"FR(FeatureA)","cat":"Feature","ph":"B","ts":2000103,"pid":1524223,"tid":1524223,"args":{"ID":1729382256910270467}},{"name":"FR(FeatureA)","cat":"Feature","ph":"E","ts":3000192,"pid":1524223,"tid":1524223,"args":{"ID":1729382256910270467}},{"name":"FR(FeatureB)","cat":"Feature","ph":"B","ts":3000193,"pid":1524223,"tid":1524223,"args":{"ID":1729382256910286851}},{"name":"FR(FeatureB)","cat":"Feature","ph":"E","ts":5000281,"pid":1524223,"tid":1524223,"args":{"ID":1729382256910286851}},{"name":"FR(FeatureC)","cat":"Feature","ph":"B","ts":5000295,"pid":1524223,"tid":1524223,"args":{"ID":1729382256910303235}},{"name":"FR(FeatureC)","cat":"Feature","ph":"E","ts":6000399,"pid":1524223,"tid":1524223,"args":{"ID":1729382256910303235}},{"name":"FR(FeatureA)","cat":"Feature","ph":"B","ts":6000400,"pid":1524223,"tid":1524223,"args":{"ID":1729382256910336003}},{"name":"FR(FeatureB)","cat":"Feature","ph":"B","ts":6000401,"pid":1524223,"tid":1524223,"args":{"ID":1729382256910352387}},{"name":"FR(FeatureA)","cat":"Feature","ph":"E","ts":8000507,"pid":1524223,"tid":1524223,"args":{"ID":1729382256910336003}},{"name":"FR(FeatureB)","cat":"Feature","ph":"E","ts":8000507,"pid":1524223,"tid":1524223,"args":{"ID":1729382256910352387}},{"name":"FR(FeatureC)","cat":"Feature","ph":"B","ts":8000508,"pid":1524223,"tid":1524223,"args":{"ID":1729382256910368771}},{"name":"FR(FeatureC)","cat":"Feature","ph":"E","ts":8000508,"pid":1524223,"tid":1524223,"args":{"ID":1729382256910368771}},{"name":"Base","cat":"Feature","ph":"E","ts":8000509,"pid":1524223,"tid":1524223,"args":{"ID":0}}],"stackFrames":{},"timestampUnit":"us"}