{ "traceEvents":[{"name":"Base","cat":"Feature","ph":"B","ts":0,"pid":1532234,"tid":1532234,"args":{"ID":0}},{"name":"FR(FeatureA)","cat":"Feature","ph":"B","ts":2000110,"pid":1532234,"tid":1532234,"args":{"ID":1729382256910270467}},{"name":"FR(FeatureA)","cat":"Feature","ph":"E","ts":3000198,"pid":1532234,"tid":1532234,"args":{"ID":1729382256910270467}},{"name":"FR(FeatureB)","cat":"Feature","ph":"B","ts":3000198,"pid":1532234,"tid":1532234,"args":{"ID":1729382256910286851}},{"name":"FR(FeatureB)","cat":"Feature","ph":"E","ts":5000288,"pid":1532234,"tid":1532234,"args":{"ID":1729382256910286851}},{"name":"FR(FeatureC)","cat":"Feature","ph":"B","ts":5000292,"pid":1532234,"tid":1532234,"args":{"ID":1729382256910303235}},{"name":"FR(FeatureC)","cat":"Feature","ph":"E","ts":6000394,"pid":1532234,"tid":1532234,"args":{"ID":1729382256910303235}},{"name":"FR(FeatureA)","cat":"Feature","ph":"B","ts":6000395,"pid":1532234,"tid":1532234,"args":{"ID":1729382256910336003}},{"name":"FR(FeatureB)","cat":"Feature","ph":"B","ts":6000395,"pid":1532234,"tid":1532234,"args":{"ID":1729382256910352387}},{"name":"FR(FeatureA)","cat":"Feature","ph":"E","ts":8000504,"pid":1532234,"tid":1532234,"args":{"ID":1729382256910336003}},{"name":"FR(FeatureB)","cat":"Feature","ph":"E","ts":8000506,"pid":1532234,"tid":1532234,"args":{"ID":1729382256910352387}},{"name":"FR(FeatureC)","cat":"Feature","ph":"B","ts":8000506,"pid":1532234,"tid":1532234,"args":{"ID":1729382256910368771}},{"name":"FR(FeatureC)","cat":"Feature","ph":"E","ts":8000507,"pid":1532234,"tid":1532234,"args":{"ID":1729382256910368771}},{"name":"Base","cat":"Feature","ph":"E","ts":8000508,"pid":1532234,"tid":1532234,"args":{"ID":0}}],"stackFrames":{},"timestampUnit":"us"}