{ "traceEvents":[{"name":"Base","cat":"Feature","ph":"B","ts":0,"pid":1595248,"tid":1595248,"args":{"ID":0}},{"name":"FR(FeatureA)","cat":"Feature","ph":"B","ts":2000113,"pid":1595248,"tid":1595248,"args":{"ID":1729382256910270467}},{"name":"FR(FeatureA)","cat":"Feature","ph":"E","ts":3000204,"pid":1595248,"tid":1595248,"args":{"ID":1729382256910270467}},{"name":"FR(FeatureB)","cat":"Feature","ph":"B","ts":3000205,"pid":1595248,"tid":1595248,"args":{"ID":1729382256910286851}},{"name":"FR(FeatureB)","cat":"Feature","ph":"E","ts":5000294,"pid":1595248,"tid":1595248,"args":{"ID":1729382256910286851}},{"name":"FR(FeatureC)","cat":"Feature","ph":"B","ts":5000301,"pid":1595248,"tid":1595248,"args":{"ID":1729382256910303235}},{"name":"FR(FeatureC)","cat":"Feature","ph":"E","ts":6000407,"pid":1595248,"tid":1595248,"args":{"ID":1729382256910303235}},{"name":"FR(FeatureA)","cat":"Feature","ph":"B","ts":6000408,"pid":1595248,"tid":1595248,"args":{"ID":1729382256910336003}},{"name":"FR(FeatureB)","cat":"Feature","ph":"B","ts":6000408,"pid":1595248,"tid":1595248,"args":{"ID":1729382256910352387}},{"name":"FR(FeatureA)","cat":"Feature","ph":"E","ts":8000511,"pid":1595248,"tid":1595248,"args":{"ID":1729382256910336003}},{"name":"FR(FeatureB)","cat":"Feature","ph":"E","ts":8000512,"pid":1595248,"tid":1595248,"args":{"ID":1729382256910352387}},{"name":"FR(FeatureC)","cat":"Feature","ph":"B","ts":8000513,"pid":1595248,"tid":1595248,"args":{"ID":1729382256910368771}},{"name":"FR(FeatureC)","cat":"Feature","ph":"E","ts":8000514,"pid":1595248,"tid":1595248,"args":{"ID":1729382256910368771}},{"name":"Base","cat":"Feature","ph":"E","ts":8000514,"pid":1595248,"tid":1595248,"args":{"ID":0}}],"stackFrames":{},"timestampUnit":"us"}