{ "traceEvents":[{"name":"Base","cat":"Feature","ph":"B","ts":0,"pid":1520267,"tid":1520267,"args":{"ID":0}},{"name":"FR(FeatureA)","cat":"Feature","ph":"B","ts":2000096,"pid":1520267,"tid":1520267,"args":{"ID":1729382256910270467}},{"name":"FR(FeatureA)","cat":"Feature","ph":"E","ts":3000182,"pid":1520267,"tid":1520267,"args":{"ID":1729382256910270467}},{"name":"FR(FeatureB)","cat":"Feature","ph":"B","ts":3000182,"pid":1520267,"tid":1520267,"args":{"ID":1729382256910286851}},{"name":"FR(FeatureB)","cat":"Feature","ph":"E","ts":5000286,"pid":1520267,"tid":1520267,"args":{"ID":1729382256910286851}},{"name":"FR(FeatureC)","cat":"Feature","ph":"B","ts":5000291,"pid":1520267,"tid":1520267,"args":{"ID":1729382256910303235}},{"name":"FR(FeatureC)","cat":"Feature","ph":"E","ts":6000407,"pid":1520267,"tid":1520267,"args":{"ID":1729382256910303235}},{"name":"FR(FeatureA)","cat":"Feature","ph":"B","ts":6000409,"pid":1520267,"tid":1520267,"args":{"ID":1729382256910336003}},{"name":"FR(FeatureB)","cat":"Feature","ph":"B","ts":6000409,"pid":1520267,"tid":1520267,"args":{"ID":1729382256910352387}},{"name":"FR(FeatureA)","cat":"Feature","ph":"E","ts":8000519,"pid":1520267,"tid":1520267,"args":{"ID":1729382256910336003}},{"name":"FR(FeatureB)","cat":"Feature","ph":"E","ts":8000521,"pid":1520267,"tid":1520267,"args":{"ID":1729382256910352387}},{"name":"FR(FeatureC)","cat":"Feature","ph":"B","ts":8000522,"pid":1520267,"tid":1520267,"args":{"ID":1729382256910368771}},{"name":"FR(FeatureC)","cat":"Feature","ph":"E","ts":8000522,"pid":1520267,"tid":1520267,"args":{"ID":1729382256910368771}},{"name":"Base","cat":"Feature","ph":"E","ts":8000522,"pid":1520267,"tid":1520267,"args":{"ID":0}}],"stackFrames":{},"timestampUnit":"us"}