{ "traceEvents":[{"name":"Base","cat":"Feature","ph":"B","ts":0,"pid":1516418,"tid":1516418,"args":{"ID":0}},{"name":"FR(FeatureA)","cat":"Feature","ph":"B","ts":2000118,"pid":1516418,"tid":1516418,"args":{"ID":1729382256910270467}},{"name":"FR(FeatureA)","cat":"Feature","ph":"E","ts":3000208,"pid":1516418,"tid":1516418,"args":{"ID":1729382256910270467}},{"name":"FR(FeatureB)","cat":"Feature","ph":"B","ts":3000209,"pid":1516418,"tid":1516418,"args":{"ID":1729382256910286851}},{"name":"FR(FeatureB)","cat":"Feature","ph":"E","ts":5000287,"pid":1516418,"tid":1516418,"args":{"ID":1729382256910286851}},{"name":"FR(FeatureC)","cat":"Feature","ph":"B","ts":5000296,"pid":1516418,"tid":1516418,"args":{"ID":1729382256910303235}},{"name":"FR(FeatureC)","cat":"Feature","ph":"E","ts":6000389,"pid":1516418,"tid":1516418,"args":{"ID":1729382256910303235}},{"name":"FR(FeatureA)","cat":"Feature","ph":"B","ts":6000390,"pid":1516418,"tid":1516418,"args":{"ID":1729382256910336003}},{"name":"FR(FeatureB)","cat":"Feature","ph":"B","ts":6000390,"pid":1516418,"tid":1516418,"args":{"ID":1729382256910352387}},{"name":"FR(FeatureA)","cat":"Feature","ph":"E","ts":8000499,"pid":1516418,"tid":1516418,"args":{"ID":1729382256910336003}},{"name":"FR(FeatureB)","cat":"Feature","ph":"E","ts":8000501,"pid":1516418,"tid":1516418,"args":{"ID":1729382256910352387}},{"name":"FR(FeatureC)","cat":"Feature","ph":"B","ts":8000501,"pid":1516418,"tid":1516418,"args":{"ID":1729382256910368771}},{"name":"FR(FeatureC)","cat":"Feature","ph":"E","ts":8000502,"pid":1516418,"tid":1516418,"args":{"ID":1729382256910368771}},{"name":"Base","cat":"Feature","ph":"E","ts":8000502,"pid":1516418,"tid":1516418,"args":{"ID":0}}],"stackFrames":{},"timestampUnit":"us"}