{ "traceEvents":[{"name":"Base","cat":"Feature","ph":"B","ts":0,"pid":1489418,"tid":1489418,"args":{"ID":0}},{"name":"FR(FeatureA)","cat":"Feature","ph":"B","ts":2000118,"pid":1489418,"tid":1489418,"args":{"ID":1729382256910270467}},{"name":"FR(FeatureA)","cat":"Feature","ph":"E","ts":3000212,"pid":1489418,"tid":1489418,"args":{"ID":1729382256910270467}},{"name":"FR(FeatureB)","cat":"Feature","ph":"B","ts":3000213,"pid":1489418,"tid":1489418,"args":{"ID":1729382256910286851}},{"name":"FR(FeatureB)","cat":"Feature","ph":"E","ts":5000296,"pid":1489418,"tid":1489418,"args":{"ID":1729382256910286851}},{"name":"FR(FeatureC)","cat":"Feature","ph":"B","ts":5000303,"pid":1489418,"tid":1489418,"args":{"ID":1729382256910303235}},{"name":"FR(FeatureC)","cat":"Feature","ph":"E","ts":6000403,"pid":1489418,"tid":1489418,"args":{"ID":1729382256910303235}},{"name":"FR(FeatureA)","cat":"Feature","ph":"B","ts":6000404,"pid":1489418,"tid":1489418,"args":{"ID":1729382256910336003}},{"name":"FR(FeatureB)","cat":"Feature","ph":"B","ts":6000404,"pid":1489418,"tid":1489418,"args":{"ID":1729382256910352387}},{"name":"FR(FeatureA)","cat":"Feature","ph":"E","ts":8000507,"pid":1489418,"tid":1489418,"args":{"ID":1729382256910336003}},{"name":"FR(FeatureB)","cat":"Feature","ph":"E","ts":8000509,"pid":1489418,"tid":1489418,"args":{"ID":1729382256910352387}},{"name":"FR(FeatureC)","cat":"Feature","ph":"B","ts":8000509,"pid":1489418,"tid":1489418,"args":{"ID":1729382256910368771}},{"name":"FR(FeatureC)","cat":"Feature","ph":"E","ts":8000510,"pid":1489418,"tid":1489418,"args":{"ID":1729382256910368771}},{"name":"Base","cat":"Feature","ph":"E","ts":8000510,"pid":1489418,"tid":1489418,"args":{"ID":0}}],"stackFrames":{},"timestampUnit":"us"}