{ "traceEvents":[{"name":"Base","cat":"Feature","ph":"B","ts":0,"pid":1587586,"tid":1587586,"args":{"ID":0}},{"name":"FR(FeatureA)","cat":"Feature","ph":"B","ts":2000121,"pid":1587586,"tid":1587586,"args":{"ID":1729382256910270467}},{"name":"FR(FeatureA)","cat":"Feature","ph":"E","ts":3000255,"pid":1587586,"tid":1587586,"args":{"ID":1729382256910270467}},{"name":"FR(FeatureB)","cat":"Feature","ph":"B","ts":3000255,"pid":1587586,"tid":1587586,"args":{"ID":1729382256910286851}},{"name":"FR(FeatureB)","cat":"Feature","ph":"E","ts":5000360,"pid":1587586,"tid":1587586,"args":{"ID":1729382256910286851}},{"name":"FR(FeatureC)","cat":"Feature","ph":"B","ts":5000367,"pid":1587586,"tid":1587586,"args":{"ID":1729382256910303235}},{"name":"FR(FeatureC)","cat":"Feature","ph":"E","ts":6000489,"pid":1587586,"tid":1587586,"args":{"ID":1729382256910303235}},{"name":"FR(FeatureA)","cat":"Feature","ph":"B","ts":6000490,"pid":1587586,"tid":1587586,"args":{"ID":1729382256910336003}},{"name":"FR(FeatureB)","cat":"Feature","ph":"B","ts":6000491,"pid":1587586,"tid":1587586,"args":{"ID":1729382256910352387}},{"name":"FR(FeatureA)","cat":"Feature","ph":"E","ts":8000594,"pid":1587586,"tid":1587586,"args":{"ID":1729382256910336003}},{"name":"FR(FeatureB)","cat":"Feature","ph":"E","ts":8000596,"pid":1587586,"tid":1587586,"args":{"ID":1729382256910352387}},{"name":"FR(FeatureC)","cat":"Feature","ph":"B","ts":8000596,"pid":1587586,"tid":1587586,"args":{"ID":1729382256910368771}},{"name":"FR(FeatureC)","cat":"Feature","ph":"E","ts":8000597,"pid":1587586,"tid":1587586,"args":{"ID":1729382256910368771}},{"name":"Base","cat":"Feature","ph":"E","ts":8000597,"pid":1587586,"tid":1587586,"args":{"ID":0}}],"stackFrames":{},"timestampUnit":"us"}