{ "traceEvents":[{"name":"Base","cat":"Feature","ph":"B","ts":0,"pid":1512519,"tid":1512519,"args":{"ID":0}},{"name":"FR(FeatureA)","cat":"Feature","ph":"B","ts":2000103,"pid":1512519,"tid":1512519,"args":{"ID":1729382256910270467}},{"name":"FR(FeatureA)","cat":"Feature","ph":"E","ts":3000202,"pid":1512519,"tid":1512519,"args":{"ID":1729382256910270467}},{"name":"FR(FeatureB)","cat":"Feature","ph":"B","ts":3000203,"pid":1512519,"tid":1512519,"args":{"ID":1729382256910286851}},{"name":"FR(FeatureB)","cat":"Feature","ph":"E","ts":5000303,"pid":1512519,"tid":1512519,"args":{"ID":1729382256910286851}},{"name":"FR(FeatureC)","cat":"Feature","ph":"B","ts":5000308,"pid":1512519,"tid":1512519,"args":{"ID":1729382256910303235}},{"name":"FR(FeatureC)","cat":"Feature","ph":"E","ts":6000414,"pid":1512519,"tid":1512519,"args":{"ID":1729382256910303235}},{"name":"FR(FeatureA)","cat":"Feature","ph":"B","ts":6000415,"pid":1512519,"tid":1512519,"args":{"ID":1729382256910336003}},{"name":"FR(FeatureB)","cat":"Feature","ph":"B","ts":6000415,"pid":1512519,"tid":1512519,"args":{"ID":1729382256910352387}},{"name":"FR(FeatureA)","cat":"Feature","ph":"E","ts":8000521,"pid":1512519,"tid":1512519,"args":{"ID":1729382256910336003}},{"name":"FR(FeatureB)","cat":"Feature","ph":"E","ts":8000524,"pid":1512519,"tid":1512519,"args":{"ID":1729382256910352387}},{"name":"FR(FeatureC)","cat":"Feature","ph":"B","ts":8000524,"pid":1512519,"tid":1512519,"args":{"ID":1729382256910368771}},{"name":"FR(FeatureC)","cat":"Feature","ph":"E","ts":8000525,"pid":1512519,"tid":1512519,"args":{"ID":1729382256910368771}},{"name":"Base","cat":"Feature","ph":"E","ts":8000525,"pid":1512519,"tid":1512519,"args":{"ID":0}}],"stackFrames":{},"timestampUnit":"us"}