{ "traceEvents":[{"name":"Base","cat":"Feature","ph":"B","ts":0,"pid":1492964,"tid":1492964,"args":{"ID":0}},{"name":"FR(FeatureA)","cat":"Feature","ph":"B","ts":2000114,"pid":1492964,"tid":1492964,"args":{"ID":1729382256910270467}},{"name":"FR(FeatureA)","cat":"Feature","ph":"E","ts":3000218,"pid":1492964,"tid":1492964,"args":{"ID":1729382256910270467}},{"name":"FR(FeatureB)","cat":"Feature","ph":"B","ts":3000219,"pid":1492964,"tid":1492964,"args":{"ID":1729382256910286851}},{"name":"FR(FeatureB)","cat":"Feature","ph":"E","ts":5000320,"pid":1492964,"tid":1492964,"args":{"ID":1729382256910286851}},{"name":"FR(FeatureC)","cat":"Feature","ph":"B","ts":5000325,"pid":1492964,"tid":1492964,"args":{"ID":1729382256910303235}},{"name":"FR(FeatureC)","cat":"Feature","ph":"E","ts":6000432,"pid":1492964,"tid":1492964,"args":{"ID":1729382256910303235}},{"name":"FR(FeatureA)","cat":"Feature","ph":"B","ts":6000434,"pid":1492964,"tid":1492964,"args":{"ID":1729382256910336003}},{"name":"FR(FeatureB)","cat":"Feature","ph":"B","ts":6000435,"pid":1492964,"tid":1492964,"args":{"ID":1729382256910352387}},{"name":"FR(FeatureA)","cat":"Feature","ph":"E","ts":8000534,"pid":1492964,"tid":1492964,"args":{"ID":1729382256910336003}},{"name":"FR(FeatureB)","cat":"Feature","ph":"E","ts":8000536,"pid":1492964,"tid":1492964,"args":{"ID":1729382256910352387}},{"name":"FR(FeatureC)","cat":"Feature","ph":"B","ts":8000536,"pid":1492964,"tid":1492964,"args":{"ID":1729382256910368771}},{"name":"FR(FeatureC)","cat":"Feature","ph":"E","ts":8000537,"pid":1492964,"tid":1492964,"args":{"ID":1729382256910368771}},{"name":"Base","cat":"Feature","ph":"E","ts":8000537,"pid":1492964,"tid":1492964,"args":{"ID":0}}],"stackFrames":{},"timestampUnit":"us"}