{ "traceEvents":[{"name":"Base","cat":"Feature","ph":"B","ts":0,"pid":1568320,"tid":1568320,"args":{"ID":0}},{"name":"FR(FeatureA)","cat":"Feature","ph":"B","ts":2000118,"pid":1568320,"tid":1568320,"args":{"ID":1729382256910270467}},{"name":"FR(FeatureA)","cat":"Feature","ph":"E","ts":3000226,"pid":1568320,"tid":1568320,"args":{"ID":1729382256910270467}},{"name":"FR(FeatureB)","cat":"Feature","ph":"B","ts":3000227,"pid":1568320,"tid":1568320,"args":{"ID":1729382256910286851}},{"name":"FR(FeatureB)","cat":"Feature","ph":"E","ts":5000349,"pid":1568320,"tid":1568320,"args":{"ID":1729382256910286851}},{"name":"FR(FeatureC)","cat":"Feature","ph":"B","ts":5000355,"pid":1568320,"tid":1568320,"args":{"ID":1729382256910303235}},{"name":"FR(FeatureC)","cat":"Feature","ph":"E","ts":6000469,"pid":1568320,"tid":1568320,"args":{"ID":1729382256910303235}},{"name":"FR(FeatureA)","cat":"Feature","ph":"B","ts":6000471,"pid":1568320,"tid":1568320,"args":{"ID":1729382256910336003}},{"name":"FR(FeatureB)","cat":"Feature","ph":"B","ts":6000472,"pid":1568320,"tid":1568320,"args":{"ID":1729382256910352387}},{"name":"FR(FeatureA)","cat":"Feature","ph":"E","ts":8000580,"pid":1568320,"tid":1568320,"args":{"ID":1729382256910336003}},{"name":"FR(FeatureB)","cat":"Feature","ph":"E","ts":8000580,"pid":1568320,"tid":1568320,"args":{"ID":1729382256910352387}},{"name":"FR(FeatureC)","cat":"Feature","ph":"B","ts":8000583,"pid":1568320,"tid":1568320,"args":{"ID":1729382256910368771}},{"name":"FR(FeatureC)","cat":"Feature","ph":"E","ts":8000583,"pid":1568320,"tid":1568320,"args":{"ID":1729382256910368771}},{"name":"Base","cat":"Feature","ph":"E","ts":8000584,"pid":1568320,"tid":1568320,"args":{"ID":0}}],"stackFrames":{},"timestampUnit":"us"}