{ "traceEvents":[{"name":"Base","cat":"Feature","ph":"B","ts":0,"pid":1086095,"tid":1086095,"args":{"ID":0}},{"name":"FR(FeatureA)","cat":"Feature","ph":"B","ts":2000120,"pid":1086095,"tid":1086095,"args":{"ID":1729382256910270467}},{"name":"FR(FeatureA)","cat":"Feature","ph":"E","ts":2000120,"pid":1086095,"tid":1086095,"args":{"ID":1729382256910270467}},{"name":"FR(FeatureB)","cat":"Feature","ph":"B","ts":3000215,"pid":1086095,"tid":1086095,"args":{"ID":1729382256910286851}},{"name":"FR(FeatureC)","cat":"Feature","ph":"B","ts":3000216,"pid":1086095,"tid":1086095,"args":{"ID":1729382256910303235}},{"name":"FR(FeatureC)","cat":"Feature","ph":"E","ts":3000224,"pid":1086095,"tid":1086095,"args":{"ID":1729382256910303235}},{"name":"FR(FeatureB)","cat":"Feature","ph":"E","ts":3000224,"pid":1086095,"tid":1086095,"args":{"ID":1729382256910286851}},{"name":"FR(FeatureA)","cat":"Feature","ph":"E","ts":3000225,"pid":1086095,"tid":1086095,"args":{"ID":1729382256910270467}},{"name":"FR(FeatureC)","cat":"Feature","ph":"E","ts":4000311,"pid":1086095,"tid":1086095,"args":{"ID":1729382256910303235}},{"name":"FR(FeatureB)","cat":"Feature","ph":"E","ts":4000311,"pid":1086095,"tid":1086095,"args":{"ID":1729382256910286851}},{"name":"FR(FeatureA)","cat":"Feature","ph":"E","ts":4000312,"pid":1086095,"tid":1086095,"args":{"ID":1729382256910270467}},{"name":"FR(FeatureC)","cat":"Feature","ph":"E","ts":4000330,"pid":1086095,"tid":1086095,"args":{"ID":1729382256910303235}},{"name":"FR(FeatureB)","cat":"Feature","ph":"E","ts":4000331,"pid":1086095,"tid":1086095,"args":{"ID":1729382256910286851}},{"name":"FR(FeatureA)","cat":"Feature","ph":"E","ts":4000331,"pid":1086095,"tid":1086095,"args":{"ID":1729382256910270467}},{"name":"FR(FeatureA)","cat":"Feature","ph":"B","ts":4000332,"pid":1086095,"tid":1086095,"args":{"ID":1729382256910319619}},{"name":"FR(FeatureC)","cat":"Feature","ph":"B","ts":4000333,"pid":1086095,"tid":1086095,"args":{"ID":1729382256910352387}},{"name":"FR(FeatureC)","cat":"Feature","ph":"E","ts":4000333,"pid":1086095,"tid":1086095,"args":{"ID":1729382256910352387}},{"name":"FR(FeatureA)","cat":"Feature","ph":"E","ts":4000334,"pid":1086095,"tid":1086095,"args":{"ID":1729382256910319619}},{"name":"FR(FeatureC)","cat":"Feature","ph":"E","ts":4000335,"pid":1086095,"tid":1086095,"args":{"ID":1729382256910303235}},{"name":"FR(FeatureB)","cat":"Feature","ph":"E","ts":4000335,"pid":1086095,"tid":1086095,"args":{"ID":1729382256910286851}},{"name":"FR(FeatureA)","cat":"Feature","ph":"E","ts":4000336,"pid":1086095,"tid":1086095,"args":{"ID":1729382256910270467}},{"name":"FR(FeatureC)","cat":"Feature","ph":"E","ts":4000337,"pid":1086095,"tid":1086095,"args":{"ID":1729382256910352387}},{"name":"FR(FeatureA)","cat":"Feature","ph":"E","ts":4000337,"pid":1086095,"tid":1086095,"args":{"ID":1729382256910319619}},{"name":"FR(FeatureC)","cat":"Feature","ph":"E","ts":4000338,"pid":1086095,"tid":1086095,"args":{"ID":1729382256910303235}},{"name":"FR(FeatureB)","cat":"Feature","ph":"E","ts":4000339,"pid":1086095,"tid":1086095,"args":{"ID":1729382256910286851}},{"name":"FR(FeatureA)","cat":"Feature","ph":"E","ts":4000339,"pid":1086095,"tid":1086095,"args":{"ID":1729382256910270467}},{"name":"Base","cat":"Feature","ph":"E","ts":4000340,"pid":1086095,"tid":1086095,"args":{"ID":0}}],"stackFrames":{},"timestampUnit":"us"}