{ "traceEvents":[{"name":"Base","cat":"Feature","ph":"B","ts":0,"pid":4047940,"tid":4047940,"args":{"ID":0}},{"name":"FR(FeatureA)","cat":"Feature","ph":"B","ts":2000113,"pid":4047940,"tid":4047940,"args":{"ID":1729382256910270467}},{"name":"FR(FeatureA)","cat":"Feature","ph":"E","ts":3000200,"pid":4047940,"tid":4047940,"args":{"ID":1729382256910270467}},{"name":"FR(FeatureB)","cat":"Feature","ph":"B","ts":3000200,"pid":4047940,"tid":4047940,"args":{"ID":1729382256910286851}},{"name":"FR(FeatureB)","cat":"Feature","ph":"E","ts":5000305,"pid":4047940,"tid":4047940,"args":{"ID":1729382256910286851}},{"name":"FR(FeatureC)","cat":"Feature","ph":"B","ts":5000311,"pid":4047940,"tid":4047940,"args":{"ID":1729382256910303235}},{"name":"FR(FeatureC)","cat":"Feature","ph":"E","ts":6000406,"pid":4047940,"tid":4047940,"args":{"ID":1729382256910303235}},{"name":"FR(FeatureD)","cat":"Feature","ph":"B","ts":6000407,"pid":4047940,"tid":4047940,"args":{"ID":1729382256910319619}},{"name":"FR(FeatureD)","cat":"Feature","ph":"E","ts":8000517,"pid":4047940,"tid":4047940,"args":{"ID":1729382256910319619}},{"name":"FR(FeatureA)","cat":"Feature","ph":"B","ts":8000519,"pid":4047940,"tid":4047940,"args":{"ID":1729382256910336003}},{"name":"FR(FeatureB)","cat":"Feature","ph":"B","ts":8000520,"pid":4047940,"tid":4047940,"args":{"ID":1729382256910352387}},{"name":"FR(FeatureA)","cat":"Feature","ph":"E","ts":10000629,"pid":4047940,"tid":4047940,"args":{"ID":1729382256910336003}},{"name":"FR(FeatureB)","cat":"Feature","ph":"E","ts":10000631,"pid":4047940,"tid":4047940,"args":{"ID":1729382256910352387}},{"name":"FR(FeatureC)","cat":"Feature","ph":"B","ts":10000632,"pid":4047940,"tid":4047940,"args":{"ID":1729382256910368771}},{"name":"FR(FeatureD)","cat":"Feature","ph":"B","ts":10000632,"pid":4047940,"tid":4047940,"args":{"ID":1729382256910385155}},{"name":"FR(FeatureC)","cat":"Feature","ph":"E","ts":10000655,"pid":4047940,"tid":4047940,"args":{"ID":1729382256910368771}},{"name":"FR(FeatureD)","cat":"Feature","ph":"E","ts":10000656,"pid":4047940,"tid":4047940,"args":{"ID":1729382256910385155}},{"name":"Base","cat":"Feature","ph":"E","ts":10000656,"pid":4047940,"tid":4047940,"args":{"ID":0}}],"stackFrames":{},"timestampUnit":"us"}