{ "traceEvents":[{"name":"Base","cat":"Feature","ph":"B","ts":0,"pid":4078314,"tid":4078314,"args":{"ID":0}},{"name":"FR(FeatureA)","cat":"Feature","ph":"B","ts":2000117,"pid":4078314,"tid":4078314,"args":{"ID":1729382256910270467}},{"name":"FR(FeatureA)","cat":"Feature","ph":"E","ts":3000205,"pid":4078314,"tid":4078314,"args":{"ID":1729382256910270467}},{"name":"FR(FeatureB)","cat":"Feature","ph":"B","ts":3000205,"pid":4078314,"tid":4078314,"args":{"ID":1729382256910286851}},{"name":"FR(FeatureB)","cat":"Feature","ph":"E","ts":5000301,"pid":4078314,"tid":4078314,"args":{"ID":1729382256910286851}},{"name":"FR(FeatureC)","cat":"Feature","ph":"B","ts":5000306,"pid":4078314,"tid":4078314,"args":{"ID":1729382256910303235}},{"name":"FR(FeatureC)","cat":"Feature","ph":"E","ts":6000408,"pid":4078314,"tid":4078314,"args":{"ID":1729382256910303235}},{"name":"FR(FeatureD)","cat":"Feature","ph":"B","ts":6000409,"pid":4078314,"tid":4078314,"args":{"ID":1729382256910319619}},{"name":"FR(FeatureD)","cat":"Feature","ph":"E","ts":8000512,"pid":4078314,"tid":4078314,"args":{"ID":1729382256910319619}},{"name":"FR(FeatureA)","cat":"Feature","ph":"B","ts":8000513,"pid":4078314,"tid":4078314,"args":{"ID":1729382256910336003}},{"name":"FR(FeatureB)","cat":"Feature","ph":"B","ts":8000513,"pid":4078314,"tid":4078314,"args":{"ID":1729382256910352387}},{"name":"FR(FeatureA)","cat":"Feature","ph":"E","ts":10000615,"pid":4078314,"tid":4078314,"args":{"ID":1729382256910336003}},{"name":"FR(FeatureB)","cat":"Feature","ph":"E","ts":10000618,"pid":4078314,"tid":4078314,"args":{"ID":1729382256910352387}},{"name":"FR(FeatureC)","cat":"Feature","ph":"B","ts":10000618,"pid":4078314,"tid":4078314,"args":{"ID":1729382256910368771}},{"name":"FR(FeatureD)","cat":"Feature","ph":"B","ts":10000619,"pid":4078314,"tid":4078314,"args":{"ID":1729382256910385155}},{"name":"FR(FeatureC)","cat":"Feature","ph":"E","ts":10000642,"pid":4078314,"tid":4078314,"args":{"ID":1729382256910368771}},{"name":"FR(FeatureD)","cat":"Feature","ph":"E","ts":10000643,"pid":4078314,"tid":4078314,"args":{"ID":1729382256910385155}},{"name":"Base","cat":"Feature","ph":"E","ts":10000644,"pid":4078314,"tid":4078314,"args":{"ID":0}}],"stackFrames":{},"timestampUnit":"us"}