{ "traceEvents":[{"name":"Base","cat":"Feature","ph":"B","ts":0,"pid":1078826,"tid":1078826,"args":{"ID":0}},{"name":"FR(FeatureA)","cat":"Feature","ph":"B","ts":2000121,"pid":1078826,"tid":1078826,"args":{"ID":1729382256910270467}},{"name":"FR(FeatureA)","cat":"Feature","ph":"E","ts":2000122,"pid":1078826,"tid":1078826,"args":{"ID":1729382256910270467}},{"name":"FR(FeatureB)","cat":"Feature","ph":"B","ts":3000237,"pid":1078826,"tid":1078826,"args":{"ID":1729382256910286851}},{"name":"FR(FeatureB)","cat":"Feature","ph":"E","ts":3000238,"pid":1078826,"tid":1078826,"args":{"ID":1729382256910286851}},{"name":"FR(FeatureA)","cat":"Feature","ph":"E","ts":3000244,"pid":1078826,"tid":1078826,"args":{"ID":1729382256910270467}},{"name":"FR(FeatureC)","cat":"Feature","ph":"B","ts":5000341,"pid":1078826,"tid":1078826,"args":{"ID":1729382256910303235}},{"name":"FR(FeatureC)","cat":"Feature","ph":"E","ts":5000343,"pid":1078826,"tid":1078826,"args":{"ID":1729382256910303235}},{"name":"FR(FeatureB)","cat":"Feature","ph":"E","ts":5000344,"pid":1078826,"tid":1078826,"args":{"ID":1729382256910286851}},{"name":"FR(FeatureA)","cat":"Feature","ph":"E","ts":5000344,"pid":1078826,"tid":1078826,"args":{"ID":1729382256910270467}},{"name":"FR(FeatureC)","cat":"Feature","ph":"E","ts":5000357,"pid":1078826,"tid":1078826,"args":{"ID":1729382256910303235}},{"name":"FR(FeatureB)","cat":"Feature","ph":"E","ts":5000358,"pid":1078826,"tid":1078826,"args":{"ID":1729382256910286851}},{"name":"FR(FeatureA)","cat":"Feature","ph":"E","ts":5000359,"pid":1078826,"tid":1078826,"args":{"ID":1729382256910270467}},{"name":"FR(FeatureA)","cat":"Feature","ph":"B","ts":5000360,"pid":1078826,"tid":1078826,"args":{"ID":1729382256910319619}},{"name":"FR(FeatureB)","cat":"Feature","ph":"B","ts":5000360,"pid":1078826,"tid":1078826,"args":{"ID":1729382256910336003}},{"name":"FR(FeatureB)","cat":"Feature","ph":"E","ts":5000361,"pid":1078826,"tid":1078826,"args":{"ID":1729382256910336003}},{"name":"FR(FeatureA)","cat":"Feature","ph":"E","ts":5000362,"pid":1078826,"tid":1078826,"args":{"ID":1729382256910319619}},{"name":"FR(FeatureC)","cat":"Feature","ph":"E","ts":5000363,"pid":1078826,"tid":1078826,"args":{"ID":1729382256910303235}},{"name":"FR(FeatureB)","cat":"Feature","ph":"E","ts":5000364,"pid":1078826,"tid":1078826,"args":{"ID":1729382256910286851}},{"name":"FR(FeatureA)","cat":"Feature","ph":"E","ts":5000365,"pid":1078826,"tid":1078826,"args":{"ID":1729382256910270467}},{"name":"FR(FeatureB)","cat":"Feature","ph":"E","ts":7000490,"pid":1078826,"tid":1078826,"args":{"ID":1729382256910336003}},{"name":"FR(FeatureC)","cat":"Feature","ph":"B","ts":7000492,"pid":1078826,"tid":1078826,"args":{"ID":1729382256910352387}},{"name":"FR(FeatureC)","cat":"Feature","ph":"E","ts":7000493,"pid":1078826,"tid":1078826,"args":{"ID":1729382256910352387}},{"name":"FR(FeatureA)","cat":"Feature","ph":"E","ts":7000494,"pid":1078826,"tid":1078826,"args":{"ID":1729382256910319619}},{"name":"FR(FeatureC)","cat":"Feature","ph":"E","ts":7000494,"pid":1078826,"tid":1078826,"args":{"ID":1729382256910303235}},{"name":"FR(FeatureB)","cat":"Feature","ph":"E","ts":7000495,"pid":1078826,"tid":1078826,"args":{"ID":1729382256910286851}},{"name":"FR(FeatureA)","cat":"Feature","ph":"E","ts":7000495,"pid":1078826,"tid":1078826,"args":{"ID":1729382256910270467}},{"name":"Base","cat":"Feature","ph":"E","ts":7000496,"pid":1078826,"tid":1078826,"args":{"ID":0}}],"stackFrames":{},"timestampUnit":"us"}