{ "traceEvents":[{"name":"Base","cat":"Feature","ph":"B","ts":0,"pid":1079667,"tid":1079667,"args":{"ID":0}},{"name":"FR(FeatureA)","cat":"Feature","ph":"B","ts":2000111,"pid":1079667,"tid":1079667,"args":{"ID":1729382256910270467}},{"name":"FR(FeatureA)","cat":"Feature","ph":"E","ts":2000112,"pid":1079667,"tid":1079667,"args":{"ID":1729382256910270467}},{"name":"FR(FeatureB)","cat":"Feature","ph":"B","ts":3000197,"pid":1079667,"tid":1079667,"args":{"ID":1729382256910286851}},{"name":"FR(FeatureB)","cat":"Feature","ph":"E","ts":3000197,"pid":1079667,"tid":1079667,"args":{"ID":1729382256910286851}},{"name":"FR(FeatureA)","cat":"Feature","ph":"E","ts":3000205,"pid":1079667,"tid":1079667,"args":{"ID":1729382256910270467}},{"name":"FR(FeatureC)","cat":"Feature","ph":"B","ts":5000298,"pid":1079667,"tid":1079667,"args":{"ID":1729382256910303235}},{"name":"FR(FeatureC)","cat":"Feature","ph":"E","ts":5000298,"pid":1079667,"tid":1079667,"args":{"ID":1729382256910303235}},{"name":"FR(FeatureB)","cat":"Feature","ph":"E","ts":5000299,"pid":1079667,"tid":1079667,"args":{"ID":1729382256910286851}},{"name":"FR(FeatureA)","cat":"Feature","ph":"E","ts":5000300,"pid":1079667,"tid":1079667,"args":{"ID":1729382256910270467}},{"name":"FR(FeatureC)","cat":"Feature","ph":"E","ts":5000311,"pid":1079667,"tid":1079667,"args":{"ID":1729382256910303235}},{"name":"FR(FeatureB)","cat":"Feature","ph":"E","ts":5000312,"pid":1079667,"tid":1079667,"args":{"ID":1729382256910286851}},{"name":"FR(FeatureA)","cat":"Feature","ph":"E","ts":5000313,"pid":1079667,"tid":1079667,"args":{"ID":1729382256910270467}},{"name":"FR(FeatureA)","cat":"Feature","ph":"B","ts":5000314,"pid":1079667,"tid":1079667,"args":{"ID":1729382256910319619}},{"name":"FR(FeatureB)","cat":"Feature","ph":"B","ts":5000314,"pid":1079667,"tid":1079667,"args":{"ID":1729382256910336003}},{"name":"FR(FeatureB)","cat":"Feature","ph":"E","ts":5000315,"pid":1079667,"tid":1079667,"args":{"ID":1729382256910336003}},{"name":"FR(FeatureA)","cat":"Feature","ph":"E","ts":5000316,"pid":1079667,"tid":1079667,"args":{"ID":1729382256910319619}},{"name":"FR(FeatureC)","cat":"Feature","ph":"E","ts":5000317,"pid":1079667,"tid":1079667,"args":{"ID":1729382256910303235}},{"name":"FR(FeatureB)","cat":"Feature","ph":"E","ts":5000318,"pid":1079667,"tid":1079667,"args":{"ID":1729382256910286851}},{"name":"FR(FeatureA)","cat":"Feature","ph":"E","ts":5000319,"pid":1079667,"tid":1079667,"args":{"ID":1729382256910270467}},{"name":"FR(FeatureB)","cat":"Feature","ph":"E","ts":7000426,"pid":1079667,"tid":1079667,"args":{"ID":1729382256910336003}},{"name":"FR(FeatureC)","cat":"Feature","ph":"B","ts":7000429,"pid":1079667,"tid":1079667,"args":{"ID":1729382256910352387}},{"name":"FR(FeatureC)","cat":"Feature","ph":"E","ts":7000430,"pid":1079667,"tid":1079667,"args":{"ID":1729382256910352387}},{"name":"FR(FeatureA)","cat":"Feature","ph":"E","ts":7000430,"pid":1079667,"tid":1079667,"args":{"ID":1729382256910319619}},{"name":"FR(FeatureC)","cat":"Feature","ph":"E","ts":7000431,"pid":1079667,"tid":1079667,"args":{"ID":1729382256910303235}},{"name":"FR(FeatureB)","cat":"Feature","ph":"E","ts":7000431,"pid":1079667,"tid":1079667,"args":{"ID":1729382256910286851}},{"name":"FR(FeatureA)","cat":"Feature","ph":"E","ts":7000433,"pid":1079667,"tid":1079667,"args":{"ID":1729382256910270467}},{"name":"Base","cat":"Feature","ph":"E","ts":7000434,"pid":1079667,"tid":1079667,"args":{"ID":0}}],"stackFrames":{},"timestampUnit":"us"}