{ "traceEvents":[{"name":"Base","cat":"Feature","ph":"B","ts":0,"pid":1129074,"tid":1129074,"args":{"ID":0}},{"name":"FR(FeatureA)","cat":"Feature","ph":"B","ts":2000123,"pid":1129074,"tid":1129074,"args":{"ID":1729382256910270467}},{"name":"FR(FeatureB)","cat":"Feature","ph":"B","ts":2000124,"pid":1129074,"tid":1129074,"args":{"ID":1729382256910286851}},{"name":"FR(FeatureB)","cat":"Feature","ph":"E","ts":2000124,"pid":1129074,"tid":1129074,"args":{"ID":1729382256910286851}},{"name":"FR(FeatureA)","cat":"Feature","ph":"E","ts":2000125,"pid":1129074,"tid":1129074,"args":{"ID":1729382256910270467}},{"name":"FR(FeatureC)","cat":"Feature","ph":"B","ts":4000227,"pid":1129074,"tid":1129074,"args":{"ID":1729382256910303235}},{"name":"FR(FeatureC)","cat":"Feature","ph":"E","ts":4000227,"pid":1129074,"tid":1129074,"args":{"ID":1729382256910303235}},{"name":"FR(FeatureB)","cat":"Feature","ph":"E","ts":4000228,"pid":1129074,"tid":1129074,"args":{"ID":1729382256910286851}},{"name":"FR(FeatureA)","cat":"Feature","ph":"E","ts":4000229,"pid":1129074,"tid":1129074,"args":{"ID":1729382256910270467}},{"name":"FR(FeatureC)","cat":"Feature","ph":"E","ts":5000320,"pid":1129074,"tid":1129074,"args":{"ID":1729382256910303235}},{"name":"FR(FeatureB)","cat":"Feature","ph":"E","ts":5000321,"pid":1129074,"tid":1129074,"args":{"ID":1729382256910286851}},{"name":"FR(FeatureA)","cat":"Feature","ph":"E","ts":5000321,"pid":1129074,"tid":1129074,"args":{"ID":1729382256910270467}},{"name":"FR(FeatureC)","cat":"Feature","ph":"E","ts":5000322,"pid":1129074,"tid":1129074,"args":{"ID":1729382256910303235}},{"name":"FR(FeatureB)","cat":"Feature","ph":"E","ts":5000323,"pid":1129074,"tid":1129074,"args":{"ID":1729382256910286851}},{"name":"FR(FeatureA)","cat":"Feature","ph":"E","ts":5000323,"pid":1129074,"tid":1129074,"args":{"ID":1729382256910270467}},{"name":"FR(FeatureC)","cat":"Feature","ph":"E","ts":7000405,"pid":1129074,"tid":1129074,"args":{"ID":1729382256910303235}},{"name":"FR(FeatureB)","cat":"Feature","ph":"E","ts":7000407,"pid":1129074,"tid":1129074,"args":{"ID":1729382256910286851}},{"name":"FR(FeatureA)","cat":"Feature","ph":"E","ts":7000407,"pid":1129074,"tid":1129074,"args":{"ID":1729382256910270467}},{"name":"FR(FeatureC)","cat":"Feature","ph":"B","ts":7000408,"pid":1129074,"tid":1129074,"args":{"ID":1729382256910352387}},{"name":"FR(FeatureC)","cat":"Feature","ph":"E","ts":7000409,"pid":1129074,"tid":1129074,"args":{"ID":1729382256910352387}},{"name":"FR(FeatureA)","cat":"Feature","ph":"E","ts":7000409,"pid":1129074,"tid":1129074,"args":{"ID":1729382256910319619}},{"name":"FR(FeatureC)","cat":"Feature","ph":"E","ts":7000410,"pid":1129074,"tid":1129074,"args":{"ID":1729382256910303235}},{"name":"FR(FeatureB)","cat":"Feature","ph":"E","ts":7000410,"pid":1129074,"tid":1129074,"args":{"ID":1729382256910286851}},{"name":"FR(FeatureA)","cat":"Feature","ph":"E","ts":7000410,"pid":1129074,"tid":1129074,"args":{"ID":1729382256910270467}},{"name":"FR(FeatureC)","cat":"Feature","ph":"E","ts":7000410,"pid":1129074,"tid":1129074,"args":{"ID":1729382256910352387}},{"name":"FR(FeatureA)","cat":"Feature","ph":"E","ts":7000410,"pid":1129074,"tid":1129074,"args":{"ID":1729382256910319619}},{"name":"FR(FeatureC)","cat":"Feature","ph":"E","ts":7000411,"pid":1129074,"tid":1129074,"args":{"ID":1729382256910303235}},{"name":"FR(FeatureB)","cat":"Feature","ph":"E","ts":7000411,"pid":1129074,"tid":1129074,"args":{"ID":1729382256910286851}},{"name":"FR(FeatureA)","cat":"Feature","ph":"E","ts":7000411,"pid":1129074,"tid":1129074,"args":{"ID":1729382256910270467}},{"name":"FR(FeatureC)","cat":"Feature","ph":"E","ts":7000435,"pid":1129074,"tid":1129074,"args":{"ID":1729382256910352387}},{"name":"FR(FeatureA)","cat":"Feature","ph":"E","ts":7000436,"pid":1129074,"tid":1129074,"args":{"ID":1729382256910319619}},{"name":"FR(FeatureC)","cat":"Feature","ph":"E","ts":7000436,"pid":1129074,"tid":1129074,"args":{"ID":1729382256910303235}},{"name":"FR(FeatureB)","cat":"Feature","ph":"E","ts":7000437,"pid":1129074,"tid":1129074,"args":{"ID":1729382256910286851}},{"name":"FR(FeatureA)","cat":"Feature","ph":"E","ts":7000438,"pid":1129074,"tid":1129074,"args":{"ID":1729382256910270467}},{"name":"Base","cat":"Feature","ph":"E","ts":7000438,"pid":1129074,"tid":1129074,"args":{"ID":0}}],"stackFrames":{},"timestampUnit":"us"}