{ "traceEvents":[{"name":"Base","cat":"Feature","ph":"B","ts":0,"pid":186297,"tid":186297,"args":{"ID":0}},{"name":"FR(FeatureA)","cat":"Feature","ph":"B","ts":2000118,"pid":186297,"tid":186297,"args":{"ID":1729382256910270467}},{"name":"FR(FeatureA)","cat":"Feature","ph":"E","ts":4000214,"pid":186297,"tid":186297,"args":{"ID":1729382256910270467}},{"name":"FR(FeatureB)","cat":"Feature","ph":"B","ts":4000215,"pid":186297,"tid":186297,"args":{"ID":1729382256910286851}},{"name":"FR(FeatureB)","cat":"Feature","ph":"E","ts":6000320,"pid":186297,"tid":186297,"args":{"ID":1729382256910286851}},{"name":"Base","cat":"Feature","ph":"E","ts":6000320,"pid":186297,"tid":186297,"args":{"ID":0}}],"stackFrames":{},"timestampUnit":"us"}