{ "traceEvents":[{"name":"Base","cat":"Feature","ph":"B","ts":0,"pid":213741,"tid":213741,"args":{"ID":0}},{"name":"FR(FeatureA)","cat":"Feature","ph":"B","ts":2000134,"pid":213741,"tid":213741,"args":{"ID":1729382256910270467}},{"name":"FR(FeatureA)","cat":"Feature","ph":"E","ts":4000237,"pid":213741,"tid":213741,"args":{"ID":1729382256910270467}},{"name":"FR(FeatureB)","cat":"Feature","ph":"B","ts":4000237,"pid":213741,"tid":213741,"args":{"ID":1729382256910286851}},{"name":"FR(FeatureB)","cat":"Feature","ph":"E","ts":6000340,"pid":213741,"tid":213741,"args":{"ID":1729382256910286851}},{"name":"Base","cat":"Feature","ph":"E","ts":6000341,"pid":213741,"tid":213741,"args":{"ID":0}}],"stackFrames":{},"timestampUnit":"us"}