{ "traceEvents":[{"name":"Base","cat":"Feature","ph":"B","ts":0,"pid":181568,"tid":181568,"args":{"ID":0}},{"name":"FR(FeatureA)","cat":"Feature","ph":"B","ts":2000122,"pid":181568,"tid":181568,"args":{"ID":1729382256910270467}},{"name":"FR(FeatureA)","cat":"Feature","ph":"E","ts":4000226,"pid":181568,"tid":181568,"args":{"ID":1729382256910270467}},{"name":"FR(FeatureB)","cat":"Feature","ph":"B","ts":4000226,"pid":181568,"tid":181568,"args":{"ID":1729382256910286851}},{"name":"FR(FeatureB)","cat":"Feature","ph":"E","ts":6000331,"pid":181568,"tid":181568,"args":{"ID":1729382256910286851}},{"name":"Base","cat":"Feature","ph":"E","ts":6000332,"pid":181568,"tid":181568,"args":{"ID":0}}],"stackFrames":{},"timestampUnit":"us"}