{ "traceEvents":[{"name":"Base","cat":"Feature","ph":"B","ts":0,"pid":222337,"tid":222337,"args":{"ID":0}},{"name":"FR(FeatureA)","cat":"Feature","ph":"B","ts":2000114,"pid":222337,"tid":222337,"args":{"ID":1729382256910270467}},{"name":"FR(FeatureA)","cat":"Feature","ph":"E","ts":4000209,"pid":222337,"tid":222337,"args":{"ID":1729382256910270467}},{"name":"FR(FeatureB)","cat":"Feature","ph":"B","ts":4000210,"pid":222337,"tid":222337,"args":{"ID":1729382256910286851}},{"name":"FR(FeatureB)","cat":"Feature","ph":"E","ts":6000315,"pid":222337,"tid":222337,"args":{"ID":1729382256910286851}},{"name":"Base","cat":"Feature","ph":"E","ts":6000316,"pid":222337,"tid":222337,"args":{"ID":0}}],"stackFrames":{},"timestampUnit":"us"}