{ "traceEvents":[{"name":"Base","cat":"Feature","ph":"B","ts":0,"pid":188525,"tid":188525,"args":{"ID":0}},{"name":"FR(FeatureA)","cat":"Feature","ph":"B","ts":2000112,"pid":188525,"tid":188525,"args":{"ID":1729382256910270467}},{"name":"FR(FeatureA)","cat":"Feature","ph":"E","ts":4000200,"pid":188525,"tid":188525,"args":{"ID":1729382256910270467}},{"name":"FR(FeatureB)","cat":"Feature","ph":"B","ts":4000201,"pid":188525,"tid":188525,"args":{"ID":1729382256910286851}},{"name":"FR(FeatureB)","cat":"Feature","ph":"E","ts":6000301,"pid":188525,"tid":188525,"args":{"ID":1729382256910286851}},{"name":"Base","cat":"Feature","ph":"E","ts":6000301,"pid":188525,"tid":188525,"args":{"ID":0}}],"stackFrames":{},"timestampUnit":"us"}