{ "traceEvents":[{"name":"Base","cat":"Feature","ph":"B","ts":0,"pid":204737,"tid":204737,"args":{"ID":0}},{"name":"FR(FeatureA)","cat":"Feature","ph":"B","ts":2000121,"pid":204737,"tid":204737,"args":{"ID":1729382256910270467}},{"name":"FR(FeatureA)","cat":"Feature","ph":"E","ts":4000218,"pid":204737,"tid":204737,"args":{"ID":1729382256910270467}},{"name":"FR(FeatureB)","cat":"Feature","ph":"B","ts":4000219,"pid":204737,"tid":204737,"args":{"ID":1729382256910286851}},{"name":"FR(FeatureB)","cat":"Feature","ph":"E","ts":6000325,"pid":204737,"tid":204737,"args":{"ID":1729382256910286851}},{"name":"Base","cat":"Feature","ph":"E","ts":6000325,"pid":204737,"tid":204737,"args":{"ID":0}}],"stackFrames":{},"timestampUnit":"us"}