{ "traceEvents":[{"name":"Base","cat":"Feature","ph":"B","ts":0,"pid":226697,"tid":226697,"args":{"ID":0}},{"name":"FR(FeatureA)","cat":"Feature","ph":"B","ts":2000125,"pid":226697,"tid":226697,"args":{"ID":1729382256910270467}},{"name":"FR(FeatureA)","cat":"Feature","ph":"E","ts":4000221,"pid":226697,"tid":226697,"args":{"ID":1729382256910270467}},{"name":"FR(FeatureB)","cat":"Feature","ph":"B","ts":4000221,"pid":226697,"tid":226697,"args":{"ID":1729382256910286851}},{"name":"FR(FeatureB)","cat":"Feature","ph":"E","ts":6000320,"pid":226697,"tid":226697,"args":{"ID":1729382256910286851}},{"name":"Base","cat":"Feature","ph":"E","ts":6000320,"pid":226697,"tid":226697,"args":{"ID":0}}],"stackFrames":{},"timestampUnit":"us"}