{ "traceEvents":[{"name":"Base","cat":"Feature","ph":"B","ts":0,"pid":195368,"tid":195368,"args":{"ID":0}},{"name":"FR(FeatureA)","cat":"Feature","ph":"B","ts":2000119,"pid":195368,"tid":195368,"args":{"ID":1729382256910270467}},{"name":"FR(FeatureA)","cat":"Feature","ph":"E","ts":4000218,"pid":195368,"tid":195368,"args":{"ID":1729382256910270467}},{"name":"FR(FeatureB)","cat":"Feature","ph":"B","ts":4000219,"pid":195368,"tid":195368,"args":{"ID":1729382256910286851}},{"name":"FR(FeatureB)","cat":"Feature","ph":"E","ts":6000320,"pid":195368,"tid":195368,"args":{"ID":1729382256910286851}},{"name":"Base","cat":"Feature","ph":"E","ts":6000320,"pid":195368,"tid":195368,"args":{"ID":0}}],"stackFrames":{},"timestampUnit":"us"}