{ "traceEvents":[{"name":"Base","cat":"Feature","ph":"B","ts":0,"pid":161064,"tid":161064,"args":{"ID":0}},{"name":"FR(FeatureA)","cat":"Feature","ph":"B","ts":2000116,"pid":161064,"tid":161064,"args":{"ID":1729382256910270467}},{"name":"FR(FeatureA)","cat":"Feature","ph":"E","ts":4000208,"pid":161064,"tid":161064,"args":{"ID":1729382256910270467}},{"name":"FR(FeatureB)","cat":"Feature","ph":"B","ts":4000208,"pid":161064,"tid":161064,"args":{"ID":1729382256910286851}},{"name":"FR(FeatureB)","cat":"Feature","ph":"E","ts":6000303,"pid":161064,"tid":161064,"args":{"ID":1729382256910286851}},{"name":"Base","cat":"Feature","ph":"E","ts":6000304,"pid":161064,"tid":161064,"args":{"ID":0}}],"stackFrames":{},"timestampUnit":"us"}