{ "traceEvents":[{"name":"Base","cat":"Feature","ph":"B","ts":0,"pid":172630,"tid":172630,"args":{"ID":0}},{"name":"FR(FeatureA)","cat":"Feature","ph":"B","ts":2000111,"pid":172630,"tid":172630,"args":{"ID":1729382256910270467}},{"name":"FR(FeatureA)","cat":"Feature","ph":"E","ts":4000211,"pid":172630,"tid":172630,"args":{"ID":1729382256910270467}},{"name":"FR(FeatureB)","cat":"Feature","ph":"B","ts":4000212,"pid":172630,"tid":172630,"args":{"ID":1729382256910286851}},{"name":"FR(FeatureB)","cat":"Feature","ph":"E","ts":6000312,"pid":172630,"tid":172630,"args":{"ID":1729382256910286851}},{"name":"Base","cat":"Feature","ph":"E","ts":6000313,"pid":172630,"tid":172630,"args":{"ID":0}}],"stackFrames":{},"timestampUnit":"us"}