{ "traceEvents":[{"name":"Base","cat":"Feature","ph":"B","ts":0,"pid":165799,"tid":165799,"args":{"ID":0}},{"name":"FR(FeatureA)","cat":"Feature","ph":"B","ts":2000127,"pid":165799,"tid":165799,"args":{"ID":1729382256910270467}},{"name":"FR(FeatureA)","cat":"Feature","ph":"E","ts":4000222,"pid":165799,"tid":165799,"args":{"ID":1729382256910270467}},{"name":"FR(FeatureB)","cat":"Feature","ph":"B","ts":4000223,"pid":165799,"tid":165799,"args":{"ID":1729382256910286851}},{"name":"FR(FeatureB)","cat":"Feature","ph":"E","ts":6000347,"pid":165799,"tid":165799,"args":{"ID":1729382256910286851}},{"name":"Base","cat":"Feature","ph":"E","ts":6000348,"pid":165799,"tid":165799,"args":{"ID":0}}],"stackFrames":{},"timestampUnit":"us"}