{ "traceEvents":[{"name":"Base","cat":"Feature","ph":"B","ts":0,"pid":217970,"tid":217970,"args":{"ID":0}},{"name":"FR(FeatureA)","cat":"Feature","ph":"B","ts":2000118,"pid":217970,"tid":217970,"args":{"ID":1729382256910270467}},{"name":"FR(FeatureA)","cat":"Feature","ph":"E","ts":4000212,"pid":217970,"tid":217970,"args":{"ID":1729382256910270467}},{"name":"FR(FeatureB)","cat":"Feature","ph":"B","ts":4000213,"pid":217970,"tid":217970,"args":{"ID":1729382256910286851}},{"name":"FR(FeatureB)","cat":"Feature","ph":"E","ts":6000317,"pid":217970,"tid":217970,"args":{"ID":1729382256910286851}},{"name":"Base","cat":"Feature","ph":"E","ts":6000318,"pid":217970,"tid":217970,"args":{"ID":0}}],"stackFrames":{},"timestampUnit":"us"}