{ "traceEvents":[{"name":"Base","cat":"Feature","ph":"B","ts":0,"pid":197868,"tid":197868,"args":{"ID":0}},{"name":"FR(FeatureA)","cat":"Feature","ph":"B","ts":2000117,"pid":197868,"tid":197868,"args":{"ID":1729382256910270467}},{"name":"FR(FeatureA)","cat":"Feature","ph":"E","ts":4000217,"pid":197868,"tid":197868,"args":{"ID":1729382256910270467}},{"name":"FR(FeatureB)","cat":"Feature","ph":"B","ts":4000218,"pid":197868,"tid":197868,"args":{"ID":1729382256910286851}},{"name":"FR(FeatureB)","cat":"Feature","ph":"E","ts":6000318,"pid":197868,"tid":197868,"args":{"ID":1729382256910286851}},{"name":"Base","cat":"Feature","ph":"E","ts":6000319,"pid":197868,"tid":197868,"args":{"ID":0}}],"stackFrames":{},"timestampUnit":"us"}