{ "traceEvents":[{"name":"Base","cat":"Feature","ph":"B","ts":0,"pid":193040,"tid":193040,"args":{"ID":0}},{"name":"FR(FeatureA)","cat":"Feature","ph":"B","ts":2000114,"pid":193040,"tid":193040,"args":{"ID":1729382256910270467}},{"name":"FR(FeatureA)","cat":"Feature","ph":"E","ts":4000203,"pid":193040,"tid":193040,"args":{"ID":1729382256910270467}},{"name":"FR(FeatureB)","cat":"Feature","ph":"B","ts":4000204,"pid":193040,"tid":193040,"args":{"ID":1729382256910286851}},{"name":"FR(FeatureB)","cat":"Feature","ph":"E","ts":6000296,"pid":193040,"tid":193040,"args":{"ID":1729382256910286851}},{"name":"Base","cat":"Feature","ph":"E","ts":6000297,"pid":193040,"tid":193040,"args":{"ID":0}}],"stackFrames":{},"timestampUnit":"us"}