{ "traceEvents":[{"name":"Base","cat":"Feature","ph":"B","ts":0,"pid":177072,"tid":177072,"args":{"ID":0}},{"name":"FR(FeatureA)","cat":"Feature","ph":"B","ts":2000132,"pid":177072,"tid":177072,"args":{"ID":1729382256910270467}},{"name":"FR(FeatureA)","cat":"Feature","ph":"E","ts":4000244,"pid":177072,"tid":177072,"args":{"ID":1729382256910270467}},{"name":"FR(FeatureB)","cat":"Feature","ph":"B","ts":4000245,"pid":177072,"tid":177072,"args":{"ID":1729382256910286851}},{"name":"FR(FeatureB)","cat":"Feature","ph":"E","ts":6000349,"pid":177072,"tid":177072,"args":{"ID":1729382256910286851}},{"name":"Base","cat":"Feature","ph":"E","ts":6000350,"pid":177072,"tid":177072,"args":{"ID":0}}],"stackFrames":{},"timestampUnit":"us"}