{ "traceEvents":[{"name":"Base","cat":"Feature","ph":"B","ts":0,"pid":174778,"tid":174778,"args":{"ID":0}},{"name":"FR(FeatureA)","cat":"Feature","ph":"B","ts":2000120,"pid":174778,"tid":174778,"args":{"ID":1729382256910270467}},{"name":"FR(FeatureA)","cat":"Feature","ph":"E","ts":4000219,"pid":174778,"tid":174778,"args":{"ID":1729382256910270467}},{"name":"FR(FeatureB)","cat":"Feature","ph":"B","ts":4000219,"pid":174778,"tid":174778,"args":{"ID":1729382256910286851}},{"name":"FR(FeatureB)","cat":"Feature","ph":"E","ts":6000315,"pid":174778,"tid":174778,"args":{"ID":1729382256910286851}},{"name":"Base","cat":"Feature","ph":"E","ts":6000316,"pid":174778,"tid":174778,"args":{"ID":0}}],"stackFrames":{},"timestampUnit":"us"}