{ "traceEvents":[{"name":"Base","cat":"Feature","ph":"B","ts":0,"pid":183924,"tid":183924,"args":{"ID":0}},{"name":"FR(FeatureA)","cat":"Feature","ph":"B","ts":2000117,"pid":183924,"tid":183924,"args":{"ID":1729382256910270467}},{"name":"FR(FeatureA)","cat":"Feature","ph":"E","ts":4000206,"pid":183924,"tid":183924,"args":{"ID":1729382256910270467}},{"name":"FR(FeatureB)","cat":"Feature","ph":"B","ts":4000207,"pid":183924,"tid":183924,"args":{"ID":1729382256910286851}},{"name":"FR(FeatureB)","cat":"Feature","ph":"E","ts":6000311,"pid":183924,"tid":183924,"args":{"ID":1729382256910286851}},{"name":"Base","cat":"Feature","ph":"E","ts":6000311,"pid":183924,"tid":183924,"args":{"ID":0}}],"stackFrames":{},"timestampUnit":"us"}