{ "traceEvents":[{"name":"Base","cat":"Feature","ph":"B","ts":0,"pid":207003,"tid":207003,"args":{"ID":0}},{"name":"FR(FeatureA)","cat":"Feature","ph":"B","ts":2000106,"pid":207003,"tid":207003,"args":{"ID":1729382256910270467}},{"name":"FR(FeatureA)","cat":"Feature","ph":"E","ts":4000193,"pid":207003,"tid":207003,"args":{"ID":1729382256910270467}},{"name":"FR(FeatureB)","cat":"Feature","ph":"B","ts":4000194,"pid":207003,"tid":207003,"args":{"ID":1729382256910286851}},{"name":"FR(FeatureB)","cat":"Feature","ph":"E","ts":6000295,"pid":207003,"tid":207003,"args":{"ID":1729382256910286851}},{"name":"Base","cat":"Feature","ph":"E","ts":6000296,"pid":207003,"tid":207003,"args":{"ID":0}}],"stackFrames":{},"timestampUnit":"us"}