{ "traceEvents":[{"name":"Base","cat":"Feature","ph":"B","ts":0,"pid":211588,"tid":211588,"args":{"ID":0}},{"name":"FR(FeatureA)","cat":"Feature","ph":"B","ts":2000123,"pid":211588,"tid":211588,"args":{"ID":1729382256910270467}},{"name":"FR(FeatureA)","cat":"Feature","ph":"E","ts":4000216,"pid":211588,"tid":211588,"args":{"ID":1729382256910270467}},{"name":"FR(FeatureB)","cat":"Feature","ph":"B","ts":4000217,"pid":211588,"tid":211588,"args":{"ID":1729382256910286851}},{"name":"FR(FeatureB)","cat":"Feature","ph":"E","ts":6000317,"pid":211588,"tid":211588,"args":{"ID":1729382256910286851}},{"name":"Base","cat":"Feature","ph":"E","ts":6000317,"pid":211588,"tid":211588,"args":{"ID":0}}],"stackFrames":{},"timestampUnit":"us"}