{ "traceEvents":[{"name":"Base","cat":"Feature","ph":"B","ts":0,"pid":200131,"tid":200131,"args":{"ID":0}},{"name":"FR(FeatureA)","cat":"Feature","ph":"B","ts":2000103,"pid":200131,"tid":200131,"args":{"ID":1729382256910270467}},{"name":"FR(FeatureA)","cat":"Feature","ph":"E","ts":4000198,"pid":200131,"tid":200131,"args":{"ID":1729382256910270467}},{"name":"FR(FeatureB)","cat":"Feature","ph":"B","ts":4000198,"pid":200131,"tid":200131,"args":{"ID":1729382256910286851}},{"name":"FR(FeatureB)","cat":"Feature","ph":"E","ts":6000305,"pid":200131,"tid":200131,"args":{"ID":1729382256910286851}},{"name":"Base","cat":"Feature","ph":"E","ts":6000306,"pid":200131,"tid":200131,"args":{"ID":0}}],"stackFrames":{},"timestampUnit":"us"}