{ "traceEvents":[{"name":"Base","cat":"Feature","ph":"B","ts":0,"pid":224569,"tid":224569,"args":{"ID":0}},{"name":"FR(FeatureA)","cat":"Feature","ph":"B","ts":2000109,"pid":224569,"tid":224569,"args":{"ID":1729382256910270467}},{"name":"FR(FeatureA)","cat":"Feature","ph":"E","ts":4000199,"pid":224569,"tid":224569,"args":{"ID":1729382256910270467}},{"name":"FR(FeatureB)","cat":"Feature","ph":"B","ts":4000200,"pid":224569,"tid":224569,"args":{"ID":1729382256910286851}},{"name":"FR(FeatureB)","cat":"Feature","ph":"E","ts":6000297,"pid":224569,"tid":224569,"args":{"ID":1729382256910286851}},{"name":"Base","cat":"Feature","ph":"E","ts":6000299,"pid":224569,"tid":224569,"args":{"ID":0}}],"stackFrames":{},"timestampUnit":"us"}