{ "traceEvents":[{"name":"Base","cat":"Feature","ph":"B","ts":0,"pid":168180,"tid":168180,"args":{"ID":0}},{"name":"FR(FeatureA)","cat":"Feature","ph":"B","ts":2000110,"pid":168180,"tid":168180,"args":{"ID":1729382256910270467}},{"name":"FR(FeatureA)","cat":"Feature","ph":"E","ts":4000194,"pid":168180,"tid":168180,"args":{"ID":1729382256910270467}},{"name":"FR(FeatureB)","cat":"Feature","ph":"B","ts":4000195,"pid":168180,"tid":168180,"args":{"ID":1729382256910286851}},{"name":"FR(FeatureB)","cat":"Feature","ph":"E","ts":6000257,"pid":168180,"tid":168180,"args":{"ID":1729382256910286851}},{"name":"Base","cat":"Feature","ph":"E","ts":6000258,"pid":168180,"tid":168180,"args":{"ID":0}}],"stackFrames":{},"timestampUnit":"us"}