{ "traceEvents":[{"name":"Base","cat":"Feature","ph":"B","ts":0,"pid":163509,"tid":163509,"args":{"ID":0}},{"name":"FR(FeatureA)","cat":"Feature","ph":"B","ts":2000117,"pid":163509,"tid":163509,"args":{"ID":1729382256910270467}},{"name":"FR(FeatureA)","cat":"Feature","ph":"E","ts":4000210,"pid":163509,"tid":163509,"args":{"ID":1729382256910270467}},{"name":"FR(FeatureB)","cat":"Feature","ph":"B","ts":4000211,"pid":163509,"tid":163509,"args":{"ID":1729382256910286851}},{"name":"FR(FeatureB)","cat":"Feature","ph":"E","ts":6000322,"pid":163509,"tid":163509,"args":{"ID":1729382256910286851}},{"name":"Base","cat":"Feature","ph":"E","ts":6000324,"pid":163509,"tid":163509,"args":{"ID":0}}],"stackFrames":{},"timestampUnit":"us"}