{ "traceEvents":[{"name":"Base","cat":"Feature","ph":"B","ts":0,"pid":190922,"tid":190922,"args":{"ID":0}},{"name":"FR(FeatureA)","cat":"Feature","ph":"B","ts":2000101,"pid":190922,"tid":190922,"args":{"ID":1729382256910270467}},{"name":"FR(FeatureA)","cat":"Feature","ph":"E","ts":4000190,"pid":190922,"tid":190922,"args":{"ID":1729382256910270467}},{"name":"FR(FeatureB)","cat":"Feature","ph":"B","ts":4000191,"pid":190922,"tid":190922,"args":{"ID":1729382256910286851}},{"name":"FR(FeatureB)","cat":"Feature","ph":"E","ts":6000296,"pid":190922,"tid":190922,"args":{"ID":1729382256910286851}},{"name":"Base","cat":"Feature","ph":"E","ts":6000297,"pid":190922,"tid":190922,"args":{"ID":0}}],"stackFrames":{},"timestampUnit":"us"}