{ "traceEvents":[{"name":"Base","cat":"Feature","ph":"B","ts":0,"pid":220151,"tid":220151,"args":{"ID":0}},{"name":"FR(FeatureA)","cat":"Feature","ph":"B","ts":2000126,"pid":220151,"tid":220151,"args":{"ID":1729382256910270467}},{"name":"FR(FeatureA)","cat":"Feature","ph":"E","ts":4000227,"pid":220151,"tid":220151,"args":{"ID":1729382256910270467}},{"name":"FR(FeatureB)","cat":"Feature","ph":"B","ts":4000227,"pid":220151,"tid":220151,"args":{"ID":1729382256910286851}},{"name":"FR(FeatureB)","cat":"Feature","ph":"E","ts":6000325,"pid":220151,"tid":220151,"args":{"ID":1729382256910286851}},{"name":"Base","cat":"Feature","ph":"E","ts":6000326,"pid":220151,"tid":220151,"args":{"ID":0}}],"stackFrames":{},"timestampUnit":"us"}