{ "traceEvents":[{"name":"Base","cat":"Feature","ph":"B","ts":0,"pid":216007,"tid":216007,"args":{"ID":0}},{"name":"FR(FeatureA)","cat":"Feature","ph":"B","ts":2000113,"pid":216007,"tid":216007,"args":{"ID":1729382256910270467}},{"name":"FR(FeatureA)","cat":"Feature","ph":"E","ts":4000203,"pid":216007,"tid":216007,"args":{"ID":1729382256910270467}},{"name":"FR(FeatureB)","cat":"Feature","ph":"B","ts":4000203,"pid":216007,"tid":216007,"args":{"ID":1729382256910286851}},{"name":"FR(FeatureB)","cat":"Feature","ph":"E","ts":6000300,"pid":216007,"tid":216007,"args":{"ID":1729382256910286851}},{"name":"Base","cat":"Feature","ph":"E","ts":6000301,"pid":216007,"tid":216007,"args":{"ID":0}}],"stackFrames":{},"timestampUnit":"us"}