{ "traceEvents":[{"name":"Base","cat":"Feature","ph":"B","ts":0,"pid":209252,"tid":209252,"args":{"ID":0}},{"name":"FR(FeatureA)","cat":"Feature","ph":"B","ts":2000101,"pid":209252,"tid":209252,"args":{"ID":1729382256910270467}},{"name":"FR(FeatureA)","cat":"Feature","ph":"E","ts":4000185,"pid":209252,"tid":209252,"args":{"ID":1729382256910270467}},{"name":"FR(FeatureB)","cat":"Feature","ph":"B","ts":4000186,"pid":209252,"tid":209252,"args":{"ID":1729382256910286851}},{"name":"FR(FeatureB)","cat":"Feature","ph":"E","ts":6000287,"pid":209252,"tid":209252,"args":{"ID":1729382256910286851}},{"name":"Base","cat":"Feature","ph":"E","ts":6000287,"pid":209252,"tid":209252,"args":{"ID":0}}],"stackFrames":{},"timestampUnit":"us"}