{ "traceEvents":[{"name":"Base","cat":"Feature","ph":"B","ts":0,"pid":1077842,"tid":1077842,"args":{"ID":0}},{"name":"FR(FeatureA)","cat":"Feature","ph":"B","ts":2000131,"pid":1077842,"tid":1077842,"args":{"ID":1729382256910270467}},{"name":"FR(FeatureB)","cat":"Feature","ph":"B","ts":2000132,"pid":1077842,"tid":1077842,"args":{"ID":1729382256910286851}},{"name":"FR(FeatureB)","cat":"Feature","ph":"E","ts":2000132,"pid":1077842,"tid":1077842,"args":{"ID":1729382256910286851}},{"name":"FR(FeatureA)","cat":"Feature","ph":"E","ts":2000133,"pid":1077842,"tid":1077842,"args":{"ID":1729382256910270467}},{"name":"FR(FeatureC)","cat":"Feature","ph":"B","ts":4000253,"pid":1077842,"tid":1077842,"args":{"ID":1729382256910303235}},{"name":"FR(FeatureC)","cat":"Feature","ph":"E","ts":4000253,"pid":1077842,"tid":1077842,"args":{"ID":1729382256910303235}},{"name":"FR(FeatureB)","cat":"Feature","ph":"E","ts":4000254,"pid":1077842,"tid":1077842,"args":{"ID":1729382256910286851}},{"name":"FR(FeatureA)","cat":"Feature","ph":"E","ts":4000254,"pid":1077842,"tid":1077842,"args":{"ID":1729382256910270467}},{"name":"FR(FeatureC)","cat":"Feature","ph":"E","ts":4000268,"pid":1077842,"tid":1077842,"args":{"ID":1729382256910303235}},{"name":"FR(FeatureB)","cat":"Feature","ph":"E","ts":4000268,"pid":1077842,"tid":1077842,"args":{"ID":1729382256910286851}},{"name":"FR(FeatureA)","cat":"Feature","ph":"E","ts":4000269,"pid":1077842,"tid":1077842,"args":{"ID":1729382256910270467}},{"name":"FR(FeatureC)","cat":"Feature","ph":"B","ts":4000270,"pid":1077842,"tid":1077842,"args":{"ID":1729382256910352387}},{"name":"FR(FeatureC)","cat":"Feature","ph":"E","ts":4000271,"pid":1077842,"tid":1077842,"args":{"ID":1729382256910352387}},{"name":"FR(FeatureA)","cat":"Feature","ph":"E","ts":4000271,"pid":1077842,"tid":1077842,"args":{"ID":1729382256910319619}},{"name":"FR(FeatureC)","cat":"Feature","ph":"E","ts":4000272,"pid":1077842,"tid":1077842,"args":{"ID":1729382256910303235}},{"name":"FR(FeatureB)","cat":"Feature","ph":"E","ts":4000273,"pid":1077842,"tid":1077842,"args":{"ID":1729382256910286851}},{"name":"FR(FeatureA)","cat":"Feature","ph":"E","ts":4000274,"pid":1077842,"tid":1077842,"args":{"ID":1729382256910270467}},{"name":"Base","cat":"Feature","ph":"E","ts":4000275,"pid":1077842,"tid":1077842,"args":{"ID":0}}],"stackFrames":{},"timestampUnit":"us"}