{ "traceEvents":[{"name":"Base","cat":"Feature","ph":"B","ts":0,"pid":1076056,"tid":1076056,"args":{"ID":0}},{"name":"FR(FeatureA)","cat":"Feature","ph":"B","ts":2000139,"pid":1076056,"tid":1076056,"args":{"ID":1729382256910270467}},{"name":"FR(FeatureB)","cat":"Feature","ph":"B","ts":2000140,"pid":1076056,"tid":1076056,"args":{"ID":1729382256910286851}},{"name":"FR(FeatureB)","cat":"Feature","ph":"E","ts":2000141,"pid":1076056,"tid":1076056,"args":{"ID":1729382256910286851}},{"name":"FR(FeatureA)","cat":"Feature","ph":"E","ts":2000141,"pid":1076056,"tid":1076056,"args":{"ID":1729382256910270467}},{"name":"FR(FeatureC)","cat":"Feature","ph":"B","ts":4000231,"pid":1076056,"tid":1076056,"args":{"ID":1729382256910303235}},{"name":"FR(FeatureC)","cat":"Feature","ph":"E","ts":4000232,"pid":1076056,"tid":1076056,"args":{"ID":1729382256910303235}},{"name":"FR(FeatureB)","cat":"Feature","ph":"E","ts":4000233,"pid":1076056,"tid":1076056,"args":{"ID":1729382256910286851}},{"name":"FR(FeatureA)","cat":"Feature","ph":"E","ts":4000233,"pid":1076056,"tid":1076056,"args":{"ID":1729382256910270467}},{"name":"FR(FeatureC)","cat":"Feature","ph":"E","ts":4000251,"pid":1076056,"tid":1076056,"args":{"ID":1729382256910303235}},{"name":"FR(FeatureB)","cat":"Feature","ph":"E","ts":4000252,"pid":1076056,"tid":1076056,"args":{"ID":1729382256910286851}},{"name":"FR(FeatureA)","cat":"Feature","ph":"E","ts":4000252,"pid":1076056,"tid":1076056,"args":{"ID":1729382256910270467}},{"name":"FR(FeatureC)","cat":"Feature","ph":"B","ts":4000253,"pid":1076056,"tid":1076056,"args":{"ID":1729382256910352387}},{"name":"FR(FeatureC)","cat":"Feature","ph":"E","ts":4000254,"pid":1076056,"tid":1076056,"args":{"ID":1729382256910352387}},{"name":"FR(FeatureA)","cat":"Feature","ph":"E","ts":4000254,"pid":1076056,"tid":1076056,"args":{"ID":1729382256910319619}},{"name":"FR(FeatureC)","cat":"Feature","ph":"E","ts":4000255,"pid":1076056,"tid":1076056,"args":{"ID":1729382256910303235}},{"name":"FR(FeatureB)","cat":"Feature","ph":"E","ts":4000256,"pid":1076056,"tid":1076056,"args":{"ID":1729382256910286851}},{"name":"FR(FeatureA)","cat":"Feature","ph":"E","ts":4000257,"pid":1076056,"tid":1076056,"args":{"ID":1729382256910270467}},{"name":"Base","cat":"Feature","ph":"E","ts":4000258,"pid":1076056,"tid":1076056,"args":{"ID":0}}],"stackFrames":{},"timestampUnit":"us"}