{ "traceEvents":[{"name":"Base","cat":"Feature","ph":"B","ts":0,"pid":1232993,"tid":1232993,"args":{"ID":0}},{"name":"FR(FeatureB)","cat":"Feature","ph":"B","ts":2000114,"pid":1232993,"tid":1232993,"args":{"ID":1729382256910286851}},{"name":"FR(FeatureB)","cat":"Feature","ph":"E","ts":4000207,"pid":1232993,"tid":1232993,"args":{"ID":1729382256910286851}},{"name":"FR(FeatureC)","cat":"Feature","ph":"B","ts":4000207,"pid":1232993,"tid":1232993,"args":{"ID":1729382256910303235}},{"name":"FR(FeatureC)","cat":"Feature","ph":"E","ts":5000293,"pid":1232993,"tid":1232993,"args":{"ID":1729382256910303235}},{"name":"FR(FeatureC)","cat":"Feature","ph":"B","ts":5000300,"pid":1232993,"tid":1232993,"args":{"ID":1729382256910368771}},{"name":"FR(FeatureC)","cat":"Feature","ph":"E","ts":5000301,"pid":1232993,"tid":1232993,"args":{"ID":1729382256910368771}},{"name":"Base","cat":"Feature","ph":"E","ts":5000302,"pid":1232993,"tid":1232993,"args":{"ID":0}}],"stackFrames":{},"timestampUnit":"us"}