{ "traceEvents":[{"name":"Base","cat":"Feature","ph":"B","ts":0,"pid":1250148,"tid":1250148,"args":{"ID":0}},{"name":"FR(FeatureB)","cat":"Feature","ph":"B","ts":2000131,"pid":1250148,"tid":1250148,"args":{"ID":1729382256910286851}},{"name":"FR(FeatureB)","cat":"Feature","ph":"E","ts":4000223,"pid":1250148,"tid":1250148,"args":{"ID":1729382256910286851}},{"name":"FR(FeatureC)","cat":"Feature","ph":"B","ts":4000224,"pid":1250148,"tid":1250148,"args":{"ID":1729382256910303235}},{"name":"FR(FeatureC)","cat":"Feature","ph":"E","ts":5000325,"pid":1250148,"tid":1250148,"args":{"ID":1729382256910303235}},{"name":"FR(FeatureC)","cat":"Feature","ph":"B","ts":5000330,"pid":1250148,"tid":1250148,"args":{"ID":1729382256910368771}},{"name":"FR(FeatureC)","cat":"Feature","ph":"E","ts":5000330,"pid":1250148,"tid":1250148,"args":{"ID":1729382256910368771}},{"name":"Base","cat":"Feature","ph":"E","ts":5000331,"pid":1250148,"tid":1250148,"args":{"ID":0}}],"stackFrames":{},"timestampUnit":"us"}