{ "traceEvents":[{"name":"Base","cat":"Feature","ph":"B","ts":0,"pid":1246682,"tid":1246682,"args":{"ID":0}},{"name":"FR(FeatureB)","cat":"Feature","ph":"B","ts":2000124,"pid":1246682,"tid":1246682,"args":{"ID":1729382256910286851}},{"name":"FR(FeatureB)","cat":"Feature","ph":"E","ts":4000229,"pid":1246682,"tid":1246682,"args":{"ID":1729382256910286851}},{"name":"FR(FeatureC)","cat":"Feature","ph":"B","ts":4000229,"pid":1246682,"tid":1246682,"args":{"ID":1729382256910303235}},{"name":"FR(FeatureC)","cat":"Feature","ph":"E","ts":5000339,"pid":1246682,"tid":1246682,"args":{"ID":1729382256910303235}},{"name":"FR(FeatureC)","cat":"Feature","ph":"B","ts":5000347,"pid":1246682,"tid":1246682,"args":{"ID":1729382256910368771}},{"name":"FR(FeatureC)","cat":"Feature","ph":"E","ts":5000348,"pid":1246682,"tid":1246682,"args":{"ID":1729382256910368771}},{"name":"Base","cat":"Feature","ph":"E","ts":5000349,"pid":1246682,"tid":1246682,"args":{"ID":0}}],"stackFrames":{},"timestampUnit":"us"}