{ "traceEvents":[{"name":"Base","cat":"Feature","ph":"B","ts":0,"pid":1226107,"tid":1226107,"args":{"ID":0}},{"name":"FR(FeatureB)","cat":"Feature","ph":"B","ts":2000113,"pid":1226107,"tid":1226107,"args":{"ID":1729382256910286851}},{"name":"FR(FeatureB)","cat":"Feature","ph":"E","ts":4000207,"pid":1226107,"tid":1226107,"args":{"ID":1729382256910286851}},{"name":"FR(FeatureC)","cat":"Feature","ph":"B","ts":4000207,"pid":1226107,"tid":1226107,"args":{"ID":1729382256910303235}},{"name":"FR(FeatureC)","cat":"Feature","ph":"E","ts":5000310,"pid":1226107,"tid":1226107,"args":{"ID":1729382256910303235}},{"name":"FR(FeatureC)","cat":"Feature","ph":"B","ts":5000318,"pid":1226107,"tid":1226107,"args":{"ID":1729382256910368771}},{"name":"FR(FeatureC)","cat":"Feature","ph":"E","ts":5000318,"pid":1226107,"tid":1226107,"args":{"ID":1729382256910368771}},{"name":"Base","cat":"Feature","ph":"E","ts":5000318,"pid":1226107,"tid":1226107,"args":{"ID":0}}],"stackFrames":{},"timestampUnit":"us"}