{ "traceEvents":[{"name":"Base","cat":"Feature","ph":"B","ts":0,"pid":1203707,"tid":1203707,"args":{"ID":0}},{"name":"FR(FeatureB)","cat":"Feature","ph":"B","ts":2000109,"pid":1203707,"tid":1203707,"args":{"ID":1729382256910286851}},{"name":"FR(FeatureB)","cat":"Feature","ph":"E","ts":4000197,"pid":1203707,"tid":1203707,"args":{"ID":1729382256910286851}},{"name":"FR(FeatureC)","cat":"Feature","ph":"B","ts":4000198,"pid":1203707,"tid":1203707,"args":{"ID":1729382256910303235}},{"name":"FR(FeatureC)","cat":"Feature","ph":"E","ts":5000283,"pid":1203707,"tid":1203707,"args":{"ID":1729382256910303235}},{"name":"FR(FeatureC)","cat":"Feature","ph":"B","ts":5000293,"pid":1203707,"tid":1203707,"args":{"ID":1729382256910368771}},{"name":"FR(FeatureC)","cat":"Feature","ph":"E","ts":5000294,"pid":1203707,"tid":1203707,"args":{"ID":1729382256910368771}},{"name":"Base","cat":"Feature","ph":"E","ts":5000295,"pid":1203707,"tid":1203707,"args":{"ID":0}}],"stackFrames":{},"timestampUnit":"us"}