{ "traceEvents":[{"name":"Base","cat":"Feature","ph":"B","ts":0,"pid":1243327,"tid":1243327,"args":{"ID":0}},{"name":"FR(FeatureB)","cat":"Feature","ph":"B","ts":2000136,"pid":1243327,"tid":1243327,"args":{"ID":1729382256910286851}},{"name":"FR(FeatureB)","cat":"Feature","ph":"E","ts":4000248,"pid":1243327,"tid":1243327,"args":{"ID":1729382256910286851}},{"name":"FR(FeatureC)","cat":"Feature","ph":"B","ts":4000249,"pid":1243327,"tid":1243327,"args":{"ID":1729382256910303235}},{"name":"FR(FeatureC)","cat":"Feature","ph":"E","ts":5000351,"pid":1243327,"tid":1243327,"args":{"ID":1729382256910303235}},{"name":"FR(FeatureC)","cat":"Feature","ph":"B","ts":5000357,"pid":1243327,"tid":1243327,"args":{"ID":1729382256910368771}},{"name":"FR(FeatureC)","cat":"Feature","ph":"E","ts":5000358,"pid":1243327,"tid":1243327,"args":{"ID":1729382256910368771}},{"name":"Base","cat":"Feature","ph":"E","ts":5000358,"pid":1243327,"tid":1243327,"args":{"ID":0}}],"stackFrames":{},"timestampUnit":"us"}