{ "traceEvents":[{"name":"Base","cat":"Feature","ph":"B","ts":0,"pid":1248198,"tid":1248198,"args":{"ID":0}},{"name":"FR(FeatureB)","cat":"Feature","ph":"B","ts":2000102,"pid":1248198,"tid":1248198,"args":{"ID":1729382256910286851}},{"name":"FR(FeatureB)","cat":"Feature","ph":"E","ts":4000194,"pid":1248198,"tid":1248198,"args":{"ID":1729382256910286851}},{"name":"FR(FeatureC)","cat":"Feature","ph":"B","ts":4000195,"pid":1248198,"tid":1248198,"args":{"ID":1729382256910303235}},{"name":"FR(FeatureC)","cat":"Feature","ph":"E","ts":5000298,"pid":1248198,"tid":1248198,"args":{"ID":1729382256910303235}},{"name":"FR(FeatureC)","cat":"Feature","ph":"B","ts":5000304,"pid":1248198,"tid":1248198,"args":{"ID":1729382256910368771}},{"name":"FR(FeatureC)","cat":"Feature","ph":"E","ts":5000305,"pid":1248198,"tid":1248198,"args":{"ID":1729382256910368771}},{"name":"Base","cat":"Feature","ph":"E","ts":5000305,"pid":1248198,"tid":1248198,"args":{"ID":0}}],"stackFrames":{},"timestampUnit":"us"}