{ "traceEvents":[{"name":"Base","cat":"Feature","ph":"B","ts":0,"pid":1220820,"tid":1220820,"args":{"ID":0}},{"name":"FR(FeatureB)","cat":"Feature","ph":"B","ts":2000124,"pid":1220820,"tid":1220820,"args":{"ID":1729382256910286851}},{"name":"FR(FeatureB)","cat":"Feature","ph":"E","ts":4000231,"pid":1220820,"tid":1220820,"args":{"ID":1729382256910286851}},{"name":"FR(FeatureC)","cat":"Feature","ph":"B","ts":4000231,"pid":1220820,"tid":1220820,"args":{"ID":1729382256910303235}},{"name":"FR(FeatureC)","cat":"Feature","ph":"E","ts":5000340,"pid":1220820,"tid":1220820,"args":{"ID":1729382256910303235}},{"name":"FR(FeatureC)","cat":"Feature","ph":"B","ts":5000348,"pid":1220820,"tid":1220820,"args":{"ID":1729382256910368771}},{"name":"FR(FeatureC)","cat":"Feature","ph":"E","ts":5000348,"pid":1220820,"tid":1220820,"args":{"ID":1729382256910368771}},{"name":"Base","cat":"Feature","ph":"E","ts":5000349,"pid":1220820,"tid":1220820,"args":{"ID":0}}],"stackFrames":{},"timestampUnit":"us"}