{ "traceEvents":[{"name":"Base","cat":"Feature","ph":"B","ts":0,"pid":1231091,"tid":1231091,"args":{"ID":0}},{"name":"FR(FeatureB)","cat":"Feature","ph":"B","ts":2000131,"pid":1231091,"tid":1231091,"args":{"ID":1729382256910286851}},{"name":"FR(FeatureB)","cat":"Feature","ph":"E","ts":4000219,"pid":1231091,"tid":1231091,"args":{"ID":1729382256910286851}},{"name":"FR(FeatureC)","cat":"Feature","ph":"B","ts":4000220,"pid":1231091,"tid":1231091,"args":{"ID":1729382256910303235}},{"name":"FR(FeatureC)","cat":"Feature","ph":"E","ts":5000305,"pid":1231091,"tid":1231091,"args":{"ID":1729382256910303235}},{"name":"FR(FeatureC)","cat":"Feature","ph":"B","ts":5000311,"pid":1231091,"tid":1231091,"args":{"ID":1729382256910368771}},{"name":"FR(FeatureC)","cat":"Feature","ph":"E","ts":5000312,"pid":1231091,"tid":1231091,"args":{"ID":1729382256910368771}},{"name":"Base","cat":"Feature","ph":"E","ts":5000313,"pid":1231091,"tid":1231091,"args":{"ID":0}}],"stackFrames":{},"timestampUnit":"us"}