{ "traceEvents":[{"name":"Base","cat":"Feature","ph":"B","ts":0,"pid":1215971,"tid":1215971,"args":{"ID":0}},{"name":"FR(FeatureB)","cat":"Feature","ph":"B","ts":2000121,"pid":1215971,"tid":1215971,"args":{"ID":1729382256910286851}},{"name":"FR(FeatureB)","cat":"Feature","ph":"E","ts":4000228,"pid":1215971,"tid":1215971,"args":{"ID":1729382256910286851}},{"name":"FR(FeatureC)","cat":"Feature","ph":"B","ts":4000228,"pid":1215971,"tid":1215971,"args":{"ID":1729382256910303235}},{"name":"FR(FeatureC)","cat":"Feature","ph":"E","ts":5000336,"pid":1215971,"tid":1215971,"args":{"ID":1729382256910303235}},{"name":"FR(FeatureC)","cat":"Feature","ph":"B","ts":5000341,"pid":1215971,"tid":1215971,"args":{"ID":1729382256910368771}},{"name":"FR(FeatureC)","cat":"Feature","ph":"E","ts":5000342,"pid":1215971,"tid":1215971,"args":{"ID":1729382256910368771}},{"name":"Base","cat":"Feature","ph":"E","ts":5000342,"pid":1215971,"tid":1215971,"args":{"ID":0}}],"stackFrames":{},"timestampUnit":"us"}