{ "traceEvents":[{"name":"Base","cat":"Feature","ph":"B","ts":0,"pid":1205682,"tid":1205682,"args":{"ID":0}},{"name":"FR(FeatureB)","cat":"Feature","ph":"B","ts":2000116,"pid":1205682,"tid":1205682,"args":{"ID":1729382256910286851}},{"name":"FR(FeatureB)","cat":"Feature","ph":"E","ts":4000205,"pid":1205682,"tid":1205682,"args":{"ID":1729382256910286851}},{"name":"FR(FeatureC)","cat":"Feature","ph":"B","ts":4000205,"pid":1205682,"tid":1205682,"args":{"ID":1729382256910303235}},{"name":"FR(FeatureC)","cat":"Feature","ph":"E","ts":5000302,"pid":1205682,"tid":1205682,"args":{"ID":1729382256910303235}},{"name":"FR(FeatureC)","cat":"Feature","ph":"B","ts":5000307,"pid":1205682,"tid":1205682,"args":{"ID":1729382256910368771}},{"name":"FR(FeatureC)","cat":"Feature","ph":"E","ts":5000307,"pid":1205682,"tid":1205682,"args":{"ID":1729382256910368771}},{"name":"Base","cat":"Feature","ph":"E","ts":5000308,"pid":1205682,"tid":1205682,"args":{"ID":0}}],"stackFrames":{},"timestampUnit":"us"}