{ "traceEvents":[{"name":"Base","cat":"Feature","ph":"B","ts":0,"pid":1212459,"tid":1212459,"args":{"ID":0}},{"name":"FR(FeatureB)","cat":"Feature","ph":"B","ts":2000114,"pid":1212459,"tid":1212459,"args":{"ID":1729382256910286851}},{"name":"FR(FeatureB)","cat":"Feature","ph":"E","ts":4000208,"pid":1212459,"tid":1212459,"args":{"ID":1729382256910286851}},{"name":"FR(FeatureC)","cat":"Feature","ph":"B","ts":4000209,"pid":1212459,"tid":1212459,"args":{"ID":1729382256910303235}},{"name":"FR(FeatureC)","cat":"Feature","ph":"E","ts":5000303,"pid":1212459,"tid":1212459,"args":{"ID":1729382256910303235}},{"name":"FR(FeatureC)","cat":"Feature","ph":"B","ts":5000307,"pid":1212459,"tid":1212459,"args":{"ID":1729382256910368771}},{"name":"FR(FeatureC)","cat":"Feature","ph":"E","ts":5000308,"pid":1212459,"tid":1212459,"args":{"ID":1729382256910368771}},{"name":"Base","cat":"Feature","ph":"E","ts":5000309,"pid":1212459,"tid":1212459,"args":{"ID":0}}],"stackFrames":{},"timestampUnit":"us"}