{ "traceEvents":[{"name":"Base","cat":"Feature","ph":"B","ts":0,"pid":1244904,"tid":1244904,"args":{"ID":0}},{"name":"FR(FeatureB)","cat":"Feature","ph":"B","ts":2000117,"pid":1244904,"tid":1244904,"args":{"ID":1729382256910286851}},{"name":"FR(FeatureB)","cat":"Feature","ph":"E","ts":4000208,"pid":1244904,"tid":1244904,"args":{"ID":1729382256910286851}},{"name":"FR(FeatureC)","cat":"Feature","ph":"B","ts":4000208,"pid":1244904,"tid":1244904,"args":{"ID":1729382256910303235}},{"name":"FR(FeatureC)","cat":"Feature","ph":"E","ts":5000304,"pid":1244904,"tid":1244904,"args":{"ID":1729382256910303235}},{"name":"FR(FeatureC)","cat":"Feature","ph":"B","ts":5000311,"pid":1244904,"tid":1244904,"args":{"ID":1729382256910368771}},{"name":"FR(FeatureC)","cat":"Feature","ph":"E","ts":5000311,"pid":1244904,"tid":1244904,"args":{"ID":1729382256910368771}},{"name":"Base","cat":"Feature","ph":"E","ts":5000312,"pid":1244904,"tid":1244904,"args":{"ID":0}}],"stackFrames":{},"timestampUnit":"us"}