{ "traceEvents":[{"name":"Base","cat":"Feature","ph":"B","ts":0,"pid":1210607,"tid":1210607,"args":{"ID":0}},{"name":"FR(FeatureB)","cat":"Feature","ph":"B","ts":2000118,"pid":1210607,"tid":1210607,"args":{"ID":1729382256910286851}},{"name":"FR(FeatureB)","cat":"Feature","ph":"E","ts":4000224,"pid":1210607,"tid":1210607,"args":{"ID":1729382256910286851}},{"name":"FR(FeatureC)","cat":"Feature","ph":"B","ts":4000225,"pid":1210607,"tid":1210607,"args":{"ID":1729382256910303235}},{"name":"FR(FeatureC)","cat":"Feature","ph":"E","ts":5000322,"pid":1210607,"tid":1210607,"args":{"ID":1729382256910303235}},{"name":"FR(FeatureC)","cat":"Feature","ph":"B","ts":5000326,"pid":1210607,"tid":1210607,"args":{"ID":1729382256910368771}},{"name":"FR(FeatureC)","cat":"Feature","ph":"E","ts":5000327,"pid":1210607,"tid":1210607,"args":{"ID":1729382256910368771}},{"name":"Base","cat":"Feature","ph":"E","ts":5000327,"pid":1210607,"tid":1210607,"args":{"ID":0}}],"stackFrames":{},"timestampUnit":"us"}