{ "traceEvents":[{"name":"Base","cat":"Feature","ph":"B","ts":0,"pid":3866349,"tid":3866349,"args":{"ID":0}},{"name":"FR(FeatureB)","cat":"Feature","ph":"B","ts":2000111,"pid":3866349,"tid":3866349,"args":{"ID":1729382256910286851}},{"name":"FR(FeatureB)","cat":"Feature","ph":"E","ts":4000200,"pid":3866349,"tid":3866349,"args":{"ID":1729382256910286851}},{"name":"FR(FeatureC)","cat":"Feature","ph":"B","ts":4000200,"pid":3866349,"tid":3866349,"args":{"ID":1729382256910303235}},{"name":"FR(FeatureC)","cat":"Feature","ph":"E","ts":5000275,"pid":3866349,"tid":3866349,"args":{"ID":1729382256910303235}},{"name":"FR(FeatureD)","cat":"Feature","ph":"B","ts":5000282,"pid":3866349,"tid":3866349,"args":{"ID":1729382256910319619}},{"name":"FR(FeatureD)","cat":"Feature","ph":"E","ts":7000360,"pid":3866349,"tid":3866349,"args":{"ID":1729382256910319619}},{"name":"FR(FeatureC)","cat":"Feature","ph":"B","ts":7000361,"pid":3866349,"tid":3866349,"args":{"ID":1729382256910368771}},{"name":"FR(FeatureD)","cat":"Feature","ph":"B","ts":7000361,"pid":3866349,"tid":3866349,"args":{"ID":1729382256910385155}},{"name":"FR(FeatureC)","cat":"Feature","ph":"E","ts":7000377,"pid":3866349,"tid":3866349,"args":{"ID":1729382256910368771}},{"name":"FR(FeatureD)","cat":"Feature","ph":"E","ts":7000378,"pid":3866349,"tid":3866349,"args":{"ID":1729382256910385155}},{"name":"Base","cat":"Feature","ph":"E","ts":7000378,"pid":3866349,"tid":3866349,"args":{"ID":0}}],"stackFrames":{},"timestampUnit":"us"}