{ "traceEvents":[{"name":"Base","cat":"Feature","ph":"B","ts":0,"pid":3889620,"tid":3889620,"args":{"ID":0}},{"name":"FR(FeatureB)","cat":"Feature","ph":"B","ts":2000100,"pid":3889620,"tid":3889620,"args":{"ID":1729382256910286851}},{"name":"FR(FeatureB)","cat":"Feature","ph":"E","ts":4000185,"pid":3889620,"tid":3889620,"args":{"ID":1729382256910286851}},{"name":"FR(FeatureC)","cat":"Feature","ph":"B","ts":4000186,"pid":3889620,"tid":3889620,"args":{"ID":1729382256910303235}},{"name":"FR(FeatureC)","cat":"Feature","ph":"E","ts":5000279,"pid":3889620,"tid":3889620,"args":{"ID":1729382256910303235}},{"name":"FR(FeatureD)","cat":"Feature","ph":"B","ts":5000285,"pid":3889620,"tid":3889620,"args":{"ID":1729382256910319619}},{"name":"FR(FeatureD)","cat":"Feature","ph":"E","ts":7000387,"pid":3889620,"tid":3889620,"args":{"ID":1729382256910319619}},{"name":"FR(FeatureC)","cat":"Feature","ph":"B","ts":7000389,"pid":3889620,"tid":3889620,"args":{"ID":1729382256910368771}},{"name":"FR(FeatureD)","cat":"Feature","ph":"B","ts":7000389,"pid":3889620,"tid":3889620,"args":{"ID":1729382256910385155}},{"name":"FR(FeatureC)","cat":"Feature","ph":"E","ts":7000415,"pid":3889620,"tid":3889620,"args":{"ID":1729382256910368771}},{"name":"FR(FeatureD)","cat":"Feature","ph":"E","ts":7000416,"pid":3889620,"tid":3889620,"args":{"ID":1729382256910385155}},{"name":"Base","cat":"Feature","ph":"E","ts":7000417,"pid":3889620,"tid":3889620,"args":{"ID":0}}],"stackFrames":{},"timestampUnit":"us"}