{ "traceEvents":[{"name":"Base","cat":"Feature","ph":"B","ts":0,"pid":3881594,"tid":3881594,"args":{"ID":0}},{"name":"FR(FeatureB)","cat":"Feature","ph":"B","ts":2000114,"pid":3881594,"tid":3881594,"args":{"ID":1729382256910286851}},{"name":"FR(FeatureB)","cat":"Feature","ph":"E","ts":4000201,"pid":3881594,"tid":3881594,"args":{"ID":1729382256910286851}},{"name":"FR(FeatureC)","cat":"Feature","ph":"B","ts":4000201,"pid":3881594,"tid":3881594,"args":{"ID":1729382256910303235}},{"name":"FR(FeatureC)","cat":"Feature","ph":"E","ts":5000293,"pid":3881594,"tid":3881594,"args":{"ID":1729382256910303235}},{"name":"FR(FeatureD)","cat":"Feature","ph":"B","ts":5000298,"pid":3881594,"tid":3881594,"args":{"ID":1729382256910319619}},{"name":"FR(FeatureD)","cat":"Feature","ph":"E","ts":7000400,"pid":3881594,"tid":3881594,"args":{"ID":1729382256910319619}},{"name":"FR(FeatureC)","cat":"Feature","ph":"B","ts":7000401,"pid":3881594,"tid":3881594,"args":{"ID":1729382256910368771}},{"name":"FR(FeatureD)","cat":"Feature","ph":"B","ts":7000402,"pid":3881594,"tid":3881594,"args":{"ID":1729382256910385155}},{"name":"FR(FeatureC)","cat":"Feature","ph":"E","ts":7000427,"pid":3881594,"tid":3881594,"args":{"ID":1729382256910368771}},{"name":"FR(FeatureD)","cat":"Feature","ph":"E","ts":7000428,"pid":3881594,"tid":3881594,"args":{"ID":1729382256910385155}},{"name":"Base","cat":"Feature","ph":"E","ts":7000428,"pid":3881594,"tid":3881594,"args":{"ID":0}}],"stackFrames":{},"timestampUnit":"us"}