{ "traceEvents":[{"name":"Base","cat":"Feature","ph":"B","ts":0,"pid":3884377,"tid":3884377,"args":{"ID":0}},{"name":"FR(FeatureB)","cat":"Feature","ph":"B","ts":2000116,"pid":3884377,"tid":3884377,"args":{"ID":1729382256910286851}},{"name":"FR(FeatureB)","cat":"Feature","ph":"E","ts":4000211,"pid":3884377,"tid":3884377,"args":{"ID":1729382256910286851}},{"name":"FR(FeatureC)","cat":"Feature","ph":"B","ts":4000212,"pid":3884377,"tid":3884377,"args":{"ID":1729382256910303235}},{"name":"FR(FeatureC)","cat":"Feature","ph":"E","ts":5000300,"pid":3884377,"tid":3884377,"args":{"ID":1729382256910303235}},{"name":"FR(FeatureD)","cat":"Feature","ph":"B","ts":5000310,"pid":3884377,"tid":3884377,"args":{"ID":1729382256910319619}},{"name":"FR(FeatureD)","cat":"Feature","ph":"E","ts":7000412,"pid":3884377,"tid":3884377,"args":{"ID":1729382256910319619}},{"name":"FR(FeatureC)","cat":"Feature","ph":"B","ts":7000412,"pid":3884377,"tid":3884377,"args":{"ID":1729382256910368771}},{"name":"FR(FeatureD)","cat":"Feature","ph":"B","ts":7000413,"pid":3884377,"tid":3884377,"args":{"ID":1729382256910385155}},{"name":"FR(FeatureC)","cat":"Feature","ph":"E","ts":7000436,"pid":3884377,"tid":3884377,"args":{"ID":1729382256910368771}},{"name":"FR(FeatureD)","cat":"Feature","ph":"E","ts":7000437,"pid":3884377,"tid":3884377,"args":{"ID":1729382256910385155}},{"name":"Base","cat":"Feature","ph":"E","ts":7000438,"pid":3884377,"tid":3884377,"args":{"ID":0}}],"stackFrames":{},"timestampUnit":"us"}