{ "traceEvents":[{"name":"Base","cat":"Feature","ph":"B","ts":0,"pid":3905206,"tid":3905206,"args":{"ID":0}},{"name":"FR(FeatureB)","cat":"Feature","ph":"B","ts":2000114,"pid":3905206,"tid":3905206,"args":{"ID":1729382256910286851}},{"name":"FR(FeatureB)","cat":"Feature","ph":"E","ts":4000209,"pid":3905206,"tid":3905206,"args":{"ID":1729382256910286851}},{"name":"FR(FeatureC)","cat":"Feature","ph":"B","ts":4000210,"pid":3905206,"tid":3905206,"args":{"ID":1729382256910303235}},{"name":"FR(FeatureC)","cat":"Feature","ph":"E","ts":5000323,"pid":3905206,"tid":3905206,"args":{"ID":1729382256910303235}},{"name":"FR(FeatureD)","cat":"Feature","ph":"B","ts":5000332,"pid":3905206,"tid":3905206,"args":{"ID":1729382256910319619}},{"name":"FR(FeatureD)","cat":"Feature","ph":"E","ts":7000451,"pid":3905206,"tid":3905206,"args":{"ID":1729382256910319619}},{"name":"FR(FeatureC)","cat":"Feature","ph":"B","ts":7000452,"pid":3905206,"tid":3905206,"args":{"ID":1729382256910368771}},{"name":"FR(FeatureD)","cat":"Feature","ph":"B","ts":7000452,"pid":3905206,"tid":3905206,"args":{"ID":1729382256910385155}},{"name":"FR(FeatureC)","cat":"Feature","ph":"E","ts":7000483,"pid":3905206,"tid":3905206,"args":{"ID":1729382256910368771}},{"name":"FR(FeatureD)","cat":"Feature","ph":"E","ts":7000484,"pid":3905206,"tid":3905206,"args":{"ID":1729382256910385155}},{"name":"Base","cat":"Feature","ph":"E","ts":7000484,"pid":3905206,"tid":3905206,"args":{"ID":0}}],"stackFrames":{},"timestampUnit":"us"}