{ "traceEvents":[{"name":"Base","cat":"Feature","ph":"B","ts":0,"pid":3899877,"tid":3899877,"args":{"ID":0}},{"name":"FR(FeatureB)","cat":"Feature","ph":"B","ts":2000147,"pid":3899877,"tid":3899877,"args":{"ID":1729382256910286851}},{"name":"FR(FeatureB)","cat":"Feature","ph":"E","ts":4000236,"pid":3899877,"tid":3899877,"args":{"ID":1729382256910286851}},{"name":"FR(FeatureC)","cat":"Feature","ph":"B","ts":4000236,"pid":3899877,"tid":3899877,"args":{"ID":1729382256910303235}},{"name":"FR(FeatureC)","cat":"Feature","ph":"E","ts":5000319,"pid":3899877,"tid":3899877,"args":{"ID":1729382256910303235}},{"name":"FR(FeatureD)","cat":"Feature","ph":"B","ts":5000326,"pid":3899877,"tid":3899877,"args":{"ID":1729382256910319619}},{"name":"FR(FeatureD)","cat":"Feature","ph":"E","ts":7000422,"pid":3899877,"tid":3899877,"args":{"ID":1729382256910319619}},{"name":"FR(FeatureC)","cat":"Feature","ph":"B","ts":7000423,"pid":3899877,"tid":3899877,"args":{"ID":1729382256910368771}},{"name":"FR(FeatureD)","cat":"Feature","ph":"B","ts":7000424,"pid":3899877,"tid":3899877,"args":{"ID":1729382256910385155}},{"name":"FR(FeatureC)","cat":"Feature","ph":"E","ts":7000445,"pid":3899877,"tid":3899877,"args":{"ID":1729382256910368771}},{"name":"FR(FeatureD)","cat":"Feature","ph":"E","ts":7000445,"pid":3899877,"tid":3899877,"args":{"ID":1729382256910385155}},{"name":"Base","cat":"Feature","ph":"E","ts":7000446,"pid":3899877,"tid":3899877,"args":{"ID":0}}],"stackFrames":{},"timestampUnit":"us"}