{ "traceEvents":[{"name":"Base","cat":"Feature","ph":"B","ts":0,"pid":3920344,"tid":3920344,"args":{"ID":0}},{"name":"FR(FeatureB)","cat":"Feature","ph":"B","ts":2000117,"pid":3920344,"tid":3920344,"args":{"ID":1729382256910286851}},{"name":"FR(FeatureB)","cat":"Feature","ph":"E","ts":4000209,"pid":3920344,"tid":3920344,"args":{"ID":1729382256910286851}},{"name":"FR(FeatureC)","cat":"Feature","ph":"B","ts":4000209,"pid":3920344,"tid":3920344,"args":{"ID":1729382256910303235}},{"name":"FR(FeatureC)","cat":"Feature","ph":"E","ts":5000307,"pid":3920344,"tid":3920344,"args":{"ID":1729382256910303235}},{"name":"FR(FeatureD)","cat":"Feature","ph":"B","ts":5000313,"pid":3920344,"tid":3920344,"args":{"ID":1729382256910319619}},{"name":"FR(FeatureD)","cat":"Feature","ph":"E","ts":7000407,"pid":3920344,"tid":3920344,"args":{"ID":1729382256910319619}},{"name":"FR(FeatureC)","cat":"Feature","ph":"B","ts":7000408,"pid":3920344,"tid":3920344,"args":{"ID":1729382256910368771}},{"name":"FR(FeatureD)","cat":"Feature","ph":"B","ts":7000409,"pid":3920344,"tid":3920344,"args":{"ID":1729382256910385155}},{"name":"FR(FeatureC)","cat":"Feature","ph":"E","ts":7000429,"pid":3920344,"tid":3920344,"args":{"ID":1729382256910368771}},{"name":"FR(FeatureD)","cat":"Feature","ph":"E","ts":7000430,"pid":3920344,"tid":3920344,"args":{"ID":1729382256910385155}},{"name":"Base","cat":"Feature","ph":"E","ts":7000431,"pid":3920344,"tid":3920344,"args":{"ID":0}}],"stackFrames":{},"timestampUnit":"us"}