{ "traceEvents":[{"name":"Base","cat":"Feature","ph":"B","ts":0,"pid":3879197,"tid":3879197,"args":{"ID":0}},{"name":"FR(FeatureB)","cat":"Feature","ph":"B","ts":2000129,"pid":3879197,"tid":3879197,"args":{"ID":1729382256910286851}},{"name":"FR(FeatureB)","cat":"Feature","ph":"E","ts":4000242,"pid":3879197,"tid":3879197,"args":{"ID":1729382256910286851}},{"name":"FR(FeatureC)","cat":"Feature","ph":"B","ts":4000243,"pid":3879197,"tid":3879197,"args":{"ID":1729382256910303235}},{"name":"FR(FeatureC)","cat":"Feature","ph":"E","ts":5000341,"pid":3879197,"tid":3879197,"args":{"ID":1729382256910303235}},{"name":"FR(FeatureD)","cat":"Feature","ph":"B","ts":5000346,"pid":3879197,"tid":3879197,"args":{"ID":1729382256910319619}},{"name":"FR(FeatureD)","cat":"Feature","ph":"E","ts":7000459,"pid":3879197,"tid":3879197,"args":{"ID":1729382256910319619}},{"name":"FR(FeatureC)","cat":"Feature","ph":"B","ts":7000459,"pid":3879197,"tid":3879197,"args":{"ID":1729382256910368771}},{"name":"FR(FeatureD)","cat":"Feature","ph":"B","ts":7000459,"pid":3879197,"tid":3879197,"args":{"ID":1729382256910385155}},{"name":"FR(FeatureC)","cat":"Feature","ph":"E","ts":7000484,"pid":3879197,"tid":3879197,"args":{"ID":1729382256910368771}},{"name":"FR(FeatureD)","cat":"Feature","ph":"E","ts":7000484,"pid":3879197,"tid":3879197,"args":{"ID":1729382256910385155}},{"name":"Base","cat":"Feature","ph":"E","ts":7000485,"pid":3879197,"tid":3879197,"args":{"ID":0}}],"stackFrames":{},"timestampUnit":"us"}