{ "traceEvents":[{"name":"Base","cat":"Feature","ph":"B","ts":0,"pid":3871380,"tid":3871380,"args":{"ID":0}},{"name":"FR(FeatureB)","cat":"Feature","ph":"B","ts":2000116,"pid":3871380,"tid":3871380,"args":{"ID":1729382256910286851}},{"name":"FR(FeatureB)","cat":"Feature","ph":"E","ts":4000197,"pid":3871380,"tid":3871380,"args":{"ID":1729382256910286851}},{"name":"FR(FeatureC)","cat":"Feature","ph":"B","ts":4000198,"pid":3871380,"tid":3871380,"args":{"ID":1729382256910303235}},{"name":"FR(FeatureC)","cat":"Feature","ph":"E","ts":5000281,"pid":3871380,"tid":3871380,"args":{"ID":1729382256910303235}},{"name":"FR(FeatureD)","cat":"Feature","ph":"B","ts":5000286,"pid":3871380,"tid":3871380,"args":{"ID":1729382256910319619}},{"name":"FR(FeatureD)","cat":"Feature","ph":"E","ts":7000368,"pid":3871380,"tid":3871380,"args":{"ID":1729382256910319619}},{"name":"FR(FeatureC)","cat":"Feature","ph":"B","ts":7000369,"pid":3871380,"tid":3871380,"args":{"ID":1729382256910368771}},{"name":"FR(FeatureD)","cat":"Feature","ph":"B","ts":7000370,"pid":3871380,"tid":3871380,"args":{"ID":1729382256910385155}},{"name":"FR(FeatureC)","cat":"Feature","ph":"E","ts":7000383,"pid":3871380,"tid":3871380,"args":{"ID":1729382256910368771}},{"name":"FR(FeatureD)","cat":"Feature","ph":"E","ts":7000383,"pid":3871380,"tid":3871380,"args":{"ID":1729382256910385155}},{"name":"Base","cat":"Feature","ph":"E","ts":7000384,"pid":3871380,"tid":3871380,"args":{"ID":0}}],"stackFrames":{},"timestampUnit":"us"}