{ "traceEvents":[{"name":"Base","cat":"Feature","ph":"B","ts":0,"pid":3902287,"tid":3902287,"args":{"ID":0}},{"name":"FR(FeatureB)","cat":"Feature","ph":"B","ts":2000122,"pid":3902287,"tid":3902287,"args":{"ID":1729382256910286851}},{"name":"FR(FeatureB)","cat":"Feature","ph":"E","ts":4000240,"pid":3902287,"tid":3902287,"args":{"ID":1729382256910286851}},{"name":"FR(FeatureC)","cat":"Feature","ph":"B","ts":4000241,"pid":3902287,"tid":3902287,"args":{"ID":1729382256910303235}},{"name":"FR(FeatureC)","cat":"Feature","ph":"E","ts":5000360,"pid":3902287,"tid":3902287,"args":{"ID":1729382256910303235}},{"name":"FR(FeatureD)","cat":"Feature","ph":"B","ts":5000366,"pid":3902287,"tid":3902287,"args":{"ID":1729382256910319619}},{"name":"FR(FeatureD)","cat":"Feature","ph":"E","ts":7000494,"pid":3902287,"tid":3902287,"args":{"ID":1729382256910319619}},{"name":"FR(FeatureC)","cat":"Feature","ph":"B","ts":7000497,"pid":3902287,"tid":3902287,"args":{"ID":1729382256910368771}},{"name":"FR(FeatureD)","cat":"Feature","ph":"B","ts":7000497,"pid":3902287,"tid":3902287,"args":{"ID":1729382256910385155}},{"name":"FR(FeatureC)","cat":"Feature","ph":"E","ts":7000529,"pid":3902287,"tid":3902287,"args":{"ID":1729382256910368771}},{"name":"FR(FeatureD)","cat":"Feature","ph":"E","ts":7000530,"pid":3902287,"tid":3902287,"args":{"ID":1729382256910385155}},{"name":"Base","cat":"Feature","ph":"E","ts":7000530,"pid":3902287,"tid":3902287,"args":{"ID":0}}],"stackFrames":{},"timestampUnit":"us"}