{ "traceEvents":[{"name":"Base","cat":"Feature","ph":"B","ts":0,"pid":3886980,"tid":3886980,"args":{"ID":0}},{"name":"FR(FeatureB)","cat":"Feature","ph":"B","ts":2000119,"pid":3886980,"tid":3886980,"args":{"ID":1729382256910286851}},{"name":"FR(FeatureB)","cat":"Feature","ph":"E","ts":4000229,"pid":3886980,"tid":3886980,"args":{"ID":1729382256910286851}},{"name":"FR(FeatureC)","cat":"Feature","ph":"B","ts":4000230,"pid":3886980,"tid":3886980,"args":{"ID":1729382256910303235}},{"name":"FR(FeatureC)","cat":"Feature","ph":"E","ts":5000327,"pid":3886980,"tid":3886980,"args":{"ID":1729382256910303235}},{"name":"FR(FeatureD)","cat":"Feature","ph":"B","ts":5000332,"pid":3886980,"tid":3886980,"args":{"ID":1729382256910319619}},{"name":"FR(FeatureD)","cat":"Feature","ph":"E","ts":7000440,"pid":3886980,"tid":3886980,"args":{"ID":1729382256910319619}},{"name":"FR(FeatureC)","cat":"Feature","ph":"B","ts":7000441,"pid":3886980,"tid":3886980,"args":{"ID":1729382256910368771}},{"name":"FR(FeatureD)","cat":"Feature","ph":"B","ts":7000441,"pid":3886980,"tid":3886980,"args":{"ID":1729382256910385155}},{"name":"FR(FeatureC)","cat":"Feature","ph":"E","ts":7000466,"pid":3886980,"tid":3886980,"args":{"ID":1729382256910368771}},{"name":"FR(FeatureD)","cat":"Feature","ph":"E","ts":7000466,"pid":3886980,"tid":3886980,"args":{"ID":1729382256910385155}},{"name":"Base","cat":"Feature","ph":"E","ts":7000467,"pid":3886980,"tid":3886980,"args":{"ID":0}}],"stackFrames":{},"timestampUnit":"us"}