{ "traceEvents":[{"name":"Base","cat":"Feature","ph":"B","ts":0,"pid":3858443,"tid":3858443,"args":{"ID":0}},{"name":"FR(FeatureB)","cat":"Feature","ph":"B","ts":2000116,"pid":3858443,"tid":3858443,"args":{"ID":1729382256910286851}},{"name":"FR(FeatureB)","cat":"Feature","ph":"E","ts":4000178,"pid":3858443,"tid":3858443,"args":{"ID":1729382256910286851}},{"name":"FR(FeatureC)","cat":"Feature","ph":"B","ts":4000179,"pid":3858443,"tid":3858443,"args":{"ID":1729382256910303235}},{"name":"FR(FeatureC)","cat":"Feature","ph":"E","ts":5000265,"pid":3858443,"tid":3858443,"args":{"ID":1729382256910303235}},{"name":"FR(FeatureD)","cat":"Feature","ph":"B","ts":5000272,"pid":3858443,"tid":3858443,"args":{"ID":1729382256910319619}},{"name":"FR(FeatureD)","cat":"Feature","ph":"E","ts":7000369,"pid":3858443,"tid":3858443,"args":{"ID":1729382256910319619}},{"name":"FR(FeatureC)","cat":"Feature","ph":"B","ts":7000369,"pid":3858443,"tid":3858443,"args":{"ID":1729382256910368771}},{"name":"FR(FeatureD)","cat":"Feature","ph":"B","ts":7000370,"pid":3858443,"tid":3858443,"args":{"ID":1729382256910385155}},{"name":"FR(FeatureC)","cat":"Feature","ph":"E","ts":7000395,"pid":3858443,"tid":3858443,"args":{"ID":1729382256910368771}},{"name":"FR(FeatureD)","cat":"Feature","ph":"E","ts":7000396,"pid":3858443,"tid":3858443,"args":{"ID":1729382256910385155}},{"name":"Base","cat":"Feature","ph":"E","ts":7000396,"pid":3858443,"tid":3858443,"args":{"ID":0}}],"stackFrames":{},"timestampUnit":"us"}