{ "traceEvents":[{"name":"Base","cat":"Feature","ph":"B","ts":0,"pid":3874105,"tid":3874105,"args":{"ID":0}},{"name":"FR(FeatureB)","cat":"Feature","ph":"B","ts":2000109,"pid":3874105,"tid":3874105,"args":{"ID":1729382256910286851}},{"name":"FR(FeatureB)","cat":"Feature","ph":"E","ts":4000198,"pid":3874105,"tid":3874105,"args":{"ID":1729382256910286851}},{"name":"FR(FeatureC)","cat":"Feature","ph":"B","ts":4000198,"pid":3874105,"tid":3874105,"args":{"ID":1729382256910303235}},{"name":"FR(FeatureC)","cat":"Feature","ph":"E","ts":5000301,"pid":3874105,"tid":3874105,"args":{"ID":1729382256910303235}},{"name":"FR(FeatureD)","cat":"Feature","ph":"B","ts":5000306,"pid":3874105,"tid":3874105,"args":{"ID":1729382256910319619}},{"name":"FR(FeatureD)","cat":"Feature","ph":"E","ts":7000409,"pid":3874105,"tid":3874105,"args":{"ID":1729382256910319619}},{"name":"FR(FeatureC)","cat":"Feature","ph":"B","ts":7000411,"pid":3874105,"tid":3874105,"args":{"ID":1729382256910368771}},{"name":"FR(FeatureD)","cat":"Feature","ph":"B","ts":7000411,"pid":3874105,"tid":3874105,"args":{"ID":1729382256910385155}},{"name":"FR(FeatureC)","cat":"Feature","ph":"E","ts":7000435,"pid":3874105,"tid":3874105,"args":{"ID":1729382256910368771}},{"name":"FR(FeatureD)","cat":"Feature","ph":"E","ts":7000436,"pid":3874105,"tid":3874105,"args":{"ID":1729382256910385155}},{"name":"Base","cat":"Feature","ph":"E","ts":7000436,"pid":3874105,"tid":3874105,"args":{"ID":0}}],"stackFrames":{},"timestampUnit":"us"}