{ "traceEvents":[{"name":"Base","cat":"Feature","ph":"B","ts":0,"pid":3897220,"tid":3897220,"args":{"ID":0}},{"name":"FR(FeatureB)","cat":"Feature","ph":"B","ts":2000114,"pid":3897220,"tid":3897220,"args":{"ID":1729382256910286851}},{"name":"FR(FeatureB)","cat":"Feature","ph":"E","ts":4000203,"pid":3897220,"tid":3897220,"args":{"ID":1729382256910286851}},{"name":"FR(FeatureC)","cat":"Feature","ph":"B","ts":4000204,"pid":3897220,"tid":3897220,"args":{"ID":1729382256910303235}},{"name":"FR(FeatureC)","cat":"Feature","ph":"E","ts":5000283,"pid":3897220,"tid":3897220,"args":{"ID":1729382256910303235}},{"name":"FR(FeatureD)","cat":"Feature","ph":"B","ts":5000291,"pid":3897220,"tid":3897220,"args":{"ID":1729382256910319619}},{"name":"FR(FeatureD)","cat":"Feature","ph":"E","ts":7000382,"pid":3897220,"tid":3897220,"args":{"ID":1729382256910319619}},{"name":"FR(FeatureC)","cat":"Feature","ph":"B","ts":7000383,"pid":3897220,"tid":3897220,"args":{"ID":1729382256910368771}},{"name":"FR(FeatureD)","cat":"Feature","ph":"B","ts":7000384,"pid":3897220,"tid":3897220,"args":{"ID":1729382256910385155}},{"name":"FR(FeatureC)","cat":"Feature","ph":"E","ts":7000409,"pid":3897220,"tid":3897220,"args":{"ID":1729382256910368771}},{"name":"FR(FeatureD)","cat":"Feature","ph":"E","ts":7000409,"pid":3897220,"tid":3897220,"args":{"ID":1729382256910385155}},{"name":"Base","cat":"Feature","ph":"E","ts":7000410,"pid":3897220,"tid":3897220,"args":{"ID":0}}],"stackFrames":{},"timestampUnit":"us"}