{ "traceEvents":[{"name":"Base","cat":"Feature","ph":"B","ts":0,"pid":3912680,"tid":3912680,"args":{"ID":0}},{"name":"FR(FeatureB)","cat":"Feature","ph":"B","ts":2000123,"pid":3912680,"tid":3912680,"args":{"ID":1729382256910286851}},{"name":"FR(FeatureB)","cat":"Feature","ph":"E","ts":4000215,"pid":3912680,"tid":3912680,"args":{"ID":1729382256910286851}},{"name":"FR(FeatureC)","cat":"Feature","ph":"B","ts":4000216,"pid":3912680,"tid":3912680,"args":{"ID":1729382256910303235}},{"name":"FR(FeatureC)","cat":"Feature","ph":"E","ts":5000309,"pid":3912680,"tid":3912680,"args":{"ID":1729382256910303235}},{"name":"FR(FeatureD)","cat":"Feature","ph":"B","ts":5000313,"pid":3912680,"tid":3912680,"args":{"ID":1729382256910319619}},{"name":"FR(FeatureD)","cat":"Feature","ph":"E","ts":7000409,"pid":3912680,"tid":3912680,"args":{"ID":1729382256910319619}},{"name":"FR(FeatureC)","cat":"Feature","ph":"B","ts":7000410,"pid":3912680,"tid":3912680,"args":{"ID":1729382256910368771}},{"name":"FR(FeatureD)","cat":"Feature","ph":"B","ts":7000410,"pid":3912680,"tid":3912680,"args":{"ID":1729382256910385155}},{"name":"FR(FeatureC)","cat":"Feature","ph":"E","ts":7000432,"pid":3912680,"tid":3912680,"args":{"ID":1729382256910368771}},{"name":"FR(FeatureD)","cat":"Feature","ph":"E","ts":7000433,"pid":3912680,"tid":3912680,"args":{"ID":1729382256910385155}},{"name":"Base","cat":"Feature","ph":"E","ts":7000433,"pid":3912680,"tid":3912680,"args":{"ID":0}}],"stackFrames":{},"timestampUnit":"us"}