{ "traceEvents":[{"name":"Base","cat":"Feature","ph":"B","ts":0,"pid":3863750,"tid":3863750,"args":{"ID":0}},{"name":"FR(FeatureB)","cat":"Feature","ph":"B","ts":2000118,"pid":3863750,"tid":3863750,"args":{"ID":1729382256910286851}},{"name":"FR(FeatureB)","cat":"Feature","ph":"E","ts":4000208,"pid":3863750,"tid":3863750,"args":{"ID":1729382256910286851}},{"name":"FR(FeatureC)","cat":"Feature","ph":"B","ts":4000208,"pid":3863750,"tid":3863750,"args":{"ID":1729382256910303235}},{"name":"FR(FeatureC)","cat":"Feature","ph":"E","ts":5000313,"pid":3863750,"tid":3863750,"args":{"ID":1729382256910303235}},{"name":"FR(FeatureD)","cat":"Feature","ph":"B","ts":5000319,"pid":3863750,"tid":3863750,"args":{"ID":1729382256910319619}},{"name":"FR(FeatureD)","cat":"Feature","ph":"E","ts":7000424,"pid":3863750,"tid":3863750,"args":{"ID":1729382256910319619}},{"name":"FR(FeatureC)","cat":"Feature","ph":"B","ts":7000427,"pid":3863750,"tid":3863750,"args":{"ID":1729382256910368771}},{"name":"FR(FeatureD)","cat":"Feature","ph":"B","ts":7000428,"pid":3863750,"tid":3863750,"args":{"ID":1729382256910385155}},{"name":"FR(FeatureC)","cat":"Feature","ph":"E","ts":7000454,"pid":3863750,"tid":3863750,"args":{"ID":1729382256910368771}},{"name":"FR(FeatureD)","cat":"Feature","ph":"E","ts":7000455,"pid":3863750,"tid":3863750,"args":{"ID":1729382256910385155}},{"name":"Base","cat":"Feature","ph":"E","ts":7000456,"pid":3863750,"tid":3863750,"args":{"ID":0}}],"stackFrames":{},"timestampUnit":"us"}