{ "traceEvents":[{"name":"Base","cat":"Feature","ph":"B","ts":0,"pid":3932896,"tid":3932896,"args":{"ID":0}},{"name":"FR(FeatureB)","cat":"Feature","ph":"B","ts":2000134,"pid":3932896,"tid":3932896,"args":{"ID":1729382256910286851}},{"name":"FR(FeatureB)","cat":"Feature","ph":"E","ts":4000242,"pid":3932896,"tid":3932896,"args":{"ID":1729382256910286851}},{"name":"FR(FeatureC)","cat":"Feature","ph":"B","ts":4000243,"pid":3932896,"tid":3932896,"args":{"ID":1729382256910303235}},{"name":"FR(FeatureC)","cat":"Feature","ph":"E","ts":5000325,"pid":3932896,"tid":3932896,"args":{"ID":1729382256910303235}},{"name":"FR(FeatureD)","cat":"Feature","ph":"B","ts":5000334,"pid":3932896,"tid":3932896,"args":{"ID":1729382256910319619}},{"name":"FR(FeatureD)","cat":"Feature","ph":"E","ts":7000430,"pid":3932896,"tid":3932896,"args":{"ID":1729382256910319619}},{"name":"FR(FeatureC)","cat":"Feature","ph":"B","ts":7000431,"pid":3932896,"tid":3932896,"args":{"ID":1729382256910368771}},{"name":"FR(FeatureD)","cat":"Feature","ph":"B","ts":7000431,"pid":3932896,"tid":3932896,"args":{"ID":1729382256910385155}},{"name":"FR(FeatureC)","cat":"Feature","ph":"E","ts":7000455,"pid":3932896,"tid":3932896,"args":{"ID":1729382256910368771}},{"name":"FR(FeatureD)","cat":"Feature","ph":"E","ts":7000456,"pid":3932896,"tid":3932896,"args":{"ID":1729382256910385155}},{"name":"Base","cat":"Feature","ph":"E","ts":7000457,"pid":3932896,"tid":3932896,"args":{"ID":0}}],"stackFrames":{},"timestampUnit":"us"}