{ "traceEvents":[{"name":"Base","cat":"Feature","ph":"B","ts":0,"pid":3917717,"tid":3917717,"args":{"ID":0}},{"name":"FR(FeatureB)","cat":"Feature","ph":"B","ts":2000138,"pid":3917717,"tid":3917717,"args":{"ID":1729382256910286851}},{"name":"FR(FeatureB)","cat":"Feature","ph":"E","ts":4000236,"pid":3917717,"tid":3917717,"args":{"ID":1729382256910286851}},{"name":"FR(FeatureC)","cat":"Feature","ph":"B","ts":4000237,"pid":3917717,"tid":3917717,"args":{"ID":1729382256910303235}},{"name":"FR(FeatureC)","cat":"Feature","ph":"E","ts":5000327,"pid":3917717,"tid":3917717,"args":{"ID":1729382256910303235}},{"name":"FR(FeatureD)","cat":"Feature","ph":"B","ts":5000334,"pid":3917717,"tid":3917717,"args":{"ID":1729382256910319619}},{"name":"FR(FeatureD)","cat":"Feature","ph":"E","ts":7000438,"pid":3917717,"tid":3917717,"args":{"ID":1729382256910319619}},{"name":"FR(FeatureC)","cat":"Feature","ph":"B","ts":7000439,"pid":3917717,"tid":3917717,"args":{"ID":1729382256910368771}},{"name":"FR(FeatureD)","cat":"Feature","ph":"B","ts":7000440,"pid":3917717,"tid":3917717,"args":{"ID":1729382256910385155}},{"name":"FR(FeatureC)","cat":"Feature","ph":"E","ts":7000469,"pid":3917717,"tid":3917717,"args":{"ID":1729382256910368771}},{"name":"FR(FeatureD)","cat":"Feature","ph":"E","ts":7000470,"pid":3917717,"tid":3917717,"args":{"ID":1729382256910385155}},{"name":"Base","cat":"Feature","ph":"E","ts":7000471,"pid":3917717,"tid":3917717,"args":{"ID":0}}],"stackFrames":{},"timestampUnit":"us"}