{ "traceEvents":[{"name":"Base","cat":"Feature","ph":"B","ts":0,"pid":3915366,"tid":3915366,"args":{"ID":0}},{"name":"FR(FeatureB)","cat":"Feature","ph":"B","ts":2000123,"pid":3915366,"tid":3915366,"args":{"ID":1729382256910286851}},{"name":"FR(FeatureB)","cat":"Feature","ph":"E","ts":4000227,"pid":3915366,"tid":3915366,"args":{"ID":1729382256910286851}},{"name":"FR(FeatureC)","cat":"Feature","ph":"B","ts":4000227,"pid":3915366,"tid":3915366,"args":{"ID":1729382256910303235}},{"name":"FR(FeatureC)","cat":"Feature","ph":"E","ts":5000337,"pid":3915366,"tid":3915366,"args":{"ID":1729382256910303235}},{"name":"FR(FeatureD)","cat":"Feature","ph":"B","ts":5000342,"pid":3915366,"tid":3915366,"args":{"ID":1729382256910319619}},{"name":"FR(FeatureD)","cat":"Feature","ph":"E","ts":7000454,"pid":3915366,"tid":3915366,"args":{"ID":1729382256910319619}},{"name":"FR(FeatureC)","cat":"Feature","ph":"B","ts":7000454,"pid":3915366,"tid":3915366,"args":{"ID":1729382256910368771}},{"name":"FR(FeatureD)","cat":"Feature","ph":"B","ts":7000455,"pid":3915366,"tid":3915366,"args":{"ID":1729382256910385155}},{"name":"FR(FeatureC)","cat":"Feature","ph":"E","ts":7000470,"pid":3915366,"tid":3915366,"args":{"ID":1729382256910368771}},{"name":"FR(FeatureD)","cat":"Feature","ph":"E","ts":7000471,"pid":3915366,"tid":3915366,"args":{"ID":1729382256910385155}},{"name":"Base","cat":"Feature","ph":"E","ts":7000471,"pid":3915366,"tid":3915366,"args":{"ID":0}}],"stackFrames":{},"timestampUnit":"us"}