{ "traceEvents":[{"name":"Base","cat":"Feature","ph":"B","ts":0,"pid":1389456,"tid":1389456,"args":{"ID":0}},{"name":"FR(FeatureA)","cat":"Feature","ph":"B","ts":2000101,"pid":1389456,"tid":1389456,"args":{"ID":1729382256910270467}},{"name":"FR(FeatureA)","cat":"Feature","ph":"E","ts":3000210,"pid":1389456,"tid":1389456,"args":{"ID":1729382256910270467}},{"name":"FR(FeatureB)","cat":"Feature","ph":"B","ts":3000210,"pid":1389456,"tid":1389456,"args":{"ID":1729382256910286851}},{"name":"FR(FeatureB)","cat":"Feature","ph":"E","ts":5000311,"pid":1389456,"tid":1389456,"args":{"ID":1729382256910286851}},{"name":"FR(FeatureC)","cat":"Feature","ph":"B","ts":5000319,"pid":1389456,"tid":1389456,"args":{"ID":1729382256910303235}},{"name":"FR(FeatureC)","cat":"Feature","ph":"E","ts":6000417,"pid":1389456,"tid":1389456,"args":{"ID":1729382256910303235}},{"name":"FR(FeatureA)","cat":"Feature","ph":"B","ts":6000417,"pid":1389456,"tid":1389456,"args":{"ID":1729382256910336003}},{"name":"FR(FeatureB)","cat":"Feature","ph":"B","ts":6000418,"pid":1389456,"tid":1389456,"args":{"ID":1729382256910352387}},{"name":"FR(FeatureA)","cat":"Feature","ph":"E","ts":8000520,"pid":1389456,"tid":1389456,"args":{"ID":1729382256910336003}},{"name":"FR(FeatureB)","cat":"Feature","ph":"E","ts":8000522,"pid":1389456,"tid":1389456,"args":{"ID":1729382256910352387}},{"name":"FR(FeatureC)","cat":"Feature","ph":"B","ts":8000523,"pid":1389456,"tid":1389456,"args":{"ID":1729382256910368771}},{"name":"FR(FeatureC)","cat":"Feature","ph":"E","ts":8000523,"pid":1389456,"tid":1389456,"args":{"ID":1729382256910368771}},{"name":"Base","cat":"Feature","ph":"E","ts":8000524,"pid":1389456,"tid":1389456,"args":{"ID":0}}],"stackFrames":{},"timestampUnit":"us"}