{ "traceEvents":[{"name":"Base","cat":"Feature","ph":"B","ts":0,"pid":1415974,"tid":1415974,"args":{"ID":0}},{"name":"FR(FeatureA)","cat":"Feature","ph":"B","ts":2000113,"pid":1415974,"tid":1415974,"args":{"ID":1729382256910270467}},{"name":"FR(FeatureA)","cat":"Feature","ph":"E","ts":3000207,"pid":1415974,"tid":1415974,"args":{"ID":1729382256910270467}},{"name":"FR(FeatureB)","cat":"Feature","ph":"B","ts":3000208,"pid":1415974,"tid":1415974,"args":{"ID":1729382256910286851}},{"name":"FR(FeatureB)","cat":"Feature","ph":"E","ts":5000319,"pid":1415974,"tid":1415974,"args":{"ID":1729382256910286851}},{"name":"FR(FeatureC)","cat":"Feature","ph":"B","ts":5000328,"pid":1415974,"tid":1415974,"args":{"ID":1729382256910303235}},{"name":"FR(FeatureC)","cat":"Feature","ph":"E","ts":6000439,"pid":1415974,"tid":1415974,"args":{"ID":1729382256910303235}},{"name":"FR(FeatureA)","cat":"Feature","ph":"B","ts":6000440,"pid":1415974,"tid":1415974,"args":{"ID":1729382256910336003}},{"name":"FR(FeatureB)","cat":"Feature","ph":"B","ts":6000441,"pid":1415974,"tid":1415974,"args":{"ID":1729382256910352387}},{"name":"FR(FeatureA)","cat":"Feature","ph":"E","ts":8000548,"pid":1415974,"tid":1415974,"args":{"ID":1729382256910336003}},{"name":"FR(FeatureB)","cat":"Feature","ph":"E","ts":8000551,"pid":1415974,"tid":1415974,"args":{"ID":1729382256910352387}},{"name":"FR(FeatureC)","cat":"Feature","ph":"B","ts":8000551,"pid":1415974,"tid":1415974,"args":{"ID":1729382256910368771}},{"name":"FR(FeatureC)","cat":"Feature","ph":"E","ts":8000552,"pid":1415974,"tid":1415974,"args":{"ID":1729382256910368771}},{"name":"Base","cat":"Feature","ph":"E","ts":8000552,"pid":1415974,"tid":1415974,"args":{"ID":0}}],"stackFrames":{},"timestampUnit":"us"}