{ "traceEvents":[{"name":"Base","cat":"Feature","ph":"B","ts":0,"pid":1457452,"tid":1457452,"args":{"ID":0}},{"name":"FR(FeatureA)","cat":"Feature","ph":"B","ts":2000114,"pid":1457452,"tid":1457452,"args":{"ID":1729382256910270467}},{"name":"FR(FeatureA)","cat":"Feature","ph":"E","ts":3000205,"pid":1457452,"tid":1457452,"args":{"ID":1729382256910270467}},{"name":"FR(FeatureB)","cat":"Feature","ph":"B","ts":3000206,"pid":1457452,"tid":1457452,"args":{"ID":1729382256910286851}},{"name":"FR(FeatureB)","cat":"Feature","ph":"E","ts":5000287,"pid":1457452,"tid":1457452,"args":{"ID":1729382256910286851}},{"name":"FR(FeatureC)","cat":"Feature","ph":"B","ts":5000294,"pid":1457452,"tid":1457452,"args":{"ID":1729382256910303235}},{"name":"FR(FeatureC)","cat":"Feature","ph":"E","ts":6000389,"pid":1457452,"tid":1457452,"args":{"ID":1729382256910303235}},{"name":"FR(FeatureA)","cat":"Feature","ph":"B","ts":6000389,"pid":1457452,"tid":1457452,"args":{"ID":1729382256910336003}},{"name":"FR(FeatureB)","cat":"Feature","ph":"B","ts":6000390,"pid":1457452,"tid":1457452,"args":{"ID":1729382256910352387}},{"name":"FR(FeatureA)","cat":"Feature","ph":"E","ts":8000488,"pid":1457452,"tid":1457452,"args":{"ID":1729382256910336003}},{"name":"FR(FeatureB)","cat":"Feature","ph":"E","ts":8000490,"pid":1457452,"tid":1457452,"args":{"ID":1729382256910352387}},{"name":"FR(FeatureC)","cat":"Feature","ph":"B","ts":8000491,"pid":1457452,"tid":1457452,"args":{"ID":1729382256910368771}},{"name":"FR(FeatureC)","cat":"Feature","ph":"E","ts":8000491,"pid":1457452,"tid":1457452,"args":{"ID":1729382256910368771}},{"name":"Base","cat":"Feature","ph":"E","ts":8000492,"pid":1457452,"tid":1457452,"args":{"ID":0}}],"stackFrames":{},"timestampUnit":"us"}