{ "traceEvents":[{"name":"Base","cat":"Feature","ph":"B","ts":0,"pid":1451552,"tid":1451552,"args":{"ID":0}},{"name":"FR(FeatureA)","cat":"Feature","ph":"B","ts":2000122,"pid":1451552,"tid":1451552,"args":{"ID":1729382256910270467}},{"name":"FR(FeatureA)","cat":"Feature","ph":"E","ts":3000239,"pid":1451552,"tid":1451552,"args":{"ID":1729382256910270467}},{"name":"FR(FeatureB)","cat":"Feature","ph":"B","ts":3000240,"pid":1451552,"tid":1451552,"args":{"ID":1729382256910286851}},{"name":"FR(FeatureB)","cat":"Feature","ph":"E","ts":5000353,"pid":1451552,"tid":1451552,"args":{"ID":1729382256910286851}},{"name":"FR(FeatureC)","cat":"Feature","ph":"B","ts":5000361,"pid":1451552,"tid":1451552,"args":{"ID":1729382256910303235}},{"name":"FR(FeatureC)","cat":"Feature","ph":"E","ts":6000466,"pid":1451552,"tid":1451552,"args":{"ID":1729382256910303235}},{"name":"FR(FeatureA)","cat":"Feature","ph":"B","ts":6000466,"pid":1451552,"tid":1451552,"args":{"ID":1729382256910336003}},{"name":"FR(FeatureB)","cat":"Feature","ph":"B","ts":6000467,"pid":1451552,"tid":1451552,"args":{"ID":1729382256910352387}},{"name":"FR(FeatureA)","cat":"Feature","ph":"E","ts":8000562,"pid":1451552,"tid":1451552,"args":{"ID":1729382256910336003}},{"name":"FR(FeatureB)","cat":"Feature","ph":"E","ts":8000563,"pid":1451552,"tid":1451552,"args":{"ID":1729382256910352387}},{"name":"FR(FeatureC)","cat":"Feature","ph":"B","ts":8000563,"pid":1451552,"tid":1451552,"args":{"ID":1729382256910368771}},{"name":"FR(FeatureC)","cat":"Feature","ph":"E","ts":8000564,"pid":1451552,"tid":1451552,"args":{"ID":1729382256910368771}},{"name":"Base","cat":"Feature","ph":"E","ts":8000564,"pid":1451552,"tid":1451552,"args":{"ID":0}}],"stackFrames":{},"timestampUnit":"us"}