{ "traceEvents":[{"name":"Base","cat":"Feature","ph":"B","ts":0,"pid":1421942,"tid":1421942,"args":{"ID":0}},{"name":"FR(FeatureA)","cat":"Feature","ph":"B","ts":2000121,"pid":1421942,"tid":1421942,"args":{"ID":1729382256910270467}},{"name":"FR(FeatureA)","cat":"Feature","ph":"E","ts":3000229,"pid":1421942,"tid":1421942,"args":{"ID":1729382256910270467}},{"name":"FR(FeatureB)","cat":"Feature","ph":"B","ts":3000230,"pid":1421942,"tid":1421942,"args":{"ID":1729382256910286851}},{"name":"FR(FeatureB)","cat":"Feature","ph":"E","ts":5000332,"pid":1421942,"tid":1421942,"args":{"ID":1729382256910286851}},{"name":"FR(FeatureC)","cat":"Feature","ph":"B","ts":5000337,"pid":1421942,"tid":1421942,"args":{"ID":1729382256910303235}},{"name":"FR(FeatureC)","cat":"Feature","ph":"E","ts":6000451,"pid":1421942,"tid":1421942,"args":{"ID":1729382256910303235}},{"name":"FR(FeatureA)","cat":"Feature","ph":"B","ts":6000453,"pid":1421942,"tid":1421942,"args":{"ID":1729382256910336003}},{"name":"FR(FeatureB)","cat":"Feature","ph":"B","ts":6000454,"pid":1421942,"tid":1421942,"args":{"ID":1729382256910352387}},{"name":"FR(FeatureA)","cat":"Feature","ph":"E","ts":8000565,"pid":1421942,"tid":1421942,"args":{"ID":1729382256910336003}},{"name":"FR(FeatureB)","cat":"Feature","ph":"E","ts":8000567,"pid":1421942,"tid":1421942,"args":{"ID":1729382256910352387}},{"name":"FR(FeatureC)","cat":"Feature","ph":"B","ts":8000568,"pid":1421942,"tid":1421942,"args":{"ID":1729382256910368771}},{"name":"FR(FeatureC)","cat":"Feature","ph":"E","ts":8000568,"pid":1421942,"tid":1421942,"args":{"ID":1729382256910368771}},{"name":"Base","cat":"Feature","ph":"E","ts":8000569,"pid":1421942,"tid":1421942,"args":{"ID":0}}],"stackFrames":{},"timestampUnit":"us"}