{ "traceEvents":[{"name":"Base","cat":"Feature","ph":"B","ts":0,"pid":1413136,"tid":1413136,"args":{"ID":0}},{"name":"FR(FeatureA)","cat":"Feature","ph":"B","ts":2000141,"pid":1413136,"tid":1413136,"args":{"ID":1729382256910270467}},{"name":"FR(FeatureA)","cat":"Feature","ph":"E","ts":3000256,"pid":1413136,"tid":1413136,"args":{"ID":1729382256910270467}},{"name":"FR(FeatureB)","cat":"Feature","ph":"B","ts":3000257,"pid":1413136,"tid":1413136,"args":{"ID":1729382256910286851}},{"name":"FR(FeatureB)","cat":"Feature","ph":"E","ts":5000345,"pid":1413136,"tid":1413136,"args":{"ID":1729382256910286851}},{"name":"FR(FeatureC)","cat":"Feature","ph":"B","ts":5000353,"pid":1413136,"tid":1413136,"args":{"ID":1729382256910303235}},{"name":"FR(FeatureC)","cat":"Feature","ph":"E","ts":6000461,"pid":1413136,"tid":1413136,"args":{"ID":1729382256910303235}},{"name":"FR(FeatureA)","cat":"Feature","ph":"B","ts":6000463,"pid":1413136,"tid":1413136,"args":{"ID":1729382256910336003}},{"name":"FR(FeatureB)","cat":"Feature","ph":"B","ts":6000464,"pid":1413136,"tid":1413136,"args":{"ID":1729382256910352387}},{"name":"FR(FeatureA)","cat":"Feature","ph":"E","ts":8000578,"pid":1413136,"tid":1413136,"args":{"ID":1729382256910336003}},{"name":"FR(FeatureB)","cat":"Feature","ph":"E","ts":8000579,"pid":1413136,"tid":1413136,"args":{"ID":1729382256910352387}},{"name":"FR(FeatureC)","cat":"Feature","ph":"B","ts":8000582,"pid":1413136,"tid":1413136,"args":{"ID":1729382256910368771}},{"name":"FR(FeatureC)","cat":"Feature","ph":"E","ts":8000583,"pid":1413136,"tid":1413136,"args":{"ID":1729382256910368771}},{"name":"Base","cat":"Feature","ph":"E","ts":8000583,"pid":1413136,"tid":1413136,"args":{"ID":0}}],"stackFrames":{},"timestampUnit":"us"}