{ "traceEvents":[{"name":"Base","cat":"Feature","ph":"B","ts":0,"pid":1433792,"tid":1433792,"args":{"ID":0}},{"name":"FR(FeatureA)","cat":"Feature","ph":"B","ts":2000124,"pid":1433792,"tid":1433792,"args":{"ID":1729382256910270467}},{"name":"FR(FeatureA)","cat":"Feature","ph":"E","ts":3000238,"pid":1433792,"tid":1433792,"args":{"ID":1729382256910270467}},{"name":"FR(FeatureB)","cat":"Feature","ph":"B","ts":3000239,"pid":1433792,"tid":1433792,"args":{"ID":1729382256910286851}},{"name":"FR(FeatureB)","cat":"Feature","ph":"E","ts":5000334,"pid":1433792,"tid":1433792,"args":{"ID":1729382256910286851}},{"name":"FR(FeatureC)","cat":"Feature","ph":"B","ts":5000340,"pid":1433792,"tid":1433792,"args":{"ID":1729382256910303235}},{"name":"FR(FeatureC)","cat":"Feature","ph":"E","ts":6000443,"pid":1433792,"tid":1433792,"args":{"ID":1729382256910303235}},{"name":"FR(FeatureA)","cat":"Feature","ph":"B","ts":6000444,"pid":1433792,"tid":1433792,"args":{"ID":1729382256910336003}},{"name":"FR(FeatureB)","cat":"Feature","ph":"B","ts":6000444,"pid":1433792,"tid":1433792,"args":{"ID":1729382256910352387}},{"name":"FR(FeatureA)","cat":"Feature","ph":"E","ts":8000567,"pid":1433792,"tid":1433792,"args":{"ID":1729382256910336003}},{"name":"FR(FeatureB)","cat":"Feature","ph":"E","ts":8000569,"pid":1433792,"tid":1433792,"args":{"ID":1729382256910352387}},{"name":"FR(FeatureC)","cat":"Feature","ph":"B","ts":8000569,"pid":1433792,"tid":1433792,"args":{"ID":1729382256910368771}},{"name":"FR(FeatureC)","cat":"Feature","ph":"E","ts":8000570,"pid":1433792,"tid":1433792,"args":{"ID":1729382256910368771}},{"name":"Base","cat":"Feature","ph":"E","ts":8000570,"pid":1433792,"tid":1433792,"args":{"ID":0}}],"stackFrames":{},"timestampUnit":"us"}