{ "traceEvents":[{"name":"Base","cat":"Feature","ph":"B","ts":0,"pid":1392399,"tid":1392399,"args":{"ID":0}},{"name":"FR(FeatureA)","cat":"Feature","ph":"B","ts":2000127,"pid":1392399,"tid":1392399,"args":{"ID":1729382256910270467}},{"name":"FR(FeatureA)","cat":"Feature","ph":"E","ts":3000226,"pid":1392399,"tid":1392399,"args":{"ID":1729382256910270467}},{"name":"FR(FeatureB)","cat":"Feature","ph":"B","ts":3000226,"pid":1392399,"tid":1392399,"args":{"ID":1729382256910286851}},{"name":"FR(FeatureB)","cat":"Feature","ph":"E","ts":5000330,"pid":1392399,"tid":1392399,"args":{"ID":1729382256910286851}},{"name":"FR(FeatureC)","cat":"Feature","ph":"B","ts":5000339,"pid":1392399,"tid":1392399,"args":{"ID":1729382256910303235}},{"name":"FR(FeatureC)","cat":"Feature","ph":"E","ts":6000443,"pid":1392399,"tid":1392399,"args":{"ID":1729382256910303235}},{"name":"FR(FeatureA)","cat":"Feature","ph":"B","ts":6000443,"pid":1392399,"tid":1392399,"args":{"ID":1729382256910336003}},{"name":"FR(FeatureB)","cat":"Feature","ph":"B","ts":6000444,"pid":1392399,"tid":1392399,"args":{"ID":1729382256910352387}},{"name":"FR(FeatureA)","cat":"Feature","ph":"E","ts":8000547,"pid":1392399,"tid":1392399,"args":{"ID":1729382256910336003}},{"name":"FR(FeatureB)","cat":"Feature","ph":"E","ts":8000547,"pid":1392399,"tid":1392399,"args":{"ID":1729382256910352387}},{"name":"FR(FeatureC)","cat":"Feature","ph":"B","ts":8000548,"pid":1392399,"tid":1392399,"args":{"ID":1729382256910368771}},{"name":"FR(FeatureC)","cat":"Feature","ph":"E","ts":8000548,"pid":1392399,"tid":1392399,"args":{"ID":1729382256910368771}},{"name":"Base","cat":"Feature","ph":"E","ts":8000549,"pid":1392399,"tid":1392399,"args":{"ID":0}}],"stackFrames":{},"timestampUnit":"us"}