{ "traceEvents":[{"name":"Base","cat":"Feature","ph":"B","ts":0,"pid":1425020,"tid":1425020,"args":{"ID":0}},{"name":"FR(FeatureA)","cat":"Feature","ph":"B","ts":2000132,"pid":1425020,"tid":1425020,"args":{"ID":1729382256910270467}},{"name":"FR(FeatureA)","cat":"Feature","ph":"E","ts":3000240,"pid":1425020,"tid":1425020,"args":{"ID":1729382256910270467}},{"name":"FR(FeatureB)","cat":"Feature","ph":"B","ts":3000241,"pid":1425020,"tid":1425020,"args":{"ID":1729382256910286851}},{"name":"FR(FeatureB)","cat":"Feature","ph":"E","ts":5000331,"pid":1425020,"tid":1425020,"args":{"ID":1729382256910286851}},{"name":"FR(FeatureC)","cat":"Feature","ph":"B","ts":5000339,"pid":1425020,"tid":1425020,"args":{"ID":1729382256910303235}},{"name":"FR(FeatureC)","cat":"Feature","ph":"E","ts":6000431,"pid":1425020,"tid":1425020,"args":{"ID":1729382256910303235}},{"name":"FR(FeatureA)","cat":"Feature","ph":"B","ts":6000432,"pid":1425020,"tid":1425020,"args":{"ID":1729382256910336003}},{"name":"FR(FeatureB)","cat":"Feature","ph":"B","ts":6000432,"pid":1425020,"tid":1425020,"args":{"ID":1729382256910352387}},{"name":"FR(FeatureA)","cat":"Feature","ph":"E","ts":8000550,"pid":1425020,"tid":1425020,"args":{"ID":1729382256910336003}},{"name":"FR(FeatureB)","cat":"Feature","ph":"E","ts":8000552,"pid":1425020,"tid":1425020,"args":{"ID":1729382256910352387}},{"name":"FR(FeatureC)","cat":"Feature","ph":"B","ts":8000553,"pid":1425020,"tid":1425020,"args":{"ID":1729382256910368771}},{"name":"FR(FeatureC)","cat":"Feature","ph":"E","ts":8000553,"pid":1425020,"tid":1425020,"args":{"ID":1729382256910368771}},{"name":"Base","cat":"Feature","ph":"E","ts":8000554,"pid":1425020,"tid":1425020,"args":{"ID":0}}],"stackFrames":{},"timestampUnit":"us"}