{ "traceEvents":[{"name":"Base","cat":"Feature","ph":"B","ts":0,"pid":1404220,"tid":1404220,"args":{"ID":0}},{"name":"FR(FeatureA)","cat":"Feature","ph":"B","ts":2000109,"pid":1404220,"tid":1404220,"args":{"ID":1729382256910270467}},{"name":"FR(FeatureA)","cat":"Feature","ph":"E","ts":3000206,"pid":1404220,"tid":1404220,"args":{"ID":1729382256910270467}},{"name":"FR(FeatureB)","cat":"Feature","ph":"B","ts":3000207,"pid":1404220,"tid":1404220,"args":{"ID":1729382256910286851}},{"name":"FR(FeatureB)","cat":"Feature","ph":"E","ts":5000306,"pid":1404220,"tid":1404220,"args":{"ID":1729382256910286851}},{"name":"FR(FeatureC)","cat":"Feature","ph":"B","ts":5000315,"pid":1404220,"tid":1404220,"args":{"ID":1729382256910303235}},{"name":"FR(FeatureC)","cat":"Feature","ph":"E","ts":6000424,"pid":1404220,"tid":1404220,"args":{"ID":1729382256910303235}},{"name":"FR(FeatureA)","cat":"Feature","ph":"B","ts":6000426,"pid":1404220,"tid":1404220,"args":{"ID":1729382256910336003}},{"name":"FR(FeatureB)","cat":"Feature","ph":"B","ts":6000427,"pid":1404220,"tid":1404220,"args":{"ID":1729382256910352387}},{"name":"FR(FeatureA)","cat":"Feature","ph":"E","ts":8000541,"pid":1404220,"tid":1404220,"args":{"ID":1729382256910336003}},{"name":"FR(FeatureB)","cat":"Feature","ph":"E","ts":8000542,"pid":1404220,"tid":1404220,"args":{"ID":1729382256910352387}},{"name":"FR(FeatureC)","cat":"Feature","ph":"B","ts":8000543,"pid":1404220,"tid":1404220,"args":{"ID":1729382256910368771}},{"name":"FR(FeatureC)","cat":"Feature","ph":"E","ts":8000543,"pid":1404220,"tid":1404220,"args":{"ID":1729382256910368771}},{"name":"Base","cat":"Feature","ph":"E","ts":8000544,"pid":1404220,"tid":1404220,"args":{"ID":0}}],"stackFrames":{},"timestampUnit":"us"}