{ "traceEvents":[{"name":"Base","cat":"Feature","ph":"B","ts":0,"pid":1463660,"tid":1463660,"args":{"ID":0}},{"name":"FR(FeatureA)","cat":"Feature","ph":"B","ts":2000118,"pid":1463660,"tid":1463660,"args":{"ID":1729382256910270467}},{"name":"FR(FeatureA)","cat":"Feature","ph":"E","ts":3000209,"pid":1463660,"tid":1463660,"args":{"ID":1729382256910270467}},{"name":"FR(FeatureB)","cat":"Feature","ph":"B","ts":3000209,"pid":1463660,"tid":1463660,"args":{"ID":1729382256910286851}},{"name":"FR(FeatureB)","cat":"Feature","ph":"E","ts":5000316,"pid":1463660,"tid":1463660,"args":{"ID":1729382256910286851}},{"name":"FR(FeatureC)","cat":"Feature","ph":"B","ts":5000322,"pid":1463660,"tid":1463660,"args":{"ID":1729382256910303235}},{"name":"FR(FeatureC)","cat":"Feature","ph":"E","ts":6000421,"pid":1463660,"tid":1463660,"args":{"ID":1729382256910303235}},{"name":"FR(FeatureA)","cat":"Feature","ph":"B","ts":6000421,"pid":1463660,"tid":1463660,"args":{"ID":1729382256910336003}},{"name":"FR(FeatureB)","cat":"Feature","ph":"B","ts":6000422,"pid":1463660,"tid":1463660,"args":{"ID":1729382256910352387}},{"name":"FR(FeatureA)","cat":"Feature","ph":"E","ts":8000517,"pid":1463660,"tid":1463660,"args":{"ID":1729382256910336003}},{"name":"FR(FeatureB)","cat":"Feature","ph":"E","ts":8000520,"pid":1463660,"tid":1463660,"args":{"ID":1729382256910352387}},{"name":"FR(FeatureC)","cat":"Feature","ph":"B","ts":8000521,"pid":1463660,"tid":1463660,"args":{"ID":1729382256910368771}},{"name":"FR(FeatureC)","cat":"Feature","ph":"E","ts":8000521,"pid":1463660,"tid":1463660,"args":{"ID":1729382256910368771}},{"name":"Base","cat":"Feature","ph":"E","ts":8000521,"pid":1463660,"tid":1463660,"args":{"ID":0}}],"stackFrames":{},"timestampUnit":"us"}