{ "traceEvents":[{"name":"Base","cat":"Feature","ph":"B","ts":0,"pid":1410250,"tid":1410250,"args":{"ID":0}},{"name":"FR(FeatureA)","cat":"Feature","ph":"B","ts":2000135,"pid":1410250,"tid":1410250,"args":{"ID":1729382256910270467}},{"name":"FR(FeatureA)","cat":"Feature","ph":"E","ts":3000245,"pid":1410250,"tid":1410250,"args":{"ID":1729382256910270467}},{"name":"FR(FeatureB)","cat":"Feature","ph":"B","ts":3000245,"pid":1410250,"tid":1410250,"args":{"ID":1729382256910286851}},{"name":"FR(FeatureB)","cat":"Feature","ph":"E","ts":5000348,"pid":1410250,"tid":1410250,"args":{"ID":1729382256910286851}},{"name":"FR(FeatureC)","cat":"Feature","ph":"B","ts":5000359,"pid":1410250,"tid":1410250,"args":{"ID":1729382256910303235}},{"name":"FR(FeatureC)","cat":"Feature","ph":"E","ts":6000470,"pid":1410250,"tid":1410250,"args":{"ID":1729382256910303235}},{"name":"FR(FeatureA)","cat":"Feature","ph":"B","ts":6000471,"pid":1410250,"tid":1410250,"args":{"ID":1729382256910336003}},{"name":"FR(FeatureB)","cat":"Feature","ph":"B","ts":6000471,"pid":1410250,"tid":1410250,"args":{"ID":1729382256910352387}},{"name":"FR(FeatureA)","cat":"Feature","ph":"E","ts":8000547,"pid":1410250,"tid":1410250,"args":{"ID":1729382256910336003}},{"name":"FR(FeatureB)","cat":"Feature","ph":"E","ts":8000549,"pid":1410250,"tid":1410250,"args":{"ID":1729382256910352387}},{"name":"FR(FeatureC)","cat":"Feature","ph":"B","ts":8000550,"pid":1410250,"tid":1410250,"args":{"ID":1729382256910368771}},{"name":"FR(FeatureC)","cat":"Feature","ph":"E","ts":8000550,"pid":1410250,"tid":1410250,"args":{"ID":1729382256910368771}},{"name":"Base","cat":"Feature","ph":"E","ts":8000551,"pid":1410250,"tid":1410250,"args":{"ID":0}}],"stackFrames":{},"timestampUnit":"us"}