{ "traceEvents":[{"name":"Base","cat":"Feature","ph":"B","ts":0,"pid":1436615,"tid":1436615,"args":{"ID":0}},{"name":"FR(FeatureA)","cat":"Feature","ph":"B","ts":2000130,"pid":1436615,"tid":1436615,"args":{"ID":1729382256910270467}},{"name":"FR(FeatureA)","cat":"Feature","ph":"E","ts":3000248,"pid":1436615,"tid":1436615,"args":{"ID":1729382256910270467}},{"name":"FR(FeatureB)","cat":"Feature","ph":"B","ts":3000249,"pid":1436615,"tid":1436615,"args":{"ID":1729382256910286851}},{"name":"FR(FeatureB)","cat":"Feature","ph":"E","ts":5000348,"pid":1436615,"tid":1436615,"args":{"ID":1729382256910286851}},{"name":"FR(FeatureC)","cat":"Feature","ph":"B","ts":5000355,"pid":1436615,"tid":1436615,"args":{"ID":1729382256910303235}},{"name":"FR(FeatureC)","cat":"Feature","ph":"E","ts":6000464,"pid":1436615,"tid":1436615,"args":{"ID":1729382256910303235}},{"name":"FR(FeatureA)","cat":"Feature","ph":"B","ts":6000465,"pid":1436615,"tid":1436615,"args":{"ID":1729382256910336003}},{"name":"FR(FeatureB)","cat":"Feature","ph":"B","ts":6000466,"pid":1436615,"tid":1436615,"args":{"ID":1729382256910352387}},{"name":"FR(FeatureA)","cat":"Feature","ph":"E","ts":8000582,"pid":1436615,"tid":1436615,"args":{"ID":1729382256910336003}},{"name":"FR(FeatureB)","cat":"Feature","ph":"E","ts":8000584,"pid":1436615,"tid":1436615,"args":{"ID":1729382256910352387}},{"name":"FR(FeatureC)","cat":"Feature","ph":"B","ts":8000585,"pid":1436615,"tid":1436615,"args":{"ID":1729382256910368771}},{"name":"FR(FeatureC)","cat":"Feature","ph":"E","ts":8000585,"pid":1436615,"tid":1436615,"args":{"ID":1729382256910368771}},{"name":"Base","cat":"Feature","ph":"E","ts":8000586,"pid":1436615,"tid":1436615,"args":{"ID":0}}],"stackFrames":{},"timestampUnit":"us"}