{ "traceEvents":[{"name":"Base","cat":"Feature","ph":"B","ts":0,"pid":1460457,"tid":1460457,"args":{"ID":0}},{"name":"FR(FeatureA)","cat":"Feature","ph":"B","ts":2000116,"pid":1460457,"tid":1460457,"args":{"ID":1729382256910270467}},{"name":"FR(FeatureA)","cat":"Feature","ph":"E","ts":3000201,"pid":1460457,"tid":1460457,"args":{"ID":1729382256910270467}},{"name":"FR(FeatureB)","cat":"Feature","ph":"B","ts":3000202,"pid":1460457,"tid":1460457,"args":{"ID":1729382256910286851}},{"name":"FR(FeatureB)","cat":"Feature","ph":"E","ts":5000286,"pid":1460457,"tid":1460457,"args":{"ID":1729382256910286851}},{"name":"FR(FeatureC)","cat":"Feature","ph":"B","ts":5000294,"pid":1460457,"tid":1460457,"args":{"ID":1729382256910303235}},{"name":"FR(FeatureC)","cat":"Feature","ph":"E","ts":6000393,"pid":1460457,"tid":1460457,"args":{"ID":1729382256910303235}},{"name":"FR(FeatureA)","cat":"Feature","ph":"B","ts":6000393,"pid":1460457,"tid":1460457,"args":{"ID":1729382256910336003}},{"name":"FR(FeatureB)","cat":"Feature","ph":"B","ts":6000393,"pid":1460457,"tid":1460457,"args":{"ID":1729382256910352387}},{"name":"FR(FeatureA)","cat":"Feature","ph":"E","ts":8000495,"pid":1460457,"tid":1460457,"args":{"ID":1729382256910336003}},{"name":"FR(FeatureB)","cat":"Feature","ph":"E","ts":8000497,"pid":1460457,"tid":1460457,"args":{"ID":1729382256910352387}},{"name":"FR(FeatureC)","cat":"Feature","ph":"B","ts":8000498,"pid":1460457,"tid":1460457,"args":{"ID":1729382256910368771}},{"name":"FR(FeatureC)","cat":"Feature","ph":"E","ts":8000498,"pid":1460457,"tid":1460457,"args":{"ID":1729382256910368771}},{"name":"Base","cat":"Feature","ph":"E","ts":8000498,"pid":1460457,"tid":1460457,"args":{"ID":0}}],"stackFrames":{},"timestampUnit":"us"}