{ "traceEvents":[{"name":"Base","cat":"Feature","ph":"B","ts":0,"pid":1477575,"tid":1477575,"args":{"ID":0}},{"name":"FR(FeatureA)","cat":"Feature","ph":"B","ts":2000086,"pid":1477575,"tid":1477575,"args":{"ID":1729382256910270467}},{"name":"FR(FeatureA)","cat":"Feature","ph":"E","ts":3000168,"pid":1477575,"tid":1477575,"args":{"ID":1729382256910270467}},{"name":"FR(FeatureB)","cat":"Feature","ph":"B","ts":3000168,"pid":1477575,"tid":1477575,"args":{"ID":1729382256910286851}},{"name":"FR(FeatureB)","cat":"Feature","ph":"E","ts":5000252,"pid":1477575,"tid":1477575,"args":{"ID":1729382256910286851}},{"name":"FR(FeatureC)","cat":"Feature","ph":"B","ts":5000257,"pid":1477575,"tid":1477575,"args":{"ID":1729382256910303235}},{"name":"FR(FeatureC)","cat":"Feature","ph":"E","ts":6000349,"pid":1477575,"tid":1477575,"args":{"ID":1729382256910303235}},{"name":"FR(FeatureA)","cat":"Feature","ph":"B","ts":6000350,"pid":1477575,"tid":1477575,"args":{"ID":1729382256910336003}},{"name":"FR(FeatureB)","cat":"Feature","ph":"B","ts":6000350,"pid":1477575,"tid":1477575,"args":{"ID":1729382256910352387}},{"name":"FR(FeatureA)","cat":"Feature","ph":"E","ts":8000451,"pid":1477575,"tid":1477575,"args":{"ID":1729382256910336003}},{"name":"FR(FeatureB)","cat":"Feature","ph":"E","ts":8000453,"pid":1477575,"tid":1477575,"args":{"ID":1729382256910352387}},{"name":"FR(FeatureC)","cat":"Feature","ph":"B","ts":8000454,"pid":1477575,"tid":1477575,"args":{"ID":1729382256910368771}},{"name":"FR(FeatureC)","cat":"Feature","ph":"E","ts":8000454,"pid":1477575,"tid":1477575,"args":{"ID":1729382256910368771}},{"name":"Base","cat":"Feature","ph":"E","ts":8000454,"pid":1477575,"tid":1477575,"args":{"ID":0}}],"stackFrames":{},"timestampUnit":"us"}