{ "traceEvents":[{"name":"Base","cat":"Feature","ph":"B","ts":0,"pid":1208907,"tid":1208907,"args":{"ID":0}},{"name":"FR(FeatureA)","cat":"Feature","ph":"B","ts":2000120,"pid":1208907,"tid":1208907,"args":{"ID":1729382256910270467}},{"name":"FR(FeatureA)","cat":"Feature","ph":"E","ts":2000121,"pid":1208907,"tid":1208907,"args":{"ID":1729382256910270467}},{"name":"FR(FeatureB)","cat":"Feature","ph":"B","ts":3000227,"pid":1208907,"tid":1208907,"args":{"ID":1729382256910286851}},{"name":"FR(FeatureC)","cat":"Feature","ph":"B","ts":3000227,"pid":1208907,"tid":1208907,"args":{"ID":1729382256910303235}},{"name":"FR(FeatureC)","cat":"Feature","ph":"E","ts":3000239,"pid":1208907,"tid":1208907,"args":{"ID":1729382256910303235}},{"name":"FR(FeatureB)","cat":"Feature","ph":"E","ts":3000240,"pid":1208907,"tid":1208907,"args":{"ID":1729382256910286851}},{"name":"FR(FeatureA)","cat":"Feature","ph":"E","ts":3000241,"pid":1208907,"tid":1208907,"args":{"ID":1729382256910270467}},{"name":"FR(FeatureC)","cat":"Feature","ph":"E","ts":3000242,"pid":1208907,"tid":1208907,"args":{"ID":1729382256910303235}},{"name":"FR(FeatureB)","cat":"Feature","ph":"E","ts":3000243,"pid":1208907,"tid":1208907,"args":{"ID":1729382256910286851}},{"name":"FR(FeatureA)","cat":"Feature","ph":"E","ts":3000243,"pid":1208907,"tid":1208907,"args":{"ID":1729382256910270467}},{"name":"FR(FeatureC)","cat":"Feature","ph":"E","ts":5000338,"pid":1208907,"tid":1208907,"args":{"ID":1729382256910303235}},{"name":"FR(FeatureB)","cat":"Feature","ph":"E","ts":5000339,"pid":1208907,"tid":1208907,"args":{"ID":1729382256910286851}},{"name":"FR(FeatureA)","cat":"Feature","ph":"E","ts":5000339,"pid":1208907,"tid":1208907,"args":{"ID":1729382256910270467}},{"name":"FR(FeatureC)","cat":"Feature","ph":"E","ts":5000340,"pid":1208907,"tid":1208907,"args":{"ID":1729382256910303235}},{"name":"FR(FeatureB)","cat":"Feature","ph":"E","ts":5000341,"pid":1208907,"tid":1208907,"args":{"ID":1729382256910286851}},{"name":"FR(FeatureA)","cat":"Feature","ph":"E","ts":5000341,"pid":1208907,"tid":1208907,"args":{"ID":1729382256910270467}},{"name":"FR(FeatureA)","cat":"Feature","ph":"B","ts":6000451,"pid":1208907,"tid":1208907,"args":{"ID":1729382256910319619}},{"name":"FR(FeatureC)","cat":"Feature","ph":"B","ts":6000453,"pid":1208907,"tid":1208907,"args":{"ID":1729382256910352387}},{"name":"FR(FeatureC)","cat":"Feature","ph":"E","ts":6000454,"pid":1208907,"tid":1208907,"args":{"ID":1729382256910352387}},{"name":"FR(FeatureA)","cat":"Feature","ph":"E","ts":6000455,"pid":1208907,"tid":1208907,"args":{"ID":1729382256910319619}},{"name":"FR(FeatureC)","cat":"Feature","ph":"E","ts":6000455,"pid":1208907,"tid":1208907,"args":{"ID":1729382256910303235}},{"name":"FR(FeatureB)","cat":"Feature","ph":"E","ts":6000456,"pid":1208907,"tid":1208907,"args":{"ID":1729382256910286851}},{"name":"FR(FeatureA)","cat":"Feature","ph":"E","ts":6000456,"pid":1208907,"tid":1208907,"args":{"ID":1729382256910270467}},{"name":"Base","cat":"Feature","ph":"E","ts":6000457,"pid":1208907,"tid":1208907,"args":{"ID":0}}],"stackFrames":{},"timestampUnit":"us"}