{ "traceEvents":[{"name":"Base","cat":"Feature","ph":"B","ts":0,"pid":1209503,"tid":1209503,"args":{"ID":0}},{"name":"FR(FeatureA)","cat":"Feature","ph":"B","ts":2000117,"pid":1209503,"tid":1209503,"args":{"ID":1729382256910270467}},{"name":"FR(FeatureA)","cat":"Feature","ph":"E","ts":2000118,"pid":1209503,"tid":1209503,"args":{"ID":1729382256910270467}},{"name":"FR(FeatureB)","cat":"Feature","ph":"B","ts":3000220,"pid":1209503,"tid":1209503,"args":{"ID":1729382256910286851}},{"name":"FR(FeatureC)","cat":"Feature","ph":"B","ts":3000221,"pid":1209503,"tid":1209503,"args":{"ID":1729382256910303235}},{"name":"FR(FeatureC)","cat":"Feature","ph":"E","ts":3000234,"pid":1209503,"tid":1209503,"args":{"ID":1729382256910303235}},{"name":"FR(FeatureB)","cat":"Feature","ph":"E","ts":3000235,"pid":1209503,"tid":1209503,"args":{"ID":1729382256910286851}},{"name":"FR(FeatureA)","cat":"Feature","ph":"E","ts":3000236,"pid":1209503,"tid":1209503,"args":{"ID":1729382256910270467}},{"name":"FR(FeatureC)","cat":"Feature","ph":"E","ts":3000237,"pid":1209503,"tid":1209503,"args":{"ID":1729382256910303235}},{"name":"FR(FeatureB)","cat":"Feature","ph":"E","ts":3000237,"pid":1209503,"tid":1209503,"args":{"ID":1729382256910286851}},{"name":"FR(FeatureA)","cat":"Feature","ph":"E","ts":3000238,"pid":1209503,"tid":1209503,"args":{"ID":1729382256910270467}},{"name":"FR(FeatureC)","cat":"Feature","ph":"E","ts":5000330,"pid":1209503,"tid":1209503,"args":{"ID":1729382256910303235}},{"name":"FR(FeatureB)","cat":"Feature","ph":"E","ts":5000331,"pid":1209503,"tid":1209503,"args":{"ID":1729382256910286851}},{"name":"FR(FeatureA)","cat":"Feature","ph":"E","ts":5000332,"pid":1209503,"tid":1209503,"args":{"ID":1729382256910270467}},{"name":"FR(FeatureC)","cat":"Feature","ph":"E","ts":5000333,"pid":1209503,"tid":1209503,"args":{"ID":1729382256910303235}},{"name":"FR(FeatureB)","cat":"Feature","ph":"E","ts":5000333,"pid":1209503,"tid":1209503,"args":{"ID":1729382256910286851}},{"name":"FR(FeatureA)","cat":"Feature","ph":"E","ts":5000334,"pid":1209503,"tid":1209503,"args":{"ID":1729382256910270467}},{"name":"FR(FeatureA)","cat":"Feature","ph":"B","ts":6000432,"pid":1209503,"tid":1209503,"args":{"ID":1729382256910319619}},{"name":"FR(FeatureC)","cat":"Feature","ph":"B","ts":6000434,"pid":1209503,"tid":1209503,"args":{"ID":1729382256910352387}},{"name":"FR(FeatureC)","cat":"Feature","ph":"E","ts":6000435,"pid":1209503,"tid":1209503,"args":{"ID":1729382256910352387}},{"name":"FR(FeatureA)","cat":"Feature","ph":"E","ts":6000435,"pid":1209503,"tid":1209503,"args":{"ID":1729382256910319619}},{"name":"FR(FeatureC)","cat":"Feature","ph":"E","ts":6000436,"pid":1209503,"tid":1209503,"args":{"ID":1729382256910303235}},{"name":"FR(FeatureB)","cat":"Feature","ph":"E","ts":6000436,"pid":1209503,"tid":1209503,"args":{"ID":1729382256910286851}},{"name":"FR(FeatureA)","cat":"Feature","ph":"E","ts":6000437,"pid":1209503,"tid":1209503,"args":{"ID":1729382256910270467}},{"name":"Base","cat":"Feature","ph":"E","ts":6000437,"pid":1209503,"tid":1209503,"args":{"ID":0}}],"stackFrames":{},"timestampUnit":"us"}