{ "traceEvents":[{"name":"Base","cat":"Feature","ph":"B","ts":0,"pid":499473,"tid":499473,"args":{"ID":0}},{"name":"FR(FeatureA)","cat":"Feature","ph":"B","ts":2000109,"pid":499473,"tid":499473,"args":{"ID":1729382256910270467}},{"name":"FR(FeatureA)","cat":"Feature","ph":"E","ts":3000194,"pid":499473,"tid":499473,"args":{"ID":1729382256910270467}},{"name":"FR(FeatureB)","cat":"Feature","ph":"B","ts":3000194,"pid":499473,"tid":499473,"args":{"ID":1729382256910286851}},{"name":"FR(FeatureB)","cat":"Feature","ph":"E","ts":5000280,"pid":499473,"tid":499473,"args":{"ID":1729382256910286851}},{"name":"FR(FeatureA)","cat":"Feature","ph":"B","ts":5000293,"pid":499473,"tid":499473,"args":{"ID":1729382256910336003}},{"name":"FR(FeatureB)","cat":"Feature","ph":"B","ts":5000293,"pid":499473,"tid":499473,"args":{"ID":1729382256910352387}},{"name":"FR(FeatureA)","cat":"Feature","ph":"E","ts":7000417,"pid":499473,"tid":499473,"args":{"ID":1729382256910336003}},{"name":"FR(FeatureB)","cat":"Feature","ph":"E","ts":7000419,"pid":499473,"tid":499473,"args":{"ID":1729382256910352387}},{"name":"Base","cat":"Feature","ph":"E","ts":7000420,"pid":499473,"tid":499473,"args":{"ID":0}}],"stackFrames":{},"timestampUnit":"us"}