{ "traceEvents":[{"name":"Base","cat":"Feature","ph":"B","ts":0,"pid":504442,"tid":504442,"args":{"ID":0}},{"name":"FR(FeatureA)","cat":"Feature","ph":"B","ts":2000143,"pid":504442,"tid":504442,"args":{"ID":1729382256910270467}},{"name":"FR(FeatureA)","cat":"Feature","ph":"E","ts":3000259,"pid":504442,"tid":504442,"args":{"ID":1729382256910270467}},{"name":"FR(FeatureB)","cat":"Feature","ph":"B","ts":3000260,"pid":504442,"tid":504442,"args":{"ID":1729382256910286851}},{"name":"FR(FeatureB)","cat":"Feature","ph":"E","ts":5000355,"pid":504442,"tid":504442,"args":{"ID":1729382256910286851}},{"name":"FR(FeatureA)","cat":"Feature","ph":"B","ts":5000359,"pid":504442,"tid":504442,"args":{"ID":1729382256910336003}},{"name":"FR(FeatureB)","cat":"Feature","ph":"B","ts":5000360,"pid":504442,"tid":504442,"args":{"ID":1729382256910352387}},{"name":"FR(FeatureA)","cat":"Feature","ph":"E","ts":7000473,"pid":504442,"tid":504442,"args":{"ID":1729382256910336003}},{"name":"FR(FeatureB)","cat":"Feature","ph":"E","ts":7000475,"pid":504442,"tid":504442,"args":{"ID":1729382256910352387}},{"name":"Base","cat":"Feature","ph":"E","ts":7000476,"pid":504442,"tid":504442,"args":{"ID":0}}],"stackFrames":{},"timestampUnit":"us"}