{ "traceEvents":[{"name":"Base","cat":"Feature","ph":"B","ts":0,"pid":494452,"tid":494452,"args":{"ID":0}},{"name":"FR(FeatureA)","cat":"Feature","ph":"B","ts":2000109,"pid":494452,"tid":494452,"args":{"ID":1729382256910270467}},{"name":"FR(FeatureA)","cat":"Feature","ph":"E","ts":3000190,"pid":494452,"tid":494452,"args":{"ID":1729382256910270467}},{"name":"FR(FeatureB)","cat":"Feature","ph":"B","ts":3000190,"pid":494452,"tid":494452,"args":{"ID":1729382256910286851}},{"name":"FR(FeatureB)","cat":"Feature","ph":"E","ts":5000272,"pid":494452,"tid":494452,"args":{"ID":1729382256910286851}},{"name":"FR(FeatureA)","cat":"Feature","ph":"B","ts":5000278,"pid":494452,"tid":494452,"args":{"ID":1729382256910336003}},{"name":"FR(FeatureB)","cat":"Feature","ph":"B","ts":5000279,"pid":494452,"tid":494452,"args":{"ID":1729382256910352387}},{"name":"FR(FeatureA)","cat":"Feature","ph":"E","ts":7000371,"pid":494452,"tid":494452,"args":{"ID":1729382256910336003}},{"name":"FR(FeatureB)","cat":"Feature","ph":"E","ts":7000372,"pid":494452,"tid":494452,"args":{"ID":1729382256910352387}},{"name":"Base","cat":"Feature","ph":"E","ts":7000373,"pid":494452,"tid":494452,"args":{"ID":0}}],"stackFrames":{},"timestampUnit":"us"}