{ "traceEvents":[{"name":"Base","cat":"Feature","ph":"B","ts":0,"pid":482795,"tid":482795,"args":{"ID":0}},{"name":"FR(FeatureA)","cat":"Feature","ph":"B","ts":2000128,"pid":482795,"tid":482795,"args":{"ID":1729382256910270467}},{"name":"FR(FeatureA)","cat":"Feature","ph":"E","ts":3000214,"pid":482795,"tid":482795,"args":{"ID":1729382256910270467}},{"name":"FR(FeatureB)","cat":"Feature","ph":"B","ts":3000214,"pid":482795,"tid":482795,"args":{"ID":1729382256910286851}},{"name":"FR(FeatureB)","cat":"Feature","ph":"E","ts":5000314,"pid":482795,"tid":482795,"args":{"ID":1729382256910286851}},{"name":"FR(FeatureA)","cat":"Feature","ph":"B","ts":5000321,"pid":482795,"tid":482795,"args":{"ID":1729382256910336003}},{"name":"FR(FeatureB)","cat":"Feature","ph":"B","ts":5000322,"pid":482795,"tid":482795,"args":{"ID":1729382256910352387}},{"name":"FR(FeatureA)","cat":"Feature","ph":"E","ts":7000437,"pid":482795,"tid":482795,"args":{"ID":1729382256910336003}},{"name":"FR(FeatureB)","cat":"Feature","ph":"E","ts":7000438,"pid":482795,"tid":482795,"args":{"ID":1729382256910352387}},{"name":"Base","cat":"Feature","ph":"E","ts":7000438,"pid":482795,"tid":482795,"args":{"ID":0}}],"stackFrames":{},"timestampUnit":"us"}