{ "traceEvents":[{"name":"Base","cat":"Feature","ph":"B","ts":0,"pid":469463,"tid":469463,"args":{"ID":0}},{"name":"FR(FeatureA)","cat":"Feature","ph":"B","ts":2000110,"pid":469463,"tid":469463,"args":{"ID":1729382256910270467}},{"name":"FR(FeatureA)","cat":"Feature","ph":"E","ts":3000199,"pid":469463,"tid":469463,"args":{"ID":1729382256910270467}},{"name":"FR(FeatureB)","cat":"Feature","ph":"B","ts":3000200,"pid":469463,"tid":469463,"args":{"ID":1729382256910286851}},{"name":"FR(FeatureB)","cat":"Feature","ph":"E","ts":5000305,"pid":469463,"tid":469463,"args":{"ID":1729382256910286851}},{"name":"FR(FeatureA)","cat":"Feature","ph":"B","ts":5000314,"pid":469463,"tid":469463,"args":{"ID":1729382256910336003}},{"name":"FR(FeatureB)","cat":"Feature","ph":"B","ts":5000315,"pid":469463,"tid":469463,"args":{"ID":1729382256910352387}},{"name":"FR(FeatureA)","cat":"Feature","ph":"E","ts":7000420,"pid":469463,"tid":469463,"args":{"ID":1729382256910336003}},{"name":"FR(FeatureB)","cat":"Feature","ph":"E","ts":7000420,"pid":469463,"tid":469463,"args":{"ID":1729382256910352387}},{"name":"Base","cat":"Feature","ph":"E","ts":7000421,"pid":469463,"tid":469463,"args":{"ID":0}}],"stackFrames":{},"timestampUnit":"us"}