{ "traceEvents":[{"name":"Base","cat":"Feature","ph":"B","ts":0,"pid":480900,"tid":480900,"args":{"ID":0}},{"name":"FR(FeatureA)","cat":"Feature","ph":"B","ts":2000133,"pid":480900,"tid":480900,"args":{"ID":1729382256910270467}},{"name":"FR(FeatureA)","cat":"Feature","ph":"E","ts":3000238,"pid":480900,"tid":480900,"args":{"ID":1729382256910270467}},{"name":"FR(FeatureB)","cat":"Feature","ph":"B","ts":3000238,"pid":480900,"tid":480900,"args":{"ID":1729382256910286851}},{"name":"FR(FeatureB)","cat":"Feature","ph":"E","ts":5000347,"pid":480900,"tid":480900,"args":{"ID":1729382256910286851}},{"name":"FR(FeatureA)","cat":"Feature","ph":"B","ts":5000354,"pid":480900,"tid":480900,"args":{"ID":1729382256910336003}},{"name":"FR(FeatureB)","cat":"Feature","ph":"B","ts":5000355,"pid":480900,"tid":480900,"args":{"ID":1729382256910352387}},{"name":"FR(FeatureA)","cat":"Feature","ph":"E","ts":7000466,"pid":480900,"tid":480900,"args":{"ID":1729382256910336003}},{"name":"FR(FeatureB)","cat":"Feature","ph":"E","ts":7000466,"pid":480900,"tid":480900,"args":{"ID":1729382256910352387}},{"name":"Base","cat":"Feature","ph":"E","ts":7000467,"pid":480900,"tid":480900,"args":{"ID":0}}],"stackFrames":{},"timestampUnit":"us"}