{ "traceEvents":[{"name":"Base","cat":"Feature","ph":"B","ts":0,"pid":496804,"tid":496804,"args":{"ID":0}},{"name":"FR(FeatureA)","cat":"Feature","ph":"B","ts":2000113,"pid":496804,"tid":496804,"args":{"ID":1729382256910270467}},{"name":"FR(FeatureA)","cat":"Feature","ph":"E","ts":3000201,"pid":496804,"tid":496804,"args":{"ID":1729382256910270467}},{"name":"FR(FeatureB)","cat":"Feature","ph":"B","ts":3000202,"pid":496804,"tid":496804,"args":{"ID":1729382256910286851}},{"name":"FR(FeatureB)","cat":"Feature","ph":"E","ts":5000290,"pid":496804,"tid":496804,"args":{"ID":1729382256910286851}},{"name":"FR(FeatureA)","cat":"Feature","ph":"B","ts":5000300,"pid":496804,"tid":496804,"args":{"ID":1729382256910336003}},{"name":"FR(FeatureB)","cat":"Feature","ph":"B","ts":5000300,"pid":496804,"tid":496804,"args":{"ID":1729382256910352387}},{"name":"FR(FeatureA)","cat":"Feature","ph":"E","ts":7000393,"pid":496804,"tid":496804,"args":{"ID":1729382256910336003}},{"name":"FR(FeatureB)","cat":"Feature","ph":"E","ts":7000393,"pid":496804,"tid":496804,"args":{"ID":1729382256910352387}},{"name":"Base","cat":"Feature","ph":"E","ts":7000394,"pid":496804,"tid":496804,"args":{"ID":0}}],"stackFrames":{},"timestampUnit":"us"}