{ "traceEvents":[{"name":"Base","cat":"Feature","ph":"B","ts":0,"pid":501814,"tid":501814,"args":{"ID":0}},{"name":"FR(FeatureA)","cat":"Feature","ph":"B","ts":2000116,"pid":501814,"tid":501814,"args":{"ID":1729382256910270467}},{"name":"FR(FeatureA)","cat":"Feature","ph":"E","ts":3000217,"pid":501814,"tid":501814,"args":{"ID":1729382256910270467}},{"name":"FR(FeatureB)","cat":"Feature","ph":"B","ts":3000218,"pid":501814,"tid":501814,"args":{"ID":1729382256910286851}},{"name":"FR(FeatureB)","cat":"Feature","ph":"E","ts":5000313,"pid":501814,"tid":501814,"args":{"ID":1729382256910286851}},{"name":"FR(FeatureA)","cat":"Feature","ph":"B","ts":5000317,"pid":501814,"tid":501814,"args":{"ID":1729382256910336003}},{"name":"FR(FeatureB)","cat":"Feature","ph":"B","ts":5000317,"pid":501814,"tid":501814,"args":{"ID":1729382256910352387}},{"name":"FR(FeatureA)","cat":"Feature","ph":"E","ts":7000405,"pid":501814,"tid":501814,"args":{"ID":1729382256910336003}},{"name":"FR(FeatureB)","cat":"Feature","ph":"E","ts":7000406,"pid":501814,"tid":501814,"args":{"ID":1729382256910352387}},{"name":"Base","cat":"Feature","ph":"E","ts":7000406,"pid":501814,"tid":501814,"args":{"ID":0}}],"stackFrames":{},"timestampUnit":"us"}