{ "traceEvents":[{"name":"Base","cat":"Feature","ph":"B","ts":0,"pid":491822,"tid":491822,"args":{"ID":0}},{"name":"FR(FeatureA)","cat":"Feature","ph":"B","ts":2000137,"pid":491822,"tid":491822,"args":{"ID":1729382256910270467}},{"name":"FR(FeatureA)","cat":"Feature","ph":"E","ts":3000265,"pid":491822,"tid":491822,"args":{"ID":1729382256910270467}},{"name":"FR(FeatureB)","cat":"Feature","ph":"B","ts":3000265,"pid":491822,"tid":491822,"args":{"ID":1729382256910286851}},{"name":"FR(FeatureB)","cat":"Feature","ph":"E","ts":5000371,"pid":491822,"tid":491822,"args":{"ID":1729382256910286851}},{"name":"FR(FeatureA)","cat":"Feature","ph":"B","ts":5000376,"pid":491822,"tid":491822,"args":{"ID":1729382256910336003}},{"name":"FR(FeatureB)","cat":"Feature","ph":"B","ts":5000377,"pid":491822,"tid":491822,"args":{"ID":1729382256910352387}},{"name":"FR(FeatureA)","cat":"Feature","ph":"E","ts":7000491,"pid":491822,"tid":491822,"args":{"ID":1729382256910336003}},{"name":"FR(FeatureB)","cat":"Feature","ph":"E","ts":7000494,"pid":491822,"tid":491822,"args":{"ID":1729382256910352387}},{"name":"Base","cat":"Feature","ph":"E","ts":7000495,"pid":491822,"tid":491822,"args":{"ID":0}}],"stackFrames":{},"timestampUnit":"us"}