{ "traceEvents":[{"name":"Base","cat":"Feature","ph":"B","ts":0,"pid":489794,"tid":489794,"args":{"ID":0}},{"name":"FR(FeatureA)","cat":"Feature","ph":"B","ts":2000120,"pid":489794,"tid":489794,"args":{"ID":1729382256910270467}},{"name":"FR(FeatureA)","cat":"Feature","ph":"E","ts":3000212,"pid":489794,"tid":489794,"args":{"ID":1729382256910270467}},{"name":"FR(FeatureB)","cat":"Feature","ph":"B","ts":3000213,"pid":489794,"tid":489794,"args":{"ID":1729382256910286851}},{"name":"FR(FeatureB)","cat":"Feature","ph":"E","ts":5000334,"pid":489794,"tid":489794,"args":{"ID":1729382256910286851}},{"name":"FR(FeatureA)","cat":"Feature","ph":"B","ts":5000341,"pid":489794,"tid":489794,"args":{"ID":1729382256910336003}},{"name":"FR(FeatureB)","cat":"Feature","ph":"B","ts":5000341,"pid":489794,"tid":489794,"args":{"ID":1729382256910352387}},{"name":"FR(FeatureA)","cat":"Feature","ph":"E","ts":7000450,"pid":489794,"tid":489794,"args":{"ID":1729382256910336003}},{"name":"FR(FeatureB)","cat":"Feature","ph":"E","ts":7000450,"pid":489794,"tid":489794,"args":{"ID":1729382256910352387}},{"name":"Base","cat":"Feature","ph":"E","ts":7000452,"pid":489794,"tid":489794,"args":{"ID":0}}],"stackFrames":{},"timestampUnit":"us"}