{ "traceEvents":[{"name":"Base","cat":"Feature","ph":"B","ts":0,"pid":506721,"tid":506721,"args":{"ID":0}},{"name":"FR(FeatureA)","cat":"Feature","ph":"B","ts":2000109,"pid":506721,"tid":506721,"args":{"ID":1729382256910270467}},{"name":"FR(FeatureA)","cat":"Feature","ph":"E","ts":3000195,"pid":506721,"tid":506721,"args":{"ID":1729382256910270467}},{"name":"FR(FeatureB)","cat":"Feature","ph":"B","ts":3000196,"pid":506721,"tid":506721,"args":{"ID":1729382256910286851}},{"name":"FR(FeatureB)","cat":"Feature","ph":"E","ts":5000295,"pid":506721,"tid":506721,"args":{"ID":1729382256910286851}},{"name":"FR(FeatureA)","cat":"Feature","ph":"B","ts":5000301,"pid":506721,"tid":506721,"args":{"ID":1729382256910336003}},{"name":"FR(FeatureB)","cat":"Feature","ph":"B","ts":5000301,"pid":506721,"tid":506721,"args":{"ID":1729382256910352387}},{"name":"FR(FeatureA)","cat":"Feature","ph":"E","ts":7000407,"pid":506721,"tid":506721,"args":{"ID":1729382256910336003}},{"name":"FR(FeatureB)","cat":"Feature","ph":"E","ts":7000408,"pid":506721,"tid":506721,"args":{"ID":1729382256910352387}},{"name":"Base","cat":"Feature","ph":"E","ts":7000409,"pid":506721,"tid":506721,"args":{"ID":0}}],"stackFrames":{},"timestampUnit":"us"}