{ "traceEvents":[{"name":"Base","cat":"Feature","ph":"B","ts":0,"pid":524465,"tid":524465,"args":{"ID":0}},{"name":"FR(FeatureA)","cat":"Feature","ph":"B","ts":2000122,"pid":524465,"tid":524465,"args":{"ID":1729382256910270467}},{"name":"FR(FeatureA)","cat":"Feature","ph":"E","ts":3000219,"pid":524465,"tid":524465,"args":{"ID":1729382256910270467}},{"name":"FR(FeatureB)","cat":"Feature","ph":"B","ts":3000220,"pid":524465,"tid":524465,"args":{"ID":1729382256910286851}},{"name":"FR(FeatureB)","cat":"Feature","ph":"E","ts":5000324,"pid":524465,"tid":524465,"args":{"ID":1729382256910286851}},{"name":"FR(FeatureA)","cat":"Feature","ph":"B","ts":5000330,"pid":524465,"tid":524465,"args":{"ID":1729382256910336003}},{"name":"FR(FeatureB)","cat":"Feature","ph":"B","ts":5000330,"pid":524465,"tid":524465,"args":{"ID":1729382256910352387}},{"name":"FR(FeatureA)","cat":"Feature","ph":"E","ts":7000438,"pid":524465,"tid":524465,"args":{"ID":1729382256910336003}},{"name":"FR(FeatureB)","cat":"Feature","ph":"E","ts":7000440,"pid":524465,"tid":524465,"args":{"ID":1729382256910352387}},{"name":"Base","cat":"Feature","ph":"E","ts":7000440,"pid":524465,"tid":524465,"args":{"ID":0}}],"stackFrames":{},"timestampUnit":"us"}