{ "traceEvents":[{"name":"Base","cat":"Feature","ph":"B","ts":0,"pid":487238,"tid":487238,"args":{"ID":0}},{"name":"FR(FeatureA)","cat":"Feature","ph":"B","ts":2000116,"pid":487238,"tid":487238,"args":{"ID":1729382256910270467}},{"name":"FR(FeatureA)","cat":"Feature","ph":"E","ts":3000216,"pid":487238,"tid":487238,"args":{"ID":1729382256910270467}},{"name":"FR(FeatureB)","cat":"Feature","ph":"B","ts":3000217,"pid":487238,"tid":487238,"args":{"ID":1729382256910286851}},{"name":"FR(FeatureB)","cat":"Feature","ph":"E","ts":5000316,"pid":487238,"tid":487238,"args":{"ID":1729382256910286851}},{"name":"FR(FeatureA)","cat":"Feature","ph":"B","ts":5000321,"pid":487238,"tid":487238,"args":{"ID":1729382256910336003}},{"name":"FR(FeatureB)","cat":"Feature","ph":"B","ts":5000321,"pid":487238,"tid":487238,"args":{"ID":1729382256910352387}},{"name":"FR(FeatureA)","cat":"Feature","ph":"E","ts":7000439,"pid":487238,"tid":487238,"args":{"ID":1729382256910336003}},{"name":"FR(FeatureB)","cat":"Feature","ph":"E","ts":7000441,"pid":487238,"tid":487238,"args":{"ID":1729382256910352387}},{"name":"Base","cat":"Feature","ph":"E","ts":7000441,"pid":487238,"tid":487238,"args":{"ID":0}}],"stackFrames":{},"timestampUnit":"us"}