{ "traceEvents":[{"name":"Base","cat":"Feature","ph":"B","ts":0,"pid":473936,"tid":473936,"args":{"ID":0}},{"name":"FR(FeatureA)","cat":"Feature","ph":"B","ts":2000132,"pid":473936,"tid":473936,"args":{"ID":1729382256910270467}},{"name":"FR(FeatureA)","cat":"Feature","ph":"E","ts":3000218,"pid":473936,"tid":473936,"args":{"ID":1729382256910270467}},{"name":"FR(FeatureB)","cat":"Feature","ph":"B","ts":3000219,"pid":473936,"tid":473936,"args":{"ID":1729382256910286851}},{"name":"FR(FeatureB)","cat":"Feature","ph":"E","ts":5000302,"pid":473936,"tid":473936,"args":{"ID":1729382256910286851}},{"name":"FR(FeatureA)","cat":"Feature","ph":"B","ts":5000310,"pid":473936,"tid":473936,"args":{"ID":1729382256910336003}},{"name":"FR(FeatureB)","cat":"Feature","ph":"B","ts":5000310,"pid":473936,"tid":473936,"args":{"ID":1729382256910352387}},{"name":"FR(FeatureA)","cat":"Feature","ph":"E","ts":7000426,"pid":473936,"tid":473936,"args":{"ID":1729382256910336003}},{"name":"FR(FeatureB)","cat":"Feature","ph":"E","ts":7000426,"pid":473936,"tid":473936,"args":{"ID":1729382256910352387}},{"name":"Base","cat":"Feature","ph":"E","ts":7000427,"pid":473936,"tid":473936,"args":{"ID":0}}],"stackFrames":{},"timestampUnit":"us"}