{ "traceEvents":[{"name":"Base","cat":"Feature","ph":"B","ts":0,"pid":1073244,"tid":1073244,"args":{"ID":0}},{"name":"FR(FeatureA)","cat":"Feature","ph":"B","ts":2000150,"pid":1073244,"tid":1073244,"args":{"ID":1729382256910270467}},{"name":"FR(FeatureB)","cat":"Feature","ph":"B","ts":2000151,"pid":1073244,"tid":1073244,"args":{"ID":1729382256910286851}},{"name":"FR(FeatureC)","cat":"Feature","ph":"B","ts":2000151,"pid":1073244,"tid":1073244,"args":{"ID":1729382256910303235}},{"name":"FR(FeatureC)","cat":"Feature","ph":"E","ts":2000152,"pid":1073244,"tid":1073244,"args":{"ID":1729382256910303235}},{"name":"FR(FeatureB)","cat":"Feature","ph":"E","ts":2000156,"pid":1073244,"tid":1073244,"args":{"ID":1729382256910286851}},{"name":"FR(FeatureA)","cat":"Feature","ph":"E","ts":2000156,"pid":1073244,"tid":1073244,"args":{"ID":1729382256910270467}},{"name":"FR(FeatureC)","cat":"Feature","ph":"E","ts":2000167,"pid":1073244,"tid":1073244,"args":{"ID":1729382256910303235}},{"name":"FR(FeatureB)","cat":"Feature","ph":"E","ts":2000168,"pid":1073244,"tid":1073244,"args":{"ID":1729382256910286851}},{"name":"FR(FeatureA)","cat":"Feature","ph":"E","ts":2000168,"pid":1073244,"tid":1073244,"args":{"ID":1729382256910270467}},{"name":"FR(FeatureC)","cat":"Feature","ph":"B","ts":2000169,"pid":1073244,"tid":1073244,"args":{"ID":1729382256910352387}},{"name":"FR(FeatureC)","cat":"Feature","ph":"E","ts":2000170,"pid":1073244,"tid":1073244,"args":{"ID":1729382256910352387}},{"name":"FR(FeatureA)","cat":"Feature","ph":"E","ts":2000170,"pid":1073244,"tid":1073244,"args":{"ID":1729382256910319619}},{"name":"FR(FeatureC)","cat":"Feature","ph":"E","ts":2000171,"pid":1073244,"tid":1073244,"args":{"ID":1729382256910303235}},{"name":"FR(FeatureB)","cat":"Feature","ph":"E","ts":2000172,"pid":1073244,"tid":1073244,"args":{"ID":1729382256910286851}},{"name":"FR(FeatureA)","cat":"Feature","ph":"E","ts":2000173,"pid":1073244,"tid":1073244,"args":{"ID":1729382256910270467}},{"name":"Base","cat":"Feature","ph":"E","ts":2000174,"pid":1073244,"tid":1073244,"args":{"ID":0}}],"stackFrames":{},"timestampUnit":"us"}