{ "traceEvents":[{"name":"Base","cat":"Feature","ph":"B","ts":0,"pid":1073284,"tid":1073284,"args":{"ID":0}},{"name":"FR(FeatureA)","cat":"Feature","ph":"B","ts":2000139,"pid":1073284,"tid":1073284,"args":{"ID":1729382256910270467}},{"name":"FR(FeatureB)","cat":"Feature","ph":"B","ts":2000139,"pid":1073284,"tid":1073284,"args":{"ID":1729382256910286851}},{"name":"FR(FeatureC)","cat":"Feature","ph":"B","ts":2000140,"pid":1073284,"tid":1073284,"args":{"ID":1729382256910303235}},{"name":"FR(FeatureC)","cat":"Feature","ph":"E","ts":2000140,"pid":1073284,"tid":1073284,"args":{"ID":1729382256910303235}},{"name":"FR(FeatureB)","cat":"Feature","ph":"E","ts":2000146,"pid":1073284,"tid":1073284,"args":{"ID":1729382256910286851}},{"name":"FR(FeatureA)","cat":"Feature","ph":"E","ts":2000146,"pid":1073284,"tid":1073284,"args":{"ID":1729382256910270467}},{"name":"FR(FeatureC)","cat":"Feature","ph":"E","ts":2000163,"pid":1073284,"tid":1073284,"args":{"ID":1729382256910303235}},{"name":"FR(FeatureB)","cat":"Feature","ph":"E","ts":2000163,"pid":1073284,"tid":1073284,"args":{"ID":1729382256910286851}},{"name":"FR(FeatureA)","cat":"Feature","ph":"E","ts":2000164,"pid":1073284,"tid":1073284,"args":{"ID":1729382256910270467}},{"name":"FR(FeatureC)","cat":"Feature","ph":"B","ts":2000166,"pid":1073284,"tid":1073284,"args":{"ID":1729382256910352387}},{"name":"FR(FeatureC)","cat":"Feature","ph":"E","ts":2000166,"pid":1073284,"tid":1073284,"args":{"ID":1729382256910352387}},{"name":"FR(FeatureA)","cat":"Feature","ph":"E","ts":2000166,"pid":1073284,"tid":1073284,"args":{"ID":1729382256910319619}},{"name":"FR(FeatureC)","cat":"Feature","ph":"E","ts":2000167,"pid":1073284,"tid":1073284,"args":{"ID":1729382256910303235}},{"name":"FR(FeatureB)","cat":"Feature","ph":"E","ts":2000167,"pid":1073284,"tid":1073284,"args":{"ID":1729382256910286851}},{"name":"FR(FeatureA)","cat":"Feature","ph":"E","ts":2000167,"pid":1073284,"tid":1073284,"args":{"ID":1729382256910270467}},{"name":"Base","cat":"Feature","ph":"E","ts":2000168,"pid":1073284,"tid":1073284,"args":{"ID":0}}],"stackFrames":{},"timestampUnit":"us"}