{ "traceEvents":[{"name":"Base","cat":"Feature","ph":"B","ts":0,"pid":1073654,"tid":1073654,"args":{"ID":0}},{"name":"FR(FeatureA)","cat":"Feature","ph":"B","ts":2000117,"pid":1073654,"tid":1073654,"args":{"ID":1729382256910270467}},{"name":"FR(FeatureB)","cat":"Feature","ph":"B","ts":2000117,"pid":1073654,"tid":1073654,"args":{"ID":1729382256910286851}},{"name":"FR(FeatureC)","cat":"Feature","ph":"B","ts":2000118,"pid":1073654,"tid":1073654,"args":{"ID":1729382256910303235}},{"name":"FR(FeatureC)","cat":"Feature","ph":"E","ts":2000118,"pid":1073654,"tid":1073654,"args":{"ID":1729382256910303235}},{"name":"FR(FeatureB)","cat":"Feature","ph":"E","ts":2000124,"pid":1073654,"tid":1073654,"args":{"ID":1729382256910286851}},{"name":"FR(FeatureA)","cat":"Feature","ph":"E","ts":2000124,"pid":1073654,"tid":1073654,"args":{"ID":1729382256910270467}},{"name":"FR(FeatureC)","cat":"Feature","ph":"E","ts":2000134,"pid":1073654,"tid":1073654,"args":{"ID":1729382256910303235}},{"name":"FR(FeatureB)","cat":"Feature","ph":"E","ts":2000135,"pid":1073654,"tid":1073654,"args":{"ID":1729382256910286851}},{"name":"FR(FeatureA)","cat":"Feature","ph":"E","ts":2000135,"pid":1073654,"tid":1073654,"args":{"ID":1729382256910270467}},{"name":"FR(FeatureC)","cat":"Feature","ph":"B","ts":2000136,"pid":1073654,"tid":1073654,"args":{"ID":1729382256910352387}},{"name":"FR(FeatureC)","cat":"Feature","ph":"E","ts":2000137,"pid":1073654,"tid":1073654,"args":{"ID":1729382256910352387}},{"name":"FR(FeatureA)","cat":"Feature","ph":"E","ts":2000138,"pid":1073654,"tid":1073654,"args":{"ID":1729382256910319619}},{"name":"FR(FeatureC)","cat":"Feature","ph":"E","ts":2000139,"pid":1073654,"tid":1073654,"args":{"ID":1729382256910303235}},{"name":"FR(FeatureB)","cat":"Feature","ph":"E","ts":2000139,"pid":1073654,"tid":1073654,"args":{"ID":1729382256910286851}},{"name":"FR(FeatureA)","cat":"Feature","ph":"E","ts":2000140,"pid":1073654,"tid":1073654,"args":{"ID":1729382256910270467}},{"name":"Base","cat":"Feature","ph":"E","ts":2000141,"pid":1073654,"tid":1073654,"args":{"ID":0}}],"stackFrames":{},"timestampUnit":"us"}