{ "traceEvents":[{"name":"Base","cat":"Feature","ph":"B","ts":0,"pid":1072741,"tid":1072741,"args":{"ID":0}},{"name":"FR(FeatureA)","cat":"Feature","ph":"B","ts":2000111,"pid":1072741,"tid":1072741,"args":{"ID":1729382256910270467}},{"name":"FR(FeatureB)","cat":"Feature","ph":"B","ts":2000112,"pid":1072741,"tid":1072741,"args":{"ID":1729382256910286851}},{"name":"FR(FeatureC)","cat":"Feature","ph":"B","ts":2000112,"pid":1072741,"tid":1072741,"args":{"ID":1729382256910303235}},{"name":"FR(FeatureC)","cat":"Feature","ph":"E","ts":2000113,"pid":1072741,"tid":1072741,"args":{"ID":1729382256910303235}},{"name":"FR(FeatureB)","cat":"Feature","ph":"E","ts":2000116,"pid":1072741,"tid":1072741,"args":{"ID":1729382256910286851}},{"name":"FR(FeatureA)","cat":"Feature","ph":"E","ts":2000117,"pid":1072741,"tid":1072741,"args":{"ID":1729382256910270467}},{"name":"FR(FeatureC)","cat":"Feature","ph":"E","ts":2000132,"pid":1072741,"tid":1072741,"args":{"ID":1729382256910303235}},{"name":"FR(FeatureB)","cat":"Feature","ph":"E","ts":2000132,"pid":1072741,"tid":1072741,"args":{"ID":1729382256910286851}},{"name":"FR(FeatureA)","cat":"Feature","ph":"E","ts":2000132,"pid":1072741,"tid":1072741,"args":{"ID":1729382256910270467}},{"name":"FR(FeatureC)","cat":"Feature","ph":"B","ts":2000133,"pid":1072741,"tid":1072741,"args":{"ID":1729382256910352387}},{"name":"FR(FeatureC)","cat":"Feature","ph":"E","ts":2000133,"pid":1072741,"tid":1072741,"args":{"ID":1729382256910352387}},{"name":"FR(FeatureA)","cat":"Feature","ph":"E","ts":2000134,"pid":1072741,"tid":1072741,"args":{"ID":1729382256910319619}},{"name":"FR(FeatureC)","cat":"Feature","ph":"E","ts":2000134,"pid":1072741,"tid":1072741,"args":{"ID":1729382256910303235}},{"name":"FR(FeatureB)","cat":"Feature","ph":"E","ts":2000134,"pid":1072741,"tid":1072741,"args":{"ID":1729382256910286851}},{"name":"FR(FeatureA)","cat":"Feature","ph":"E","ts":2000136,"pid":1072741,"tid":1072741,"args":{"ID":1729382256910270467}},{"name":"Base","cat":"Feature","ph":"E","ts":2000137,"pid":1072741,"tid":1072741,"args":{"ID":0}}],"stackFrames":{},"timestampUnit":"us"}