{ "traceEvents":[{"name":"Base","cat":"Feature","ph":"B","ts":0,"pid":156338,"tid":156338,"args":{"ID":0}},{"name":"FR(FeatureA)","cat":"Feature","ph":"B","ts":2000134,"pid":156338,"tid":156338,"args":{"ID":1729382256910270467}},{"name":"FR(FeatureA)","cat":"Feature","ph":"E","ts":3000244,"pid":156338,"tid":156338,"args":{"ID":1729382256910270467}},{"name":"FR(FeatureB)","cat":"Feature","ph":"B","ts":3000245,"pid":156338,"tid":156338,"args":{"ID":1729382256910286851}},{"name":"FR(FeatureB)","cat":"Feature","ph":"E","ts":5000331,"pid":156338,"tid":156338,"args":{"ID":1729382256910286851}},{"name":"FR(FeatureC)","cat":"Feature","ph":"B","ts":5000339,"pid":156338,"tid":156338,"args":{"ID":1729382256910303235}},{"name":"FR(FeatureC)","cat":"Feature","ph":"E","ts":6000469,"pid":156338,"tid":156338,"args":{"ID":1729382256910303235}},{"name":"FR(FeatureD)","cat":"Feature","ph":"B","ts":6000470,"pid":156338,"tid":156338,"args":{"ID":1729382256910319619}},{"name":"FR(FeatureD)","cat":"Feature","ph":"E","ts":8000568,"pid":156338,"tid":156338,"args":{"ID":1729382256910319619}},{"name":"FR(FeatureA)","cat":"Feature","ph":"B","ts":8000571,"pid":156338,"tid":156338,"args":{"ID":1729382256910336003}},{"name":"FR(FeatureB)","cat":"Feature","ph":"B","ts":8000571,"pid":156338,"tid":156338,"args":{"ID":1729382256910352387}},{"name":"FR(FeatureA)","cat":"Feature","ph":"E","ts":10000663,"pid":156338,"tid":156338,"args":{"ID":1729382256910336003}},{"name":"FR(FeatureB)","cat":"Feature","ph":"E","ts":10000663,"pid":156338,"tid":156338,"args":{"ID":1729382256910352387}},{"name":"FR(FeatureC)","cat":"Feature","ph":"B","ts":10000664,"pid":156338,"tid":156338,"args":{"ID":1729382256910368771}},{"name":"FR(FeatureD)","cat":"Feature","ph":"B","ts":10000664,"pid":156338,"tid":156338,"args":{"ID":1729382256910385155}},{"name":"FR(FeatureC)","cat":"Feature","ph":"E","ts":10000682,"pid":156338,"tid":156338,"args":{"ID":1729382256910368771}},{"name":"FR(FeatureD)","cat":"Feature","ph":"E","ts":10000683,"pid":156338,"tid":156338,"args":{"ID":1729382256910385155}},{"name":"Base","cat":"Feature","ph":"E","ts":10000684,"pid":156338,"tid":156338,"args":{"ID":0}}],"stackFrames":{},"timestampUnit":"us"}