{ "traceEvents":[{"name":"Base","cat":"Feature","ph":"B","ts":0,"pid":136219,"tid":136219,"args":{"ID":0}},{"name":"FR(FeatureA)","cat":"Feature","ph":"B","ts":2000115,"pid":136219,"tid":136219,"args":{"ID":1729382256910270467}},{"name":"FR(FeatureA)","cat":"Feature","ph":"E","ts":3000207,"pid":136219,"tid":136219,"args":{"ID":1729382256910270467}},{"name":"FR(FeatureB)","cat":"Feature","ph":"B","ts":3000208,"pid":136219,"tid":136219,"args":{"ID":1729382256910286851}},{"name":"FR(FeatureB)","cat":"Feature","ph":"E","ts":5000316,"pid":136219,"tid":136219,"args":{"ID":1729382256910286851}},{"name":"FR(FeatureC)","cat":"Feature","ph":"B","ts":5000326,"pid":136219,"tid":136219,"args":{"ID":1729382256910303235}},{"name":"FR(FeatureC)","cat":"Feature","ph":"E","ts":6000427,"pid":136219,"tid":136219,"args":{"ID":1729382256910303235}},{"name":"FR(FeatureD)","cat":"Feature","ph":"B","ts":6000429,"pid":136219,"tid":136219,"args":{"ID":1729382256910319619}},{"name":"FR(FeatureD)","cat":"Feature","ph":"E","ts":8000515,"pid":136219,"tid":136219,"args":{"ID":1729382256910319619}},{"name":"FR(FeatureA)","cat":"Feature","ph":"B","ts":8000517,"pid":136219,"tid":136219,"args":{"ID":1729382256910336003}},{"name":"FR(FeatureB)","cat":"Feature","ph":"B","ts":8000518,"pid":136219,"tid":136219,"args":{"ID":1729382256910352387}},{"name":"FR(FeatureA)","cat":"Feature","ph":"E","ts":10000603,"pid":136219,"tid":136219,"args":{"ID":1729382256910336003}},{"name":"FR(FeatureB)","cat":"Feature","ph":"E","ts":10000604,"pid":136219,"tid":136219,"args":{"ID":1729382256910352387}},{"name":"FR(FeatureC)","cat":"Feature","ph":"B","ts":10000605,"pid":136219,"tid":136219,"args":{"ID":1729382256910368771}},{"name":"FR(FeatureD)","cat":"Feature","ph":"B","ts":10000605,"pid":136219,"tid":136219,"args":{"ID":1729382256910385155}},{"name":"FR(FeatureC)","cat":"Feature","ph":"E","ts":10000620,"pid":136219,"tid":136219,"args":{"ID":1729382256910368771}},{"name":"FR(FeatureD)","cat":"Feature","ph":"E","ts":10000620,"pid":136219,"tid":136219,"args":{"ID":1729382256910385155}},{"name":"Base","cat":"Feature","ph":"E","ts":10000621,"pid":136219,"tid":136219,"args":{"ID":0}}],"stackFrames":{},"timestampUnit":"us"}