{ "traceEvents":[{"name":"Base","cat":"Feature","ph":"B","ts":0,"pid":2397183,"tid":2397183,"args":{"ID":0}},{"name":"FR(FeatureA)","cat":"Feature","ph":"B","ts":2000109,"pid":2397183,"tid":2397183,"args":{"ID":1729382256910270467}},{"name":"FR(FeatureA)","cat":"Feature","ph":"E","ts":4000200,"pid":2397183,"tid":2397183,"args":{"ID":1729382256910270467}},{"name":"FR(FeatureB)","cat":"Feature","ph":"B","ts":4000201,"pid":2397183,"tid":2397183,"args":{"ID":1729382256910286851}},{"name":"FR(FeatureB)","cat":"Feature","ph":"E","ts":6000315,"pid":2397183,"tid":2397183,"args":{"ID":1729382256910286851}},{"name":"FR(FeatureD)","cat":"Feature","ph":"B","ts":6000321,"pid":2397183,"tid":2397183,"args":{"ID":1729382256910319619}},{"name":"FR(FeatureD)","cat":"Feature","ph":"E","ts":8000438,"pid":2397183,"tid":2397183,"args":{"ID":1729382256910319619}},{"name":"Base","cat":"Feature","ph":"E","ts":8000440,"pid":2397183,"tid":2397183,"args":{"ID":0}}],"stackFrames":{},"timestampUnit":"us"}