{ "traceEvents":[{"name":"Base","cat":"Feature","ph":"B","ts":0,"pid":2410235,"tid":2410235,"args":{"ID":0}},{"name":"FR(FeatureA)","cat":"Feature","ph":"B","ts":2000132,"pid":2410235,"tid":2410235,"args":{"ID":1729382256910270467}},{"name":"FR(FeatureA)","cat":"Feature","ph":"E","ts":4000237,"pid":2410235,"tid":2410235,"args":{"ID":1729382256910270467}},{"name":"FR(FeatureB)","cat":"Feature","ph":"B","ts":4000238,"pid":2410235,"tid":2410235,"args":{"ID":1729382256910286851}},{"name":"FR(FeatureB)","cat":"Feature","ph":"E","ts":6000352,"pid":2410235,"tid":2410235,"args":{"ID":1729382256910286851}},{"name":"FR(FeatureD)","cat":"Feature","ph":"B","ts":6000361,"pid":2410235,"tid":2410235,"args":{"ID":1729382256910319619}},{"name":"FR(FeatureD)","cat":"Feature","ph":"E","ts":8000471,"pid":2410235,"tid":2410235,"args":{"ID":1729382256910319619}},{"name":"Base","cat":"Feature","ph":"E","ts":8000474,"pid":2410235,"tid":2410235,"args":{"ID":0}}],"stackFrames":{},"timestampUnit":"us"}