{ "traceEvents":[{"name":"Base","cat":"Feature","ph":"B","ts":0,"pid":2386829,"tid":2386829,"args":{"ID":0}},{"name":"FR(FeatureA)","cat":"Feature","ph":"B","ts":2000115,"pid":2386829,"tid":2386829,"args":{"ID":1729382256910270467}},{"name":"FR(FeatureA)","cat":"Feature","ph":"E","ts":4000208,"pid":2386829,"tid":2386829,"args":{"ID":1729382256910270467}},{"name":"FR(FeatureB)","cat":"Feature","ph":"B","ts":4000208,"pid":2386829,"tid":2386829,"args":{"ID":1729382256910286851}},{"name":"FR(FeatureB)","cat":"Feature","ph":"E","ts":6000310,"pid":2386829,"tid":2386829,"args":{"ID":1729382256910286851}},{"name":"FR(FeatureD)","cat":"Feature","ph":"B","ts":6000314,"pid":2386829,"tid":2386829,"args":{"ID":1729382256910319619}},{"name":"FR(FeatureD)","cat":"Feature","ph":"E","ts":8000420,"pid":2386829,"tid":2386829,"args":{"ID":1729382256910319619}},{"name":"Base","cat":"Feature","ph":"E","ts":8000422,"pid":2386829,"tid":2386829,"args":{"ID":0}}],"stackFrames":{},"timestampUnit":"us"}