{ "traceEvents":[{"name":"Base","cat":"Feature","ph":"B","ts":0,"pid":2407028,"tid":2407028,"args":{"ID":0}},{"name":"FR(FeatureA)","cat":"Feature","ph":"B","ts":2000120,"pid":2407028,"tid":2407028,"args":{"ID":1729382256910270467}},{"name":"FR(FeatureA)","cat":"Feature","ph":"E","ts":4000219,"pid":2407028,"tid":2407028,"args":{"ID":1729382256910270467}},{"name":"FR(FeatureB)","cat":"Feature","ph":"B","ts":4000219,"pid":2407028,"tid":2407028,"args":{"ID":1729382256910286851}},{"name":"FR(FeatureB)","cat":"Feature","ph":"E","ts":6000323,"pid":2407028,"tid":2407028,"args":{"ID":1729382256910286851}},{"name":"FR(FeatureD)","cat":"Feature","ph":"B","ts":6000335,"pid":2407028,"tid":2407028,"args":{"ID":1729382256910319619}},{"name":"FR(FeatureD)","cat":"Feature","ph":"E","ts":8000429,"pid":2407028,"tid":2407028,"args":{"ID":1729382256910319619}},{"name":"Base","cat":"Feature","ph":"E","ts":8000429,"pid":2407028,"tid":2407028,"args":{"ID":0}}],"stackFrames":{},"timestampUnit":"us"}