{ "traceEvents":[{"name":"Base","cat":"Feature","ph":"B","ts":0,"pid":2367117,"tid":2367117,"args":{"ID":0}},{"name":"FR(FeatureA)","cat":"Feature","ph":"B","ts":2000125,"pid":2367117,"tid":2367117,"args":{"ID":1729382256910270467}},{"name":"FR(FeatureA)","cat":"Feature","ph":"E","ts":4000221,"pid":2367117,"tid":2367117,"args":{"ID":1729382256910270467}},{"name":"FR(FeatureB)","cat":"Feature","ph":"B","ts":4000221,"pid":2367117,"tid":2367117,"args":{"ID":1729382256910286851}},{"name":"FR(FeatureB)","cat":"Feature","ph":"E","ts":6000351,"pid":2367117,"tid":2367117,"args":{"ID":1729382256910286851}},{"name":"FR(FeatureD)","cat":"Feature","ph":"B","ts":6000358,"pid":2367117,"tid":2367117,"args":{"ID":1729382256910319619}},{"name":"FR(FeatureD)","cat":"Feature","ph":"E","ts":8000486,"pid":2367117,"tid":2367117,"args":{"ID":1729382256910319619}},{"name":"Base","cat":"Feature","ph":"E","ts":8000487,"pid":2367117,"tid":2367117,"args":{"ID":0}}],"stackFrames":{},"timestampUnit":"us"}