{ "traceEvents":[{"name":"Base","cat":"Feature","ph":"B","ts":0,"pid":2413525,"tid":2413525,"args":{"ID":0}},{"name":"FR(FeatureA)","cat":"Feature","ph":"B","ts":2000095,"pid":2413525,"tid":2413525,"args":{"ID":1729382256910270467}},{"name":"FR(FeatureA)","cat":"Feature","ph":"E","ts":4000180,"pid":2413525,"tid":2413525,"args":{"ID":1729382256910270467}},{"name":"FR(FeatureB)","cat":"Feature","ph":"B","ts":4000181,"pid":2413525,"tid":2413525,"args":{"ID":1729382256910286851}},{"name":"FR(FeatureB)","cat":"Feature","ph":"E","ts":6000276,"pid":2413525,"tid":2413525,"args":{"ID":1729382256910286851}},{"name":"FR(FeatureD)","cat":"Feature","ph":"B","ts":6000280,"pid":2413525,"tid":2413525,"args":{"ID":1729382256910319619}},{"name":"FR(FeatureD)","cat":"Feature","ph":"E","ts":8000383,"pid":2413525,"tid":2413525,"args":{"ID":1729382256910319619}},{"name":"Base","cat":"Feature","ph":"E","ts":8000384,"pid":2413525,"tid":2413525,"args":{"ID":0}}],"stackFrames":{},"timestampUnit":"us"}