{ "traceEvents":[{"name":"Base","cat":"Feature","ph":"B","ts":0,"pid":2353878,"tid":2353878,"args":{"ID":0}},{"name":"FR(FeatureA)","cat":"Feature","ph":"B","ts":2000110,"pid":2353878,"tid":2353878,"args":{"ID":1729382256910270467}},{"name":"FR(FeatureA)","cat":"Feature","ph":"E","ts":4000204,"pid":2353878,"tid":2353878,"args":{"ID":1729382256910270467}},{"name":"FR(FeatureB)","cat":"Feature","ph":"B","ts":4000204,"pid":2353878,"tid":2353878,"args":{"ID":1729382256910286851}},{"name":"FR(FeatureB)","cat":"Feature","ph":"E","ts":6000304,"pid":2353878,"tid":2353878,"args":{"ID":1729382256910286851}},{"name":"FR(FeatureD)","cat":"Feature","ph":"B","ts":6000308,"pid":2353878,"tid":2353878,"args":{"ID":1729382256910319619}},{"name":"FR(FeatureD)","cat":"Feature","ph":"E","ts":8000410,"pid":2353878,"tid":2353878,"args":{"ID":1729382256910319619}},{"name":"Base","cat":"Feature","ph":"E","ts":8000411,"pid":2353878,"tid":2353878,"args":{"ID":0}}],"stackFrames":{},"timestampUnit":"us"}