{ "traceEvents":[{"name":"Base","cat":"Feature","ph":"B","ts":0,"pid":2376988,"tid":2376988,"args":{"ID":0}},{"name":"FR(FeatureA)","cat":"Feature","ph":"B","ts":2000148,"pid":2376988,"tid":2376988,"args":{"ID":1729382256910270467}},{"name":"FR(FeatureA)","cat":"Feature","ph":"E","ts":4000272,"pid":2376988,"tid":2376988,"args":{"ID":1729382256910270467}},{"name":"FR(FeatureB)","cat":"Feature","ph":"B","ts":4000273,"pid":2376988,"tid":2376988,"args":{"ID":1729382256910286851}},{"name":"FR(FeatureB)","cat":"Feature","ph":"E","ts":6000387,"pid":2376988,"tid":2376988,"args":{"ID":1729382256910286851}},{"name":"FR(FeatureD)","cat":"Feature","ph":"B","ts":6000391,"pid":2376988,"tid":2376988,"args":{"ID":1729382256910319619}},{"name":"FR(FeatureD)","cat":"Feature","ph":"E","ts":8000492,"pid":2376988,"tid":2376988,"args":{"ID":1729382256910319619}},{"name":"Base","cat":"Feature","ph":"E","ts":8000496,"pid":2376988,"tid":2376988,"args":{"ID":0}}],"stackFrames":{},"timestampUnit":"us"}