{ "traceEvents":[{"name":"Base","cat":"Feature","ph":"B","ts":0,"pid":2327701,"tid":2327701,"args":{"ID":0}},{"name":"FR(FeatureA)","cat":"Feature","ph":"B","ts":2000120,"pid":2327701,"tid":2327701,"args":{"ID":1729382256910270467}},{"name":"FR(FeatureA)","cat":"Feature","ph":"E","ts":4000216,"pid":2327701,"tid":2327701,"args":{"ID":1729382256910270467}},{"name":"FR(FeatureB)","cat":"Feature","ph":"B","ts":4000216,"pid":2327701,"tid":2327701,"args":{"ID":1729382256910286851}},{"name":"FR(FeatureB)","cat":"Feature","ph":"E","ts":6000326,"pid":2327701,"tid":2327701,"args":{"ID":1729382256910286851}},{"name":"FR(FeatureD)","cat":"Feature","ph":"B","ts":6000333,"pid":2327701,"tid":2327701,"args":{"ID":1729382256910319619}},{"name":"FR(FeatureD)","cat":"Feature","ph":"E","ts":8000445,"pid":2327701,"tid":2327701,"args":{"ID":1729382256910319619}},{"name":"Base","cat":"Feature","ph":"E","ts":8000448,"pid":2327701,"tid":2327701,"args":{"ID":0}}],"stackFrames":{},"timestampUnit":"us"}