{ "traceEvents":[{"name":"Base","cat":"Feature","ph":"B","ts":0,"pid":2390471,"tid":2390471,"args":{"ID":0}},{"name":"FR(FeatureA)","cat":"Feature","ph":"B","ts":2000101,"pid":2390471,"tid":2390471,"args":{"ID":1729382256910270467}},{"name":"FR(FeatureA)","cat":"Feature","ph":"E","ts":4000186,"pid":2390471,"tid":2390471,"args":{"ID":1729382256910270467}},{"name":"FR(FeatureB)","cat":"Feature","ph":"B","ts":4000186,"pid":2390471,"tid":2390471,"args":{"ID":1729382256910286851}},{"name":"FR(FeatureB)","cat":"Feature","ph":"E","ts":6000279,"pid":2390471,"tid":2390471,"args":{"ID":1729382256910286851}},{"name":"FR(FeatureD)","cat":"Feature","ph":"B","ts":6000282,"pid":2390471,"tid":2390471,"args":{"ID":1729382256910319619}},{"name":"FR(FeatureD)","cat":"Feature","ph":"E","ts":8000375,"pid":2390471,"tid":2390471,"args":{"ID":1729382256910319619}},{"name":"Base","cat":"Feature","ph":"E","ts":8000377,"pid":2390471,"tid":2390471,"args":{"ID":0}}],"stackFrames":{},"timestampUnit":"us"}