{ "traceEvents":[{"name":"Base","cat":"Feature","ph":"B","ts":0,"pid":2347405,"tid":2347405,"args":{"ID":0}},{"name":"FR(FeatureA)","cat":"Feature","ph":"B","ts":2000141,"pid":2347405,"tid":2347405,"args":{"ID":1729382256910270467}},{"name":"FR(FeatureA)","cat":"Feature","ph":"E","ts":4000256,"pid":2347405,"tid":2347405,"args":{"ID":1729382256910270467}},{"name":"FR(FeatureB)","cat":"Feature","ph":"B","ts":4000257,"pid":2347405,"tid":2347405,"args":{"ID":1729382256910286851}},{"name":"FR(FeatureB)","cat":"Feature","ph":"E","ts":6000377,"pid":2347405,"tid":2347405,"args":{"ID":1729382256910286851}},{"name":"FR(FeatureD)","cat":"Feature","ph":"B","ts":6000381,"pid":2347405,"tid":2347405,"args":{"ID":1729382256910319619}},{"name":"FR(FeatureD)","cat":"Feature","ph":"E","ts":8000504,"pid":2347405,"tid":2347405,"args":{"ID":1729382256910319619}},{"name":"Base","cat":"Feature","ph":"E","ts":8000507,"pid":2347405,"tid":2347405,"args":{"ID":0}}],"stackFrames":{},"timestampUnit":"us"}