{ "traceEvents":[{"name":"Base","cat":"Feature","ph":"B","ts":0,"pid":2337648,"tid":2337648,"args":{"ID":0}},{"name":"FR(FeatureA)","cat":"Feature","ph":"B","ts":2000114,"pid":2337648,"tid":2337648,"args":{"ID":1729382256910270467}},{"name":"FR(FeatureA)","cat":"Feature","ph":"E","ts":4000206,"pid":2337648,"tid":2337648,"args":{"ID":1729382256910270467}},{"name":"FR(FeatureB)","cat":"Feature","ph":"B","ts":4000206,"pid":2337648,"tid":2337648,"args":{"ID":1729382256910286851}},{"name":"FR(FeatureB)","cat":"Feature","ph":"E","ts":6000310,"pid":2337648,"tid":2337648,"args":{"ID":1729382256910286851}},{"name":"FR(FeatureD)","cat":"Feature","ph":"B","ts":6000316,"pid":2337648,"tid":2337648,"args":{"ID":1729382256910319619}},{"name":"FR(FeatureD)","cat":"Feature","ph":"E","ts":8000427,"pid":2337648,"tid":2337648,"args":{"ID":1729382256910319619}},{"name":"Base","cat":"Feature","ph":"E","ts":8000429,"pid":2337648,"tid":2337648,"args":{"ID":0}}],"stackFrames":{},"timestampUnit":"us"}