{ "traceEvents":[{"name":"Base","cat":"Feature","ph":"B","ts":0,"pid":2400467,"tid":2400467,"args":{"ID":0}},{"name":"FR(FeatureA)","cat":"Feature","ph":"B","ts":2000120,"pid":2400467,"tid":2400467,"args":{"ID":1729382256910270467}},{"name":"FR(FeatureA)","cat":"Feature","ph":"E","ts":4000225,"pid":2400467,"tid":2400467,"args":{"ID":1729382256910270467}},{"name":"FR(FeatureB)","cat":"Feature","ph":"B","ts":4000225,"pid":2400467,"tid":2400467,"args":{"ID":1729382256910286851}},{"name":"FR(FeatureB)","cat":"Feature","ph":"E","ts":6000340,"pid":2400467,"tid":2400467,"args":{"ID":1729382256910286851}},{"name":"FR(FeatureD)","cat":"Feature","ph":"B","ts":6000347,"pid":2400467,"tid":2400467,"args":{"ID":1729382256910319619}},{"name":"FR(FeatureD)","cat":"Feature","ph":"E","ts":8000451,"pid":2400467,"tid":2400467,"args":{"ID":1729382256910319619}},{"name":"Base","cat":"Feature","ph":"E","ts":8000452,"pid":2400467,"tid":2400467,"args":{"ID":0}}],"stackFrames":{},"timestampUnit":"us"}