{ "traceEvents":[{"name":"Base","cat":"Feature","ph":"B","ts":0,"pid":2360516,"tid":2360516,"args":{"ID":0}},{"name":"FR(FeatureA)","cat":"Feature","ph":"B","ts":2000118,"pid":2360516,"tid":2360516,"args":{"ID":1729382256910270467}},{"name":"FR(FeatureA)","cat":"Feature","ph":"E","ts":4000210,"pid":2360516,"tid":2360516,"args":{"ID":1729382256910270467}},{"name":"FR(FeatureB)","cat":"Feature","ph":"B","ts":4000210,"pid":2360516,"tid":2360516,"args":{"ID":1729382256910286851}},{"name":"FR(FeatureB)","cat":"Feature","ph":"E","ts":6000307,"pid":2360516,"tid":2360516,"args":{"ID":1729382256910286851}},{"name":"FR(FeatureD)","cat":"Feature","ph":"B","ts":6000312,"pid":2360516,"tid":2360516,"args":{"ID":1729382256910319619}},{"name":"FR(FeatureD)","cat":"Feature","ph":"E","ts":8000415,"pid":2360516,"tid":2360516,"args":{"ID":1729382256910319619}},{"name":"Base","cat":"Feature","ph":"E","ts":8000417,"pid":2360516,"tid":2360516,"args":{"ID":0}}],"stackFrames":{},"timestampUnit":"us"}