{ "traceEvents":[{"name":"Base","cat":"Feature","ph":"B","ts":0,"pid":2331005,"tid":2331005,"args":{"ID":0}},{"name":"FR(FeatureA)","cat":"Feature","ph":"B","ts":2000119,"pid":2331005,"tid":2331005,"args":{"ID":1729382256910270467}},{"name":"FR(FeatureA)","cat":"Feature","ph":"E","ts":4000213,"pid":2331005,"tid":2331005,"args":{"ID":1729382256910270467}},{"name":"FR(FeatureB)","cat":"Feature","ph":"B","ts":4000214,"pid":2331005,"tid":2331005,"args":{"ID":1729382256910286851}},{"name":"FR(FeatureB)","cat":"Feature","ph":"E","ts":6000316,"pid":2331005,"tid":2331005,"args":{"ID":1729382256910286851}},{"name":"FR(FeatureD)","cat":"Feature","ph":"B","ts":6000321,"pid":2331005,"tid":2331005,"args":{"ID":1729382256910319619}},{"name":"FR(FeatureD)","cat":"Feature","ph":"E","ts":8000438,"pid":2331005,"tid":2331005,"args":{"ID":1729382256910319619}},{"name":"Base","cat":"Feature","ph":"E","ts":8000439,"pid":2331005,"tid":2331005,"args":{"ID":0}}],"stackFrames":{},"timestampUnit":"us"}