{ "traceEvents":[{"name":"Base","cat":"Feature","ph":"B","ts":0,"pid":2403752,"tid":2403752,"args":{"ID":0}},{"name":"FR(FeatureA)","cat":"Feature","ph":"B","ts":2000115,"pid":2403752,"tid":2403752,"args":{"ID":1729382256910270467}},{"name":"FR(FeatureA)","cat":"Feature","ph":"E","ts":4000211,"pid":2403752,"tid":2403752,"args":{"ID":1729382256910270467}},{"name":"FR(FeatureB)","cat":"Feature","ph":"B","ts":4000212,"pid":2403752,"tid":2403752,"args":{"ID":1729382256910286851}},{"name":"FR(FeatureB)","cat":"Feature","ph":"E","ts":6000313,"pid":2403752,"tid":2403752,"args":{"ID":1729382256910286851}},{"name":"FR(FeatureD)","cat":"Feature","ph":"B","ts":6000318,"pid":2403752,"tid":2403752,"args":{"ID":1729382256910319619}},{"name":"FR(FeatureD)","cat":"Feature","ph":"E","ts":8000430,"pid":2403752,"tid":2403752,"args":{"ID":1729382256910319619}},{"name":"Base","cat":"Feature","ph":"E","ts":8000432,"pid":2403752,"tid":2403752,"args":{"ID":0}}],"stackFrames":{},"timestampUnit":"us"}