{ "traceEvents":[{"name":"Base","cat":"Feature","ph":"B","ts":0,"pid":2370319,"tid":2370319,"args":{"ID":0}},{"name":"FR(FeatureA)","cat":"Feature","ph":"B","ts":2000106,"pid":2370319,"tid":2370319,"args":{"ID":1729382256910270467}},{"name":"FR(FeatureA)","cat":"Feature","ph":"E","ts":4000199,"pid":2370319,"tid":2370319,"args":{"ID":1729382256910270467}},{"name":"FR(FeatureB)","cat":"Feature","ph":"B","ts":4000199,"pid":2370319,"tid":2370319,"args":{"ID":1729382256910286851}},{"name":"FR(FeatureB)","cat":"Feature","ph":"E","ts":6000297,"pid":2370319,"tid":2370319,"args":{"ID":1729382256910286851}},{"name":"FR(FeatureD)","cat":"Feature","ph":"B","ts":6000301,"pid":2370319,"tid":2370319,"args":{"ID":1729382256910319619}},{"name":"FR(FeatureD)","cat":"Feature","ph":"E","ts":8000408,"pid":2370319,"tid":2370319,"args":{"ID":1729382256910319619}},{"name":"Base","cat":"Feature","ph":"E","ts":8000409,"pid":2370319,"tid":2370319,"args":{"ID":0}}],"stackFrames":{},"timestampUnit":"us"}