{ "traceEvents":[{"name":"Base","cat":"Feature","ph":"B","ts":0,"pid":2357124,"tid":2357124,"args":{"ID":0}},{"name":"FR(FeatureA)","cat":"Feature","ph":"B","ts":2000118,"pid":2357124,"tid":2357124,"args":{"ID":1729382256910270467}},{"name":"FR(FeatureA)","cat":"Feature","ph":"E","ts":4000228,"pid":2357124,"tid":2357124,"args":{"ID":1729382256910270467}},{"name":"FR(FeatureB)","cat":"Feature","ph":"B","ts":4000228,"pid":2357124,"tid":2357124,"args":{"ID":1729382256910286851}},{"name":"FR(FeatureB)","cat":"Feature","ph":"E","ts":6000345,"pid":2357124,"tid":2357124,"args":{"ID":1729382256910286851}},{"name":"FR(FeatureD)","cat":"Feature","ph":"B","ts":6000355,"pid":2357124,"tid":2357124,"args":{"ID":1729382256910319619}},{"name":"FR(FeatureD)","cat":"Feature","ph":"E","ts":8000476,"pid":2357124,"tid":2357124,"args":{"ID":1729382256910319619}},{"name":"Base","cat":"Feature","ph":"E","ts":8000478,"pid":2357124,"tid":2357124,"args":{"ID":0}}],"stackFrames":{},"timestampUnit":"us"}