{ "traceEvents":[{"name":"Base","cat":"Feature","ph":"B","ts":0,"pid":2373730,"tid":2373730,"args":{"ID":0}},{"name":"FR(FeatureA)","cat":"Feature","ph":"B","ts":2000123,"pid":2373730,"tid":2373730,"args":{"ID":1729382256910270467}},{"name":"FR(FeatureA)","cat":"Feature","ph":"E","ts":4000231,"pid":2373730,"tid":2373730,"args":{"ID":1729382256910270467}},{"name":"FR(FeatureB)","cat":"Feature","ph":"B","ts":4000231,"pid":2373730,"tid":2373730,"args":{"ID":1729382256910286851}},{"name":"FR(FeatureB)","cat":"Feature","ph":"E","ts":6000339,"pid":2373730,"tid":2373730,"args":{"ID":1729382256910286851}},{"name":"FR(FeatureD)","cat":"Feature","ph":"B","ts":6000344,"pid":2373730,"tid":2373730,"args":{"ID":1729382256910319619}},{"name":"FR(FeatureD)","cat":"Feature","ph":"E","ts":8000440,"pid":2373730,"tid":2373730,"args":{"ID":1729382256910319619}},{"name":"Base","cat":"Feature","ph":"E","ts":8000442,"pid":2373730,"tid":2373730,"args":{"ID":0}}],"stackFrames":{},"timestampUnit":"us"}