{ "traceEvents":[{"name":"Base","cat":"Feature","ph":"B","ts":0,"pid":2363861,"tid":2363861,"args":{"ID":0}},{"name":"FR(FeatureA)","cat":"Feature","ph":"B","ts":2000136,"pid":2363861,"tid":2363861,"args":{"ID":1729382256910270467}},{"name":"FR(FeatureA)","cat":"Feature","ph":"E","ts":4000245,"pid":2363861,"tid":2363861,"args":{"ID":1729382256910270467}},{"name":"FR(FeatureB)","cat":"Feature","ph":"B","ts":4000246,"pid":2363861,"tid":2363861,"args":{"ID":1729382256910286851}},{"name":"FR(FeatureB)","cat":"Feature","ph":"E","ts":6000370,"pid":2363861,"tid":2363861,"args":{"ID":1729382256910286851}},{"name":"FR(FeatureD)","cat":"Feature","ph":"B","ts":6000379,"pid":2363861,"tid":2363861,"args":{"ID":1729382256910319619}},{"name":"FR(FeatureD)","cat":"Feature","ph":"E","ts":8000503,"pid":2363861,"tid":2363861,"args":{"ID":1729382256910319619}},{"name":"Base","cat":"Feature","ph":"E","ts":8000505,"pid":2363861,"tid":2363861,"args":{"ID":0}}],"stackFrames":{},"timestampUnit":"us"}