{ "traceEvents":[{"name":"Base","cat":"Feature","ph":"B","ts":0,"pid":2380187,"tid":2380187,"args":{"ID":0}},{"name":"FR(FeatureA)","cat":"Feature","ph":"B","ts":2000133,"pid":2380187,"tid":2380187,"args":{"ID":1729382256910270467}},{"name":"FR(FeatureA)","cat":"Feature","ph":"E","ts":4000244,"pid":2380187,"tid":2380187,"args":{"ID":1729382256910270467}},{"name":"FR(FeatureB)","cat":"Feature","ph":"B","ts":4000245,"pid":2380187,"tid":2380187,"args":{"ID":1729382256910286851}},{"name":"FR(FeatureB)","cat":"Feature","ph":"E","ts":6000353,"pid":2380187,"tid":2380187,"args":{"ID":1729382256910286851}},{"name":"FR(FeatureD)","cat":"Feature","ph":"B","ts":6000358,"pid":2380187,"tid":2380187,"args":{"ID":1729382256910319619}},{"name":"FR(FeatureD)","cat":"Feature","ph":"E","ts":8000483,"pid":2380187,"tid":2380187,"args":{"ID":1729382256910319619}},{"name":"Base","cat":"Feature","ph":"E","ts":8000485,"pid":2380187,"tid":2380187,"args":{"ID":0}}],"stackFrames":{},"timestampUnit":"us"}