{ "traceEvents":[{"name":"Base","cat":"Feature","ph":"B","ts":0,"pid":2334355,"tid":2334355,"args":{"ID":0}},{"name":"FR(FeatureA)","cat":"Feature","ph":"B","ts":2000120,"pid":2334355,"tid":2334355,"args":{"ID":1729382256910270467}},{"name":"FR(FeatureA)","cat":"Feature","ph":"E","ts":4000234,"pid":2334355,"tid":2334355,"args":{"ID":1729382256910270467}},{"name":"FR(FeatureB)","cat":"Feature","ph":"B","ts":4000234,"pid":2334355,"tid":2334355,"args":{"ID":1729382256910286851}},{"name":"FR(FeatureB)","cat":"Feature","ph":"E","ts":6000340,"pid":2334355,"tid":2334355,"args":{"ID":1729382256910286851}},{"name":"FR(FeatureD)","cat":"Feature","ph":"B","ts":6000345,"pid":2334355,"tid":2334355,"args":{"ID":1729382256910319619}},{"name":"FR(FeatureD)","cat":"Feature","ph":"E","ts":8000457,"pid":2334355,"tid":2334355,"args":{"ID":1729382256910319619}},{"name":"Base","cat":"Feature","ph":"E","ts":8000458,"pid":2334355,"tid":2334355,"args":{"ID":0}}],"stackFrames":{},"timestampUnit":"us"}