{ "traceEvents":[{"name":"Base","cat":"Feature","ph":"B","ts":0,"pid":2420021,"tid":2420021,"args":{"ID":0}},{"name":"FR(FeatureA)","cat":"Feature","ph":"B","ts":2000106,"pid":2420021,"tid":2420021,"args":{"ID":1729382256910270467}},{"name":"FR(FeatureA)","cat":"Feature","ph":"E","ts":4000192,"pid":2420021,"tid":2420021,"args":{"ID":1729382256910270467}},{"name":"FR(FeatureB)","cat":"Feature","ph":"B","ts":4000193,"pid":2420021,"tid":2420021,"args":{"ID":1729382256910286851}},{"name":"FR(FeatureB)","cat":"Feature","ph":"E","ts":6000294,"pid":2420021,"tid":2420021,"args":{"ID":1729382256910286851}},{"name":"FR(FeatureD)","cat":"Feature","ph":"B","ts":6000298,"pid":2420021,"tid":2420021,"args":{"ID":1729382256910319619}},{"name":"FR(FeatureD)","cat":"Feature","ph":"E","ts":8000408,"pid":2420021,"tid":2420021,"args":{"ID":1729382256910319619}},{"name":"Base","cat":"Feature","ph":"E","ts":8000410,"pid":2420021,"tid":2420021,"args":{"ID":0}}],"stackFrames":{},"timestampUnit":"us"}