{ "traceEvents":[{"name":"Base","cat":"Feature","ph":"B","ts":0,"pid":2340880,"tid":2340880,"args":{"ID":0}},{"name":"FR(FeatureA)","cat":"Feature","ph":"B","ts":2000134,"pid":2340880,"tid":2340880,"args":{"ID":1729382256910270467}},{"name":"FR(FeatureA)","cat":"Feature","ph":"E","ts":4000227,"pid":2340880,"tid":2340880,"args":{"ID":1729382256910270467}},{"name":"FR(FeatureB)","cat":"Feature","ph":"B","ts":4000228,"pid":2340880,"tid":2340880,"args":{"ID":1729382256910286851}},{"name":"FR(FeatureB)","cat":"Feature","ph":"E","ts":6000336,"pid":2340880,"tid":2340880,"args":{"ID":1729382256910286851}},{"name":"FR(FeatureD)","cat":"Feature","ph":"B","ts":6000342,"pid":2340880,"tid":2340880,"args":{"ID":1729382256910319619}},{"name":"FR(FeatureD)","cat":"Feature","ph":"E","ts":8000470,"pid":2340880,"tid":2340880,"args":{"ID":1729382256910319619}},{"name":"Base","cat":"Feature","ph":"E","ts":8000473,"pid":2340880,"tid":2340880,"args":{"ID":0}}],"stackFrames":{},"timestampUnit":"us"}