{ "traceEvents":[{"name":"Base","cat":"Feature","ph":"B","ts":0,"pid":2886175,"tid":2886175,"args":{"ID":0}},{"name":"FR(FeatureA)","cat":"Feature","ph":"B","ts":2000122,"pid":2886175,"tid":2886175,"args":{"ID":1729382256910270467}},{"name":"FR(FeatureA)","cat":"Feature","ph":"E","ts":3000248,"pid":2886175,"tid":2886175,"args":{"ID":1729382256910270467}},{"name":"FR(FeatureB)","cat":"Feature","ph":"B","ts":3000249,"pid":2886175,"tid":2886175,"args":{"ID":1729382256910286851}},{"name":"FR(FeatureB)","cat":"Feature","ph":"E","ts":5000336,"pid":2886175,"tid":2886175,"args":{"ID":1729382256910286851}},{"name":"FR(FeatureD)","cat":"Feature","ph":"B","ts":5000343,"pid":2886175,"tid":2886175,"args":{"ID":1729382256910319619}},{"name":"FR(FeatureD)","cat":"Feature","ph":"E","ts":7000446,"pid":2886175,"tid":2886175,"args":{"ID":1729382256910319619}},{"name":"FR(FeatureA)","cat":"Feature","ph":"B","ts":7000447,"pid":2886175,"tid":2886175,"args":{"ID":1729382256910336003}},{"name":"FR(FeatureB)","cat":"Feature","ph":"B","ts":7000448,"pid":2886175,"tid":2886175,"args":{"ID":1729382256910352387}},{"name":"FR(FeatureA)","cat":"Feature","ph":"E","ts":9000545,"pid":2886175,"tid":2886175,"args":{"ID":1729382256910336003}},{"name":"FR(FeatureB)","cat":"Feature","ph":"E","ts":9000546,"pid":2886175,"tid":2886175,"args":{"ID":1729382256910352387}},{"name":"Base","cat":"Feature","ph":"E","ts":9000547,"pid":2886175,"tid":2886175,"args":{"ID":0}}],"stackFrames":{},"timestampUnit":"us"}