{ "traceEvents":[{"name":"Base","cat":"Feature","ph":"B","ts":0,"pid":2948118,"tid":2948118,"args":{"ID":0}},{"name":"FR(FeatureA)","cat":"Feature","ph":"B","ts":2000135,"pid":2948118,"tid":2948118,"args":{"ID":1729382256910270467}},{"name":"FR(FeatureA)","cat":"Feature","ph":"E","ts":3000246,"pid":2948118,"tid":2948118,"args":{"ID":1729382256910270467}},{"name":"FR(FeatureB)","cat":"Feature","ph":"B","ts":3000247,"pid":2948118,"tid":2948118,"args":{"ID":1729382256910286851}},{"name":"FR(FeatureB)","cat":"Feature","ph":"E","ts":5000329,"pid":2948118,"tid":2948118,"args":{"ID":1729382256910286851}},{"name":"FR(FeatureD)","cat":"Feature","ph":"B","ts":5000336,"pid":2948118,"tid":2948118,"args":{"ID":1729382256910319619}},{"name":"FR(FeatureD)","cat":"Feature","ph":"E","ts":7000437,"pid":2948118,"tid":2948118,"args":{"ID":1729382256910319619}},{"name":"FR(FeatureA)","cat":"Feature","ph":"B","ts":7000437,"pid":2948118,"tid":2948118,"args":{"ID":1729382256910336003}},{"name":"FR(FeatureB)","cat":"Feature","ph":"B","ts":7000438,"pid":2948118,"tid":2948118,"args":{"ID":1729382256910352387}},{"name":"FR(FeatureA)","cat":"Feature","ph":"E","ts":9000556,"pid":2948118,"tid":2948118,"args":{"ID":1729382256910336003}},{"name":"FR(FeatureB)","cat":"Feature","ph":"E","ts":9000558,"pid":2948118,"tid":2948118,"args":{"ID":1729382256910352387}},{"name":"Base","cat":"Feature","ph":"E","ts":9000559,"pid":2948118,"tid":2948118,"args":{"ID":0}}],"stackFrames":{},"timestampUnit":"us"}