{ "traceEvents":[{"name":"Base","cat":"Feature","ph":"B","ts":0,"pid":2944991,"tid":2944991,"args":{"ID":0}},{"name":"FR(FeatureA)","cat":"Feature","ph":"B","ts":2000114,"pid":2944991,"tid":2944991,"args":{"ID":1729382256910270467}},{"name":"FR(FeatureA)","cat":"Feature","ph":"E","ts":3000198,"pid":2944991,"tid":2944991,"args":{"ID":1729382256910270467}},{"name":"FR(FeatureB)","cat":"Feature","ph":"B","ts":3000199,"pid":2944991,"tid":2944991,"args":{"ID":1729382256910286851}},{"name":"FR(FeatureB)","cat":"Feature","ph":"E","ts":5000288,"pid":2944991,"tid":2944991,"args":{"ID":1729382256910286851}},{"name":"FR(FeatureD)","cat":"Feature","ph":"B","ts":5000293,"pid":2944991,"tid":2944991,"args":{"ID":1729382256910319619}},{"name":"FR(FeatureD)","cat":"Feature","ph":"E","ts":7000397,"pid":2944991,"tid":2944991,"args":{"ID":1729382256910319619}},{"name":"FR(FeatureA)","cat":"Feature","ph":"B","ts":7000398,"pid":2944991,"tid":2944991,"args":{"ID":1729382256910336003}},{"name":"FR(FeatureB)","cat":"Feature","ph":"B","ts":7000399,"pid":2944991,"tid":2944991,"args":{"ID":1729382256910352387}},{"name":"FR(FeatureA)","cat":"Feature","ph":"E","ts":9000500,"pid":2944991,"tid":2944991,"args":{"ID":1729382256910336003}},{"name":"FR(FeatureB)","cat":"Feature","ph":"E","ts":9000502,"pid":2944991,"tid":2944991,"args":{"ID":1729382256910352387}},{"name":"Base","cat":"Feature","ph":"E","ts":9000503,"pid":2944991,"tid":2944991,"args":{"ID":0}}],"stackFrames":{},"timestampUnit":"us"}