{ "traceEvents":[{"name":"Base","cat":"Feature","ph":"B","ts":0,"pid":2929115,"tid":2929115,"args":{"ID":0}},{"name":"FR(FeatureA)","cat":"Feature","ph":"B","ts":2000120,"pid":2929115,"tid":2929115,"args":{"ID":1729382256910270467}},{"name":"FR(FeatureA)","cat":"Feature","ph":"E","ts":3000208,"pid":2929115,"tid":2929115,"args":{"ID":1729382256910270467}},{"name":"FR(FeatureB)","cat":"Feature","ph":"B","ts":3000209,"pid":2929115,"tid":2929115,"args":{"ID":1729382256910286851}},{"name":"FR(FeatureB)","cat":"Feature","ph":"E","ts":5000294,"pid":2929115,"tid":2929115,"args":{"ID":1729382256910286851}},{"name":"FR(FeatureD)","cat":"Feature","ph":"B","ts":5000301,"pid":2929115,"tid":2929115,"args":{"ID":1729382256910319619}},{"name":"FR(FeatureD)","cat":"Feature","ph":"E","ts":7000401,"pid":2929115,"tid":2929115,"args":{"ID":1729382256910319619}},{"name":"FR(FeatureA)","cat":"Feature","ph":"B","ts":7000401,"pid":2929115,"tid":2929115,"args":{"ID":1729382256910336003}},{"name":"FR(FeatureB)","cat":"Feature","ph":"B","ts":7000402,"pid":2929115,"tid":2929115,"args":{"ID":1729382256910352387}},{"name":"FR(FeatureA)","cat":"Feature","ph":"E","ts":9000499,"pid":2929115,"tid":2929115,"args":{"ID":1729382256910336003}},{"name":"FR(FeatureB)","cat":"Feature","ph":"E","ts":9000501,"pid":2929115,"tid":2929115,"args":{"ID":1729382256910352387}},{"name":"Base","cat":"Feature","ph":"E","ts":9000502,"pid":2929115,"tid":2929115,"args":{"ID":0}}],"stackFrames":{},"timestampUnit":"us"}