{ "traceEvents":[{"name":"Base","cat":"Feature","ph":"B","ts":0,"pid":2892595,"tid":2892595,"args":{"ID":0}},{"name":"FR(FeatureA)","cat":"Feature","ph":"B","ts":2000115,"pid":2892595,"tid":2892595,"args":{"ID":1729382256910270467}},{"name":"FR(FeatureA)","cat":"Feature","ph":"E","ts":3000205,"pid":2892595,"tid":2892595,"args":{"ID":1729382256910270467}},{"name":"FR(FeatureB)","cat":"Feature","ph":"B","ts":3000206,"pid":2892595,"tid":2892595,"args":{"ID":1729382256910286851}},{"name":"FR(FeatureB)","cat":"Feature","ph":"E","ts":5000305,"pid":2892595,"tid":2892595,"args":{"ID":1729382256910286851}},{"name":"FR(FeatureD)","cat":"Feature","ph":"B","ts":5000316,"pid":2892595,"tid":2892595,"args":{"ID":1729382256910319619}},{"name":"FR(FeatureD)","cat":"Feature","ph":"E","ts":7000414,"pid":2892595,"tid":2892595,"args":{"ID":1729382256910319619}},{"name":"FR(FeatureA)","cat":"Feature","ph":"B","ts":7000416,"pid":2892595,"tid":2892595,"args":{"ID":1729382256910336003}},{"name":"FR(FeatureB)","cat":"Feature","ph":"B","ts":7000417,"pid":2892595,"tid":2892595,"args":{"ID":1729382256910352387}},{"name":"FR(FeatureA)","cat":"Feature","ph":"E","ts":9000526,"pid":2892595,"tid":2892595,"args":{"ID":1729382256910336003}},{"name":"FR(FeatureB)","cat":"Feature","ph":"E","ts":9000528,"pid":2892595,"tid":2892595,"args":{"ID":1729382256910352387}},{"name":"Base","cat":"Feature","ph":"E","ts":9000528,"pid":2892595,"tid":2892595,"args":{"ID":0}}],"stackFrames":{},"timestampUnit":"us"}