{ "traceEvents":[{"name":"Base","cat":"Feature","ph":"B","ts":0,"pid":2858071,"tid":2858071,"args":{"ID":0}},{"name":"FR(FeatureA)","cat":"Feature","ph":"B","ts":2000100,"pid":2858071,"tid":2858071,"args":{"ID":1729382256910270467}},{"name":"FR(FeatureA)","cat":"Feature","ph":"E","ts":3000185,"pid":2858071,"tid":2858071,"args":{"ID":1729382256910270467}},{"name":"FR(FeatureB)","cat":"Feature","ph":"B","ts":3000185,"pid":2858071,"tid":2858071,"args":{"ID":1729382256910286851}},{"name":"FR(FeatureB)","cat":"Feature","ph":"E","ts":5000267,"pid":2858071,"tid":2858071,"args":{"ID":1729382256910286851}},{"name":"FR(FeatureD)","cat":"Feature","ph":"B","ts":5000272,"pid":2858071,"tid":2858071,"args":{"ID":1729382256910319619}},{"name":"FR(FeatureD)","cat":"Feature","ph":"E","ts":7000369,"pid":2858071,"tid":2858071,"args":{"ID":1729382256910319619}},{"name":"FR(FeatureA)","cat":"Feature","ph":"B","ts":7000370,"pid":2858071,"tid":2858071,"args":{"ID":1729382256910336003}},{"name":"FR(FeatureB)","cat":"Feature","ph":"B","ts":7000370,"pid":2858071,"tid":2858071,"args":{"ID":1729382256910352387}},{"name":"FR(FeatureA)","cat":"Feature","ph":"E","ts":9000471,"pid":2858071,"tid":2858071,"args":{"ID":1729382256910336003}},{"name":"FR(FeatureB)","cat":"Feature","ph":"E","ts":9000472,"pid":2858071,"tid":2858071,"args":{"ID":1729382256910352387}},{"name":"Base","cat":"Feature","ph":"E","ts":9000473,"pid":2858071,"tid":2858071,"args":{"ID":0}}],"stackFrames":{},"timestampUnit":"us"}