{ "traceEvents":[{"name":"Base","cat":"Feature","ph":"B","ts":0,"pid":2861395,"tid":2861395,"args":{"ID":0}},{"name":"FR(FeatureA)","cat":"Feature","ph":"B","ts":2000122,"pid":2861395,"tid":2861395,"args":{"ID":1729382256910270467}},{"name":"FR(FeatureA)","cat":"Feature","ph":"E","ts":3000220,"pid":2861395,"tid":2861395,"args":{"ID":1729382256910270467}},{"name":"FR(FeatureB)","cat":"Feature","ph":"B","ts":3000220,"pid":2861395,"tid":2861395,"args":{"ID":1729382256910286851}},{"name":"FR(FeatureB)","cat":"Feature","ph":"E","ts":5000324,"pid":2861395,"tid":2861395,"args":{"ID":1729382256910286851}},{"name":"FR(FeatureD)","cat":"Feature","ph":"B","ts":5000330,"pid":2861395,"tid":2861395,"args":{"ID":1729382256910319619}},{"name":"FR(FeatureD)","cat":"Feature","ph":"E","ts":7000433,"pid":2861395,"tid":2861395,"args":{"ID":1729382256910319619}},{"name":"FR(FeatureA)","cat":"Feature","ph":"B","ts":7000434,"pid":2861395,"tid":2861395,"args":{"ID":1729382256910336003}},{"name":"FR(FeatureB)","cat":"Feature","ph":"B","ts":7000435,"pid":2861395,"tid":2861395,"args":{"ID":1729382256910352387}},{"name":"FR(FeatureA)","cat":"Feature","ph":"E","ts":9000531,"pid":2861395,"tid":2861395,"args":{"ID":1729382256910336003}},{"name":"FR(FeatureB)","cat":"Feature","ph":"E","ts":9000532,"pid":2861395,"tid":2861395,"args":{"ID":1729382256910352387}},{"name":"Base","cat":"Feature","ph":"E","ts":9000533,"pid":2861395,"tid":2861395,"args":{"ID":0}}],"stackFrames":{},"timestampUnit":"us"}