{ "traceEvents":[{"name":"Base","cat":"Feature","ph":"B","ts":0,"pid":2882929,"tid":2882929,"args":{"ID":0}},{"name":"FR(FeatureA)","cat":"Feature","ph":"B","ts":2000123,"pid":2882929,"tid":2882929,"args":{"ID":1729382256910270467}},{"name":"FR(FeatureA)","cat":"Feature","ph":"E","ts":3000230,"pid":2882929,"tid":2882929,"args":{"ID":1729382256910270467}},{"name":"FR(FeatureB)","cat":"Feature","ph":"B","ts":3000231,"pid":2882929,"tid":2882929,"args":{"ID":1729382256910286851}},{"name":"FR(FeatureB)","cat":"Feature","ph":"E","ts":5000341,"pid":2882929,"tid":2882929,"args":{"ID":1729382256910286851}},{"name":"FR(FeatureD)","cat":"Feature","ph":"B","ts":5000346,"pid":2882929,"tid":2882929,"args":{"ID":1729382256910319619}},{"name":"FR(FeatureD)","cat":"Feature","ph":"E","ts":7000463,"pid":2882929,"tid":2882929,"args":{"ID":1729382256910319619}},{"name":"FR(FeatureA)","cat":"Feature","ph":"B","ts":7000463,"pid":2882929,"tid":2882929,"args":{"ID":1729382256910336003}},{"name":"FR(FeatureB)","cat":"Feature","ph":"B","ts":7000464,"pid":2882929,"tid":2882929,"args":{"ID":1729382256910352387}},{"name":"FR(FeatureA)","cat":"Feature","ph":"E","ts":9000578,"pid":2882929,"tid":2882929,"args":{"ID":1729382256910336003}},{"name":"FR(FeatureB)","cat":"Feature","ph":"E","ts":9000581,"pid":2882929,"tid":2882929,"args":{"ID":1729382256910352387}},{"name":"Base","cat":"Feature","ph":"E","ts":9000581,"pid":2882929,"tid":2882929,"args":{"ID":0}}],"stackFrames":{},"timestampUnit":"us"}