{ "traceEvents":[{"name":"Base","cat":"Feature","ph":"B","ts":0,"pid":2889198,"tid":2889198,"args":{"ID":0}},{"name":"FR(FeatureA)","cat":"Feature","ph":"B","ts":2000113,"pid":2889198,"tid":2889198,"args":{"ID":1729382256910270467}},{"name":"FR(FeatureA)","cat":"Feature","ph":"E","ts":3000207,"pid":2889198,"tid":2889198,"args":{"ID":1729382256910270467}},{"name":"FR(FeatureB)","cat":"Feature","ph":"B","ts":3000208,"pid":2889198,"tid":2889198,"args":{"ID":1729382256910286851}},{"name":"FR(FeatureB)","cat":"Feature","ph":"E","ts":5000312,"pid":2889198,"tid":2889198,"args":{"ID":1729382256910286851}},{"name":"FR(FeatureD)","cat":"Feature","ph":"B","ts":5000317,"pid":2889198,"tid":2889198,"args":{"ID":1729382256910319619}},{"name":"FR(FeatureD)","cat":"Feature","ph":"E","ts":7000426,"pid":2889198,"tid":2889198,"args":{"ID":1729382256910319619}},{"name":"FR(FeatureA)","cat":"Feature","ph":"B","ts":7000427,"pid":2889198,"tid":2889198,"args":{"ID":1729382256910336003}},{"name":"FR(FeatureB)","cat":"Feature","ph":"B","ts":7000428,"pid":2889198,"tid":2889198,"args":{"ID":1729382256910352387}},{"name":"FR(FeatureA)","cat":"Feature","ph":"E","ts":9000532,"pid":2889198,"tid":2889198,"args":{"ID":1729382256910336003}},{"name":"FR(FeatureB)","cat":"Feature","ph":"E","ts":9000535,"pid":2889198,"tid":2889198,"args":{"ID":1729382256910352387}},{"name":"Base","cat":"Feature","ph":"E","ts":9000535,"pid":2889198,"tid":2889198,"args":{"ID":0}}],"stackFrames":{},"timestampUnit":"us"}