{ "traceEvents":[{"name":"Base","cat":"Feature","ph":"B","ts":0,"pid":2913973,"tid":2913973,"args":{"ID":0}},{"name":"FR(FeatureA)","cat":"Feature","ph":"B","ts":2000119,"pid":2913973,"tid":2913973,"args":{"ID":1729382256910270467}},{"name":"FR(FeatureA)","cat":"Feature","ph":"E","ts":3000215,"pid":2913973,"tid":2913973,"args":{"ID":1729382256910270467}},{"name":"FR(FeatureB)","cat":"Feature","ph":"B","ts":3000216,"pid":2913973,"tid":2913973,"args":{"ID":1729382256910286851}},{"name":"FR(FeatureB)","cat":"Feature","ph":"E","ts":5000318,"pid":2913973,"tid":2913973,"args":{"ID":1729382256910286851}},{"name":"FR(FeatureD)","cat":"Feature","ph":"B","ts":5000323,"pid":2913973,"tid":2913973,"args":{"ID":1729382256910319619}},{"name":"FR(FeatureD)","cat":"Feature","ph":"E","ts":7000432,"pid":2913973,"tid":2913973,"args":{"ID":1729382256910319619}},{"name":"FR(FeatureA)","cat":"Feature","ph":"B","ts":7000434,"pid":2913973,"tid":2913973,"args":{"ID":1729382256910336003}},{"name":"FR(FeatureB)","cat":"Feature","ph":"B","ts":7000434,"pid":2913973,"tid":2913973,"args":{"ID":1729382256910352387}},{"name":"FR(FeatureA)","cat":"Feature","ph":"E","ts":9000533,"pid":2913973,"tid":2913973,"args":{"ID":1729382256910336003}},{"name":"FR(FeatureB)","cat":"Feature","ph":"E","ts":9000534,"pid":2913973,"tid":2913973,"args":{"ID":1729382256910352387}},{"name":"Base","cat":"Feature","ph":"E","ts":9000535,"pid":2913973,"tid":2913973,"args":{"ID":0}}],"stackFrames":{},"timestampUnit":"us"}