{ "traceEvents":[{"name":"Base","cat":"Feature","ph":"B","ts":0,"pid":2917053,"tid":2917053,"args":{"ID":0}},{"name":"FR(FeatureA)","cat":"Feature","ph":"B","ts":2000127,"pid":2917053,"tid":2917053,"args":{"ID":1729382256910270467}},{"name":"FR(FeatureA)","cat":"Feature","ph":"E","ts":3000225,"pid":2917053,"tid":2917053,"args":{"ID":1729382256910270467}},{"name":"FR(FeatureB)","cat":"Feature","ph":"B","ts":3000226,"pid":2917053,"tid":2917053,"args":{"ID":1729382256910286851}},{"name":"FR(FeatureB)","cat":"Feature","ph":"E","ts":5000323,"pid":2917053,"tid":2917053,"args":{"ID":1729382256910286851}},{"name":"FR(FeatureD)","cat":"Feature","ph":"B","ts":5000327,"pid":2917053,"tid":2917053,"args":{"ID":1729382256910319619}},{"name":"FR(FeatureD)","cat":"Feature","ph":"E","ts":7000429,"pid":2917053,"tid":2917053,"args":{"ID":1729382256910319619}},{"name":"FR(FeatureA)","cat":"Feature","ph":"B","ts":7000430,"pid":2917053,"tid":2917053,"args":{"ID":1729382256910336003}},{"name":"FR(FeatureB)","cat":"Feature","ph":"B","ts":7000431,"pid":2917053,"tid":2917053,"args":{"ID":1729382256910352387}},{"name":"FR(FeatureA)","cat":"Feature","ph":"E","ts":9000528,"pid":2917053,"tid":2917053,"args":{"ID":1729382256910336003}},{"name":"FR(FeatureB)","cat":"Feature","ph":"E","ts":9000529,"pid":2917053,"tid":2917053,"args":{"ID":1729382256910352387}},{"name":"Base","cat":"Feature","ph":"E","ts":9000530,"pid":2917053,"tid":2917053,"args":{"ID":0}}],"stackFrames":{},"timestampUnit":"us"}