{ "traceEvents":[{"name":"Base","cat":"Feature","ph":"B","ts":0,"pid":2938310,"tid":2938310,"args":{"ID":0}},{"name":"FR(FeatureA)","cat":"Feature","ph":"B","ts":2000120,"pid":2938310,"tid":2938310,"args":{"ID":1729382256910270467}},{"name":"FR(FeatureA)","cat":"Feature","ph":"E","ts":3000211,"pid":2938310,"tid":2938310,"args":{"ID":1729382256910270467}},{"name":"FR(FeatureB)","cat":"Feature","ph":"B","ts":3000212,"pid":2938310,"tid":2938310,"args":{"ID":1729382256910286851}},{"name":"FR(FeatureB)","cat":"Feature","ph":"E","ts":5000291,"pid":2938310,"tid":2938310,"args":{"ID":1729382256910286851}},{"name":"FR(FeatureD)","cat":"Feature","ph":"B","ts":5000306,"pid":2938310,"tid":2938310,"args":{"ID":1729382256910319619}},{"name":"FR(FeatureD)","cat":"Feature","ph":"E","ts":7000409,"pid":2938310,"tid":2938310,"args":{"ID":1729382256910319619}},{"name":"FR(FeatureA)","cat":"Feature","ph":"B","ts":7000410,"pid":2938310,"tid":2938310,"args":{"ID":1729382256910336003}},{"name":"FR(FeatureB)","cat":"Feature","ph":"B","ts":7000410,"pid":2938310,"tid":2938310,"args":{"ID":1729382256910352387}},{"name":"FR(FeatureA)","cat":"Feature","ph":"E","ts":9000513,"pid":2938310,"tid":2938310,"args":{"ID":1729382256910336003}},{"name":"FR(FeatureB)","cat":"Feature","ph":"E","ts":9000515,"pid":2938310,"tid":2938310,"args":{"ID":1729382256910352387}},{"name":"Base","cat":"Feature","ph":"E","ts":9000516,"pid":2938310,"tid":2938310,"args":{"ID":0}}],"stackFrames":{},"timestampUnit":"us"}