{ "traceEvents":[{"name":"Base","cat":"Feature","ph":"B","ts":0,"pid":2920001,"tid":2920001,"args":{"ID":0}},{"name":"FR(FeatureA)","cat":"Feature","ph":"B","ts":2000122,"pid":2920001,"tid":2920001,"args":{"ID":1729382256910270467}},{"name":"FR(FeatureA)","cat":"Feature","ph":"E","ts":3000218,"pid":2920001,"tid":2920001,"args":{"ID":1729382256910270467}},{"name":"FR(FeatureB)","cat":"Feature","ph":"B","ts":3000219,"pid":2920001,"tid":2920001,"args":{"ID":1729382256910286851}},{"name":"FR(FeatureB)","cat":"Feature","ph":"E","ts":5000334,"pid":2920001,"tid":2920001,"args":{"ID":1729382256910286851}},{"name":"FR(FeatureD)","cat":"Feature","ph":"B","ts":5000343,"pid":2920001,"tid":2920001,"args":{"ID":1729382256910319619}},{"name":"FR(FeatureD)","cat":"Feature","ph":"E","ts":7000453,"pid":2920001,"tid":2920001,"args":{"ID":1729382256910319619}},{"name":"FR(FeatureA)","cat":"Feature","ph":"B","ts":7000454,"pid":2920001,"tid":2920001,"args":{"ID":1729382256910336003}},{"name":"FR(FeatureB)","cat":"Feature","ph":"B","ts":7000455,"pid":2920001,"tid":2920001,"args":{"ID":1729382256910352387}},{"name":"FR(FeatureA)","cat":"Feature","ph":"E","ts":9000568,"pid":2920001,"tid":2920001,"args":{"ID":1729382256910336003}},{"name":"FR(FeatureB)","cat":"Feature","ph":"E","ts":9000570,"pid":2920001,"tid":2920001,"args":{"ID":1729382256910352387}},{"name":"Base","cat":"Feature","ph":"E","ts":9000571,"pid":2920001,"tid":2920001,"args":{"ID":0}}],"stackFrames":{},"timestampUnit":"us"}