{ "traceEvents":[{"name":"Base","cat":"Feature","ph":"B","ts":0,"pid":2910969,"tid":2910969,"args":{"ID":0}},{"name":"FR(FeatureA)","cat":"Feature","ph":"B","ts":2000125,"pid":2910969,"tid":2910969,"args":{"ID":1729382256910270467}},{"name":"FR(FeatureA)","cat":"Feature","ph":"E","ts":3000212,"pid":2910969,"tid":2910969,"args":{"ID":1729382256910270467}},{"name":"FR(FeatureB)","cat":"Feature","ph":"B","ts":3000213,"pid":2910969,"tid":2910969,"args":{"ID":1729382256910286851}},{"name":"FR(FeatureB)","cat":"Feature","ph":"E","ts":5000307,"pid":2910969,"tid":2910969,"args":{"ID":1729382256910286851}},{"name":"FR(FeatureD)","cat":"Feature","ph":"B","ts":5000312,"pid":2910969,"tid":2910969,"args":{"ID":1729382256910319619}},{"name":"FR(FeatureD)","cat":"Feature","ph":"E","ts":7000416,"pid":2910969,"tid":2910969,"args":{"ID":1729382256910319619}},{"name":"FR(FeatureA)","cat":"Feature","ph":"B","ts":7000416,"pid":2910969,"tid":2910969,"args":{"ID":1729382256910336003}},{"name":"FR(FeatureB)","cat":"Feature","ph":"B","ts":7000417,"pid":2910969,"tid":2910969,"args":{"ID":1729382256910352387}},{"name":"FR(FeatureA)","cat":"Feature","ph":"E","ts":9000520,"pid":2910969,"tid":2910969,"args":{"ID":1729382256910336003}},{"name":"FR(FeatureB)","cat":"Feature","ph":"E","ts":9000522,"pid":2910969,"tid":2910969,"args":{"ID":1729382256910352387}},{"name":"Base","cat":"Feature","ph":"E","ts":9000523,"pid":2910969,"tid":2910969,"args":{"ID":0}}],"stackFrames":{},"timestampUnit":"us"}