{ "traceEvents":[{"name":"Base","cat":"Feature","ph":"B","ts":0,"pid":2925865,"tid":2925865,"args":{"ID":0}},{"name":"FR(FeatureA)","cat":"Feature","ph":"B","ts":2000118,"pid":2925865,"tid":2925865,"args":{"ID":1729382256910270467}},{"name":"FR(FeatureA)","cat":"Feature","ph":"E","ts":3000217,"pid":2925865,"tid":2925865,"args":{"ID":1729382256910270467}},{"name":"FR(FeatureB)","cat":"Feature","ph":"B","ts":3000218,"pid":2925865,"tid":2925865,"args":{"ID":1729382256910286851}},{"name":"FR(FeatureB)","cat":"Feature","ph":"E","ts":5000297,"pid":2925865,"tid":2925865,"args":{"ID":1729382256910286851}},{"name":"FR(FeatureD)","cat":"Feature","ph":"B","ts":5000303,"pid":2925865,"tid":2925865,"args":{"ID":1729382256910319619}},{"name":"FR(FeatureD)","cat":"Feature","ph":"E","ts":7000394,"pid":2925865,"tid":2925865,"args":{"ID":1729382256910319619}},{"name":"FR(FeatureA)","cat":"Feature","ph":"B","ts":7000395,"pid":2925865,"tid":2925865,"args":{"ID":1729382256910336003}},{"name":"FR(FeatureB)","cat":"Feature","ph":"B","ts":7000396,"pid":2925865,"tid":2925865,"args":{"ID":1729382256910352387}},{"name":"FR(FeatureA)","cat":"Feature","ph":"E","ts":9000489,"pid":2925865,"tid":2925865,"args":{"ID":1729382256910336003}},{"name":"FR(FeatureB)","cat":"Feature","ph":"E","ts":9000490,"pid":2925865,"tid":2925865,"args":{"ID":1729382256910352387}},{"name":"Base","cat":"Feature","ph":"E","ts":9000491,"pid":2925865,"tid":2925865,"args":{"ID":0}}],"stackFrames":{},"timestampUnit":"us"}