{ "traceEvents":[{"name":"Base","cat":"Feature","ph":"B","ts":0,"pid":2935421,"tid":2935421,"args":{"ID":0}},{"name":"FR(FeatureA)","cat":"Feature","ph":"B","ts":2000121,"pid":2935421,"tid":2935421,"args":{"ID":1729382256910270467}},{"name":"FR(FeatureA)","cat":"Feature","ph":"E","ts":3000220,"pid":2935421,"tid":2935421,"args":{"ID":1729382256910270467}},{"name":"FR(FeatureB)","cat":"Feature","ph":"B","ts":3000221,"pid":2935421,"tid":2935421,"args":{"ID":1729382256910286851}},{"name":"FR(FeatureB)","cat":"Feature","ph":"E","ts":5000321,"pid":2935421,"tid":2935421,"args":{"ID":1729382256910286851}},{"name":"FR(FeatureD)","cat":"Feature","ph":"B","ts":5000327,"pid":2935421,"tid":2935421,"args":{"ID":1729382256910319619}},{"name":"FR(FeatureD)","cat":"Feature","ph":"E","ts":7000423,"pid":2935421,"tid":2935421,"args":{"ID":1729382256910319619}},{"name":"FR(FeatureA)","cat":"Feature","ph":"B","ts":7000424,"pid":2935421,"tid":2935421,"args":{"ID":1729382256910336003}},{"name":"FR(FeatureB)","cat":"Feature","ph":"B","ts":7000424,"pid":2935421,"tid":2935421,"args":{"ID":1729382256910352387}},{"name":"FR(FeatureA)","cat":"Feature","ph":"E","ts":9000516,"pid":2935421,"tid":2935421,"args":{"ID":1729382256910336003}},{"name":"FR(FeatureB)","cat":"Feature","ph":"E","ts":9000517,"pid":2935421,"tid":2935421,"args":{"ID":1729382256910352387}},{"name":"Base","cat":"Feature","ph":"E","ts":9000518,"pid":2935421,"tid":2935421,"args":{"ID":0}}],"stackFrames":{},"timestampUnit":"us"}