{ "traceEvents":[{"name":"Base","cat":"Feature","ph":"B","ts":0,"pid":2923049,"tid":2923049,"args":{"ID":0}},{"name":"FR(FeatureA)","cat":"Feature","ph":"B","ts":2000132,"pid":2923049,"tid":2923049,"args":{"ID":1729382256910270467}},{"name":"FR(FeatureA)","cat":"Feature","ph":"E","ts":3000230,"pid":2923049,"tid":2923049,"args":{"ID":1729382256910270467}},{"name":"FR(FeatureB)","cat":"Feature","ph":"B","ts":3000231,"pid":2923049,"tid":2923049,"args":{"ID":1729382256910286851}},{"name":"FR(FeatureB)","cat":"Feature","ph":"E","ts":5000333,"pid":2923049,"tid":2923049,"args":{"ID":1729382256910286851}},{"name":"FR(FeatureD)","cat":"Feature","ph":"B","ts":5000340,"pid":2923049,"tid":2923049,"args":{"ID":1729382256910319619}},{"name":"FR(FeatureD)","cat":"Feature","ph":"E","ts":7000452,"pid":2923049,"tid":2923049,"args":{"ID":1729382256910319619}},{"name":"FR(FeatureA)","cat":"Feature","ph":"B","ts":7000454,"pid":2923049,"tid":2923049,"args":{"ID":1729382256910336003}},{"name":"FR(FeatureB)","cat":"Feature","ph":"B","ts":7000455,"pid":2923049,"tid":2923049,"args":{"ID":1729382256910352387}},{"name":"FR(FeatureA)","cat":"Feature","ph":"E","ts":9000560,"pid":2923049,"tid":2923049,"args":{"ID":1729382256910336003}},{"name":"FR(FeatureB)","cat":"Feature","ph":"E","ts":9000562,"pid":2923049,"tid":2923049,"args":{"ID":1729382256910352387}},{"name":"Base","cat":"Feature","ph":"E","ts":9000562,"pid":2923049,"tid":2923049,"args":{"ID":0}}],"stackFrames":{},"timestampUnit":"us"}