{ "traceEvents":[{"name":"Base","cat":"Feature","ph":"B","ts":0,"pid":2898862,"tid":2898862,"args":{"ID":0}},{"name":"FR(FeatureA)","cat":"Feature","ph":"B","ts":2000123,"pid":2898862,"tid":2898862,"args":{"ID":1729382256910270467}},{"name":"FR(FeatureA)","cat":"Feature","ph":"E","ts":3000209,"pid":2898862,"tid":2898862,"args":{"ID":1729382256910270467}},{"name":"FR(FeatureB)","cat":"Feature","ph":"B","ts":3000210,"pid":2898862,"tid":2898862,"args":{"ID":1729382256910286851}},{"name":"FR(FeatureB)","cat":"Feature","ph":"E","ts":5000287,"pid":2898862,"tid":2898862,"args":{"ID":1729382256910286851}},{"name":"FR(FeatureD)","cat":"Feature","ph":"B","ts":5000294,"pid":2898862,"tid":2898862,"args":{"ID":1729382256910319619}},{"name":"FR(FeatureD)","cat":"Feature","ph":"E","ts":7000391,"pid":2898862,"tid":2898862,"args":{"ID":1729382256910319619}},{"name":"FR(FeatureA)","cat":"Feature","ph":"B","ts":7000392,"pid":2898862,"tid":2898862,"args":{"ID":1729382256910336003}},{"name":"FR(FeatureB)","cat":"Feature","ph":"B","ts":7000392,"pid":2898862,"tid":2898862,"args":{"ID":1729382256910352387}},{"name":"FR(FeatureA)","cat":"Feature","ph":"E","ts":9000518,"pid":2898862,"tid":2898862,"args":{"ID":1729382256910336003}},{"name":"FR(FeatureB)","cat":"Feature","ph":"E","ts":9000520,"pid":2898862,"tid":2898862,"args":{"ID":1729382256910352387}},{"name":"Base","cat":"Feature","ph":"E","ts":9000520,"pid":2898862,"tid":2898862,"args":{"ID":0}}],"stackFrames":{},"timestampUnit":"us"}