{ "traceEvents":[{"name":"Base","cat":"Feature","ph":"B","ts":0,"pid":1939226,"tid":1939226,"args":{"ID":0}},{"name":"FR(FeatureA)","cat":"Feature","ph":"B","ts":2000103,"pid":1939226,"tid":1939226,"args":{"ID":1729382256910270467}},{"name":"FR(FeatureA)","cat":"Feature","ph":"E","ts":3000209,"pid":1939226,"tid":1939226,"args":{"ID":1729382256910270467}},{"name":"FR(FeatureB)","cat":"Feature","ph":"B","ts":3000209,"pid":1939226,"tid":1939226,"args":{"ID":1729382256910286851}},{"name":"FR(FeatureB)","cat":"Feature","ph":"E","ts":5000302,"pid":1939226,"tid":1939226,"args":{"ID":1729382256910286851}},{"name":"FR(FeatureA)","cat":"Feature","ph":"B","ts":5000313,"pid":1939226,"tid":1939226,"args":{"ID":1729382256910336003}},{"name":"FR(FeatureB)","cat":"Feature","ph":"B","ts":5000314,"pid":1939226,"tid":1939226,"args":{"ID":1729382256910352387}},{"name":"FR(FeatureA)","cat":"Feature","ph":"E","ts":7000421,"pid":1939226,"tid":1939226,"args":{"ID":1729382256910336003}},{"name":"FR(FeatureB)","cat":"Feature","ph":"E","ts":7000421,"pid":1939226,"tid":1939226,"args":{"ID":1729382256910352387}},{"name":"Base","cat":"Feature","ph":"E","ts":7000422,"pid":1939226,"tid":1939226,"args":{"ID":0}}],"stackFrames":{},"timestampUnit":"us"}