{ "traceEvents":[{"name":"Base","cat":"Feature","ph":"B","ts":0,"pid":1946041,"tid":1946041,"args":{"ID":0}},{"name":"FR(FeatureA)","cat":"Feature","ph":"B","ts":2000117,"pid":1946041,"tid":1946041,"args":{"ID":1729382256910270467}},{"name":"FR(FeatureA)","cat":"Feature","ph":"E","ts":3000244,"pid":1946041,"tid":1946041,"args":{"ID":1729382256910270467}},{"name":"FR(FeatureB)","cat":"Feature","ph":"B","ts":3000245,"pid":1946041,"tid":1946041,"args":{"ID":1729382256910286851}},{"name":"FR(FeatureB)","cat":"Feature","ph":"E","ts":5000346,"pid":1946041,"tid":1946041,"args":{"ID":1729382256910286851}},{"name":"FR(FeatureA)","cat":"Feature","ph":"B","ts":5000359,"pid":1946041,"tid":1946041,"args":{"ID":1729382256910336003}},{"name":"FR(FeatureB)","cat":"Feature","ph":"B","ts":5000360,"pid":1946041,"tid":1946041,"args":{"ID":1729382256910352387}},{"name":"FR(FeatureA)","cat":"Feature","ph":"E","ts":7000486,"pid":1946041,"tid":1946041,"args":{"ID":1729382256910336003}},{"name":"FR(FeatureB)","cat":"Feature","ph":"E","ts":7000488,"pid":1946041,"tid":1946041,"args":{"ID":1729382256910352387}},{"name":"Base","cat":"Feature","ph":"E","ts":7000489,"pid":1946041,"tid":1946041,"args":{"ID":0}}],"stackFrames":{},"timestampUnit":"us"}