{ "traceEvents":[{"name":"Base","cat":"Feature","ph":"B","ts":0,"pid":1959049,"tid":1959049,"args":{"ID":0}},{"name":"FR(FeatureA)","cat":"Feature","ph":"B","ts":2000118,"pid":1959049,"tid":1959049,"args":{"ID":1729382256910270467}},{"name":"FR(FeatureA)","cat":"Feature","ph":"E","ts":3000220,"pid":1959049,"tid":1959049,"args":{"ID":1729382256910270467}},{"name":"FR(FeatureB)","cat":"Feature","ph":"B","ts":3000220,"pid":1959049,"tid":1959049,"args":{"ID":1729382256910286851}},{"name":"FR(FeatureB)","cat":"Feature","ph":"E","ts":5000329,"pid":1959049,"tid":1959049,"args":{"ID":1729382256910286851}},{"name":"FR(FeatureA)","cat":"Feature","ph":"B","ts":5000344,"pid":1959049,"tid":1959049,"args":{"ID":1729382256910336003}},{"name":"FR(FeatureB)","cat":"Feature","ph":"B","ts":5000345,"pid":1959049,"tid":1959049,"args":{"ID":1729382256910352387}},{"name":"FR(FeatureA)","cat":"Feature","ph":"E","ts":7000474,"pid":1959049,"tid":1959049,"args":{"ID":1729382256910336003}},{"name":"FR(FeatureB)","cat":"Feature","ph":"E","ts":7000475,"pid":1959049,"tid":1959049,"args":{"ID":1729382256910352387}},{"name":"Base","cat":"Feature","ph":"E","ts":7000476,"pid":1959049,"tid":1959049,"args":{"ID":0}}],"stackFrames":{},"timestampUnit":"us"}