{ "traceEvents":[{"name":"Base","cat":"Feature","ph":"B","ts":0,"pid":1899336,"tid":1899336,"args":{"ID":0}},{"name":"FR(FeatureA)","cat":"Feature","ph":"B","ts":2000110,"pid":1899336,"tid":1899336,"args":{"ID":1729382256910270467}},{"name":"FR(FeatureA)","cat":"Feature","ph":"E","ts":3000221,"pid":1899336,"tid":1899336,"args":{"ID":1729382256910270467}},{"name":"FR(FeatureB)","cat":"Feature","ph":"B","ts":3000221,"pid":1899336,"tid":1899336,"args":{"ID":1729382256910286851}},{"name":"FR(FeatureB)","cat":"Feature","ph":"E","ts":5000344,"pid":1899336,"tid":1899336,"args":{"ID":1729382256910286851}},{"name":"FR(FeatureA)","cat":"Feature","ph":"B","ts":5000350,"pid":1899336,"tid":1899336,"args":{"ID":1729382256910336003}},{"name":"FR(FeatureB)","cat":"Feature","ph":"B","ts":5000351,"pid":1899336,"tid":1899336,"args":{"ID":1729382256910352387}},{"name":"FR(FeatureA)","cat":"Feature","ph":"E","ts":7000482,"pid":1899336,"tid":1899336,"args":{"ID":1729382256910336003}},{"name":"FR(FeatureB)","cat":"Feature","ph":"E","ts":7000484,"pid":1899336,"tid":1899336,"args":{"ID":1729382256910352387}},{"name":"Base","cat":"Feature","ph":"E","ts":7000485,"pid":1899336,"tid":1899336,"args":{"ID":0}}],"stackFrames":{},"timestampUnit":"us"}