{ "traceEvents":[{"name":"Base","cat":"Feature","ph":"B","ts":0,"pid":1902020,"tid":1902020,"args":{"ID":0}},{"name":"FR(FeatureA)","cat":"Feature","ph":"B","ts":2000130,"pid":1902020,"tid":1902020,"args":{"ID":1729382256910270467}},{"name":"FR(FeatureA)","cat":"Feature","ph":"E","ts":3000233,"pid":1902020,"tid":1902020,"args":{"ID":1729382256910270467}},{"name":"FR(FeatureB)","cat":"Feature","ph":"B","ts":3000233,"pid":1902020,"tid":1902020,"args":{"ID":1729382256910286851}},{"name":"FR(FeatureB)","cat":"Feature","ph":"E","ts":5000327,"pid":1902020,"tid":1902020,"args":{"ID":1729382256910286851}},{"name":"FR(FeatureA)","cat":"Feature","ph":"B","ts":5000331,"pid":1902020,"tid":1902020,"args":{"ID":1729382256910336003}},{"name":"FR(FeatureB)","cat":"Feature","ph":"B","ts":5000332,"pid":1902020,"tid":1902020,"args":{"ID":1729382256910352387}},{"name":"FR(FeatureA)","cat":"Feature","ph":"E","ts":7000440,"pid":1902020,"tid":1902020,"args":{"ID":1729382256910336003}},{"name":"FR(FeatureB)","cat":"Feature","ph":"E","ts":7000442,"pid":1902020,"tid":1902020,"args":{"ID":1729382256910352387}},{"name":"Base","cat":"Feature","ph":"E","ts":7000443,"pid":1902020,"tid":1902020,"args":{"ID":0}}],"stackFrames":{},"timestampUnit":"us"}