{ "traceEvents":[{"name":"Base","cat":"Feature","ph":"B","ts":0,"pid":1942428,"tid":1942428,"args":{"ID":0}},{"name":"FR(FeatureA)","cat":"Feature","ph":"B","ts":2000117,"pid":1942428,"tid":1942428,"args":{"ID":1729382256910270467}},{"name":"FR(FeatureA)","cat":"Feature","ph":"E","ts":3000222,"pid":1942428,"tid":1942428,"args":{"ID":1729382256910270467}},{"name":"FR(FeatureB)","cat":"Feature","ph":"B","ts":3000223,"pid":1942428,"tid":1942428,"args":{"ID":1729382256910286851}},{"name":"FR(FeatureB)","cat":"Feature","ph":"E","ts":5000314,"pid":1942428,"tid":1942428,"args":{"ID":1729382256910286851}},{"name":"FR(FeatureA)","cat":"Feature","ph":"B","ts":5000330,"pid":1942428,"tid":1942428,"args":{"ID":1729382256910336003}},{"name":"FR(FeatureB)","cat":"Feature","ph":"B","ts":5000331,"pid":1942428,"tid":1942428,"args":{"ID":1729382256910352387}},{"name":"FR(FeatureA)","cat":"Feature","ph":"E","ts":7000428,"pid":1942428,"tid":1942428,"args":{"ID":1729382256910336003}},{"name":"FR(FeatureB)","cat":"Feature","ph":"E","ts":7000429,"pid":1942428,"tid":1942428,"args":{"ID":1729382256910352387}},{"name":"Base","cat":"Feature","ph":"E","ts":7000429,"pid":1942428,"tid":1942428,"args":{"ID":0}}],"stackFrames":{},"timestampUnit":"us"}