{ "traceEvents":[{"name":"Base","cat":"Feature","ph":"B","ts":0,"pid":1955893,"tid":1955893,"args":{"ID":0}},{"name":"FR(FeatureA)","cat":"Feature","ph":"B","ts":2000108,"pid":1955893,"tid":1955893,"args":{"ID":1729382256910270467}},{"name":"FR(FeatureA)","cat":"Feature","ph":"E","ts":3000213,"pid":1955893,"tid":1955893,"args":{"ID":1729382256910270467}},{"name":"FR(FeatureB)","cat":"Feature","ph":"B","ts":3000213,"pid":1955893,"tid":1955893,"args":{"ID":1729382256910286851}},{"name":"FR(FeatureB)","cat":"Feature","ph":"E","ts":5000301,"pid":1955893,"tid":1955893,"args":{"ID":1729382256910286851}},{"name":"FR(FeatureA)","cat":"Feature","ph":"B","ts":5000311,"pid":1955893,"tid":1955893,"args":{"ID":1729382256910336003}},{"name":"FR(FeatureB)","cat":"Feature","ph":"B","ts":5000312,"pid":1955893,"tid":1955893,"args":{"ID":1729382256910352387}},{"name":"FR(FeatureA)","cat":"Feature","ph":"E","ts":7000419,"pid":1955893,"tid":1955893,"args":{"ID":1729382256910336003}},{"name":"FR(FeatureB)","cat":"Feature","ph":"E","ts":7000420,"pid":1955893,"tid":1955893,"args":{"ID":1729382256910352387}},{"name":"Base","cat":"Feature","ph":"E","ts":7000420,"pid":1955893,"tid":1955893,"args":{"ID":0}}],"stackFrames":{},"timestampUnit":"us"}