{ "traceEvents":[{"name":"Base","cat":"Feature","ph":"B","ts":0,"pid":1966058,"tid":1966058,"args":{"ID":0}},{"name":"FR(FeatureA)","cat":"Feature","ph":"B","ts":2000099,"pid":1966058,"tid":1966058,"args":{"ID":1729382256910270467}},{"name":"FR(FeatureA)","cat":"Feature","ph":"E","ts":3000186,"pid":1966058,"tid":1966058,"args":{"ID":1729382256910270467}},{"name":"FR(FeatureB)","cat":"Feature","ph":"B","ts":3000186,"pid":1966058,"tid":1966058,"args":{"ID":1729382256910286851}},{"name":"FR(FeatureB)","cat":"Feature","ph":"E","ts":5000278,"pid":1966058,"tid":1966058,"args":{"ID":1729382256910286851}},{"name":"FR(FeatureA)","cat":"Feature","ph":"B","ts":5000293,"pid":1966058,"tid":1966058,"args":{"ID":1729382256910336003}},{"name":"FR(FeatureB)","cat":"Feature","ph":"B","ts":5000294,"pid":1966058,"tid":1966058,"args":{"ID":1729382256910352387}},{"name":"FR(FeatureA)","cat":"Feature","ph":"E","ts":7000403,"pid":1966058,"tid":1966058,"args":{"ID":1729382256910336003}},{"name":"FR(FeatureB)","cat":"Feature","ph":"E","ts":7000404,"pid":1966058,"tid":1966058,"args":{"ID":1729382256910352387}},{"name":"Base","cat":"Feature","ph":"E","ts":7000405,"pid":1966058,"tid":1966058,"args":{"ID":0}}],"stackFrames":{},"timestampUnit":"us"}