{ "traceEvents":[{"name":"Base","cat":"Feature","ph":"B","ts":0,"pid":1916594,"tid":1916594,"args":{"ID":0}},{"name":"FR(FeatureA)","cat":"Feature","ph":"B","ts":2000104,"pid":1916594,"tid":1916594,"args":{"ID":1729382256910270467}},{"name":"FR(FeatureA)","cat":"Feature","ph":"E","ts":3000214,"pid":1916594,"tid":1916594,"args":{"ID":1729382256910270467}},{"name":"FR(FeatureB)","cat":"Feature","ph":"B","ts":3000214,"pid":1916594,"tid":1916594,"args":{"ID":1729382256910286851}},{"name":"FR(FeatureB)","cat":"Feature","ph":"E","ts":5000306,"pid":1916594,"tid":1916594,"args":{"ID":1729382256910286851}},{"name":"FR(FeatureA)","cat":"Feature","ph":"B","ts":5000311,"pid":1916594,"tid":1916594,"args":{"ID":1729382256910336003}},{"name":"FR(FeatureB)","cat":"Feature","ph":"B","ts":5000312,"pid":1916594,"tid":1916594,"args":{"ID":1729382256910352387}},{"name":"FR(FeatureA)","cat":"Feature","ph":"E","ts":7000434,"pid":1916594,"tid":1916594,"args":{"ID":1729382256910336003}},{"name":"FR(FeatureB)","cat":"Feature","ph":"E","ts":7000435,"pid":1916594,"tid":1916594,"args":{"ID":1729382256910352387}},{"name":"Base","cat":"Feature","ph":"E","ts":7000436,"pid":1916594,"tid":1916594,"args":{"ID":0}}],"stackFrames":{},"timestampUnit":"us"}