{ "traceEvents":[{"name":"Base","cat":"Feature","ph":"B","ts":0,"pid":1936650,"tid":1936650,"args":{"ID":0}},{"name":"FR(FeatureA)","cat":"Feature","ph":"B","ts":2000108,"pid":1936650,"tid":1936650,"args":{"ID":1729382256910270467}},{"name":"FR(FeatureA)","cat":"Feature","ph":"E","ts":3000199,"pid":1936650,"tid":1936650,"args":{"ID":1729382256910270467}},{"name":"FR(FeatureB)","cat":"Feature","ph":"B","ts":3000200,"pid":1936650,"tid":1936650,"args":{"ID":1729382256910286851}},{"name":"FR(FeatureB)","cat":"Feature","ph":"E","ts":5000326,"pid":1936650,"tid":1936650,"args":{"ID":1729382256910286851}},{"name":"FR(FeatureA)","cat":"Feature","ph":"B","ts":5000332,"pid":1936650,"tid":1936650,"args":{"ID":1729382256910336003}},{"name":"FR(FeatureB)","cat":"Feature","ph":"B","ts":5000332,"pid":1936650,"tid":1936650,"args":{"ID":1729382256910352387}},{"name":"FR(FeatureA)","cat":"Feature","ph":"E","ts":7000446,"pid":1936650,"tid":1936650,"args":{"ID":1729382256910336003}},{"name":"FR(FeatureB)","cat":"Feature","ph":"E","ts":7000446,"pid":1936650,"tid":1936650,"args":{"ID":1729382256910352387}},{"name":"Base","cat":"Feature","ph":"E","ts":7000447,"pid":1936650,"tid":1936650,"args":{"ID":0}}],"stackFrames":{},"timestampUnit":"us"}