{ "traceEvents":[{"name":"Base","cat":"Feature","ph":"B","ts":0,"pid":1913738,"tid":1913738,"args":{"ID":0}},{"name":"FR(FeatureA)","cat":"Feature","ph":"B","ts":2000138,"pid":1913738,"tid":1913738,"args":{"ID":1729382256910270467}},{"name":"FR(FeatureA)","cat":"Feature","ph":"E","ts":3000243,"pid":1913738,"tid":1913738,"args":{"ID":1729382256910270467}},{"name":"FR(FeatureB)","cat":"Feature","ph":"B","ts":3000243,"pid":1913738,"tid":1913738,"args":{"ID":1729382256910286851}},{"name":"FR(FeatureB)","cat":"Feature","ph":"E","ts":5000346,"pid":1913738,"tid":1913738,"args":{"ID":1729382256910286851}},{"name":"FR(FeatureA)","cat":"Feature","ph":"B","ts":5000354,"pid":1913738,"tid":1913738,"args":{"ID":1729382256910336003}},{"name":"FR(FeatureB)","cat":"Feature","ph":"B","ts":5000354,"pid":1913738,"tid":1913738,"args":{"ID":1729382256910352387}},{"name":"FR(FeatureA)","cat":"Feature","ph":"E","ts":7000479,"pid":1913738,"tid":1913738,"args":{"ID":1729382256910336003}},{"name":"FR(FeatureB)","cat":"Feature","ph":"E","ts":7000480,"pid":1913738,"tid":1913738,"args":{"ID":1729382256910352387}},{"name":"Base","cat":"Feature","ph":"E","ts":7000480,"pid":1913738,"tid":1913738,"args":{"ID":0}}],"stackFrames":{},"timestampUnit":"us"}