{ "traceEvents":[{"name":"Base","cat":"Feature","ph":"B","ts":0,"pid":1975485,"tid":1975485,"args":{"ID":0}},{"name":"FR(FeatureA)","cat":"Feature","ph":"B","ts":2000112,"pid":1975485,"tid":1975485,"args":{"ID":1729382256910270467}},{"name":"FR(FeatureA)","cat":"Feature","ph":"E","ts":3000231,"pid":1975485,"tid":1975485,"args":{"ID":1729382256910270467}},{"name":"FR(FeatureB)","cat":"Feature","ph":"B","ts":3000232,"pid":1975485,"tid":1975485,"args":{"ID":1729382256910286851}},{"name":"FR(FeatureB)","cat":"Feature","ph":"E","ts":5000322,"pid":1975485,"tid":1975485,"args":{"ID":1729382256910286851}},{"name":"FR(FeatureA)","cat":"Feature","ph":"B","ts":5000328,"pid":1975485,"tid":1975485,"args":{"ID":1729382256910336003}},{"name":"FR(FeatureB)","cat":"Feature","ph":"B","ts":5000329,"pid":1975485,"tid":1975485,"args":{"ID":1729382256910352387}},{"name":"FR(FeatureA)","cat":"Feature","ph":"E","ts":7000428,"pid":1975485,"tid":1975485,"args":{"ID":1729382256910336003}},{"name":"FR(FeatureB)","cat":"Feature","ph":"E","ts":7000428,"pid":1975485,"tid":1975485,"args":{"ID":1729382256910352387}},{"name":"Base","cat":"Feature","ph":"E","ts":7000429,"pid":1975485,"tid":1975485,"args":{"ID":0}}],"stackFrames":{},"timestampUnit":"us"}