{ "traceEvents":[{"name":"Base","cat":"Feature","ph":"B","ts":0,"pid":1919214,"tid":1919214,"args":{"ID":0}},{"name":"FR(FeatureA)","cat":"Feature","ph":"B","ts":2000151,"pid":1919214,"tid":1919214,"args":{"ID":1729382256910270467}},{"name":"FR(FeatureA)","cat":"Feature","ph":"E","ts":3000251,"pid":1919214,"tid":1919214,"args":{"ID":1729382256910270467}},{"name":"FR(FeatureB)","cat":"Feature","ph":"B","ts":3000252,"pid":1919214,"tid":1919214,"args":{"ID":1729382256910286851}},{"name":"FR(FeatureB)","cat":"Feature","ph":"E","ts":5000386,"pid":1919214,"tid":1919214,"args":{"ID":1729382256910286851}},{"name":"FR(FeatureA)","cat":"Feature","ph":"B","ts":5000395,"pid":1919214,"tid":1919214,"args":{"ID":1729382256910336003}},{"name":"FR(FeatureB)","cat":"Feature","ph":"B","ts":5000395,"pid":1919214,"tid":1919214,"args":{"ID":1729382256910352387}},{"name":"FR(FeatureA)","cat":"Feature","ph":"E","ts":7000543,"pid":1919214,"tid":1919214,"args":{"ID":1729382256910336003}},{"name":"FR(FeatureB)","cat":"Feature","ph":"E","ts":7000544,"pid":1919214,"tid":1919214,"args":{"ID":1729382256910352387}},{"name":"Base","cat":"Feature","ph":"E","ts":7000545,"pid":1919214,"tid":1919214,"args":{"ID":0}}],"stackFrames":{},"timestampUnit":"us"}