{ "traceEvents":[{"name":"Base","cat":"Feature","ph":"B","ts":0,"pid":1934071,"tid":1934071,"args":{"ID":0}},{"name":"FR(FeatureA)","cat":"Feature","ph":"B","ts":2000134,"pid":1934071,"tid":1934071,"args":{"ID":1729382256910270467}},{"name":"FR(FeatureA)","cat":"Feature","ph":"E","ts":3000237,"pid":1934071,"tid":1934071,"args":{"ID":1729382256910270467}},{"name":"FR(FeatureB)","cat":"Feature","ph":"B","ts":3000238,"pid":1934071,"tid":1934071,"args":{"ID":1729382256910286851}},{"name":"FR(FeatureB)","cat":"Feature","ph":"E","ts":5000328,"pid":1934071,"tid":1934071,"args":{"ID":1729382256910286851}},{"name":"FR(FeatureA)","cat":"Feature","ph":"B","ts":5000342,"pid":1934071,"tid":1934071,"args":{"ID":1729382256910336003}},{"name":"FR(FeatureB)","cat":"Feature","ph":"B","ts":5000343,"pid":1934071,"tid":1934071,"args":{"ID":1729382256910352387}},{"name":"FR(FeatureA)","cat":"Feature","ph":"E","ts":7000467,"pid":1934071,"tid":1934071,"args":{"ID":1729382256910336003}},{"name":"FR(FeatureB)","cat":"Feature","ph":"E","ts":7000468,"pid":1934071,"tid":1934071,"args":{"ID":1729382256910352387}},{"name":"Base","cat":"Feature","ph":"E","ts":7000469,"pid":1934071,"tid":1934071,"args":{"ID":0}}],"stackFrames":{},"timestampUnit":"us"}