{ "traceEvents":[{"name":"Base","cat":"Feature","ph":"B","ts":0,"pid":1896197,"tid":1896197,"args":{"ID":0}},{"name":"FR(FeatureA)","cat":"Feature","ph":"B","ts":2000113,"pid":1896197,"tid":1896197,"args":{"ID":1729382256910270467}},{"name":"FR(FeatureA)","cat":"Feature","ph":"E","ts":3000217,"pid":1896197,"tid":1896197,"args":{"ID":1729382256910270467}},{"name":"FR(FeatureB)","cat":"Feature","ph":"B","ts":3000218,"pid":1896197,"tid":1896197,"args":{"ID":1729382256910286851}},{"name":"FR(FeatureB)","cat":"Feature","ph":"E","ts":5000296,"pid":1896197,"tid":1896197,"args":{"ID":1729382256910286851}},{"name":"FR(FeatureA)","cat":"Feature","ph":"B","ts":5000305,"pid":1896197,"tid":1896197,"args":{"ID":1729382256910336003}},{"name":"FR(FeatureB)","cat":"Feature","ph":"B","ts":5000306,"pid":1896197,"tid":1896197,"args":{"ID":1729382256910352387}},{"name":"FR(FeatureA)","cat":"Feature","ph":"E","ts":7000423,"pid":1896197,"tid":1896197,"args":{"ID":1729382256910336003}},{"name":"FR(FeatureB)","cat":"Feature","ph":"E","ts":7000424,"pid":1896197,"tid":1896197,"args":{"ID":1729382256910352387}},{"name":"Base","cat":"Feature","ph":"E","ts":7000425,"pid":1896197,"tid":1896197,"args":{"ID":0}}],"stackFrames":{},"timestampUnit":"us"}