{ "traceEvents":[{"name":"Base","cat":"Feature","ph":"B","ts":0,"pid":1969626,"tid":1969626,"args":{"ID":0}},{"name":"FR(FeatureA)","cat":"Feature","ph":"B","ts":2000116,"pid":1969626,"tid":1969626,"args":{"ID":1729382256910270467}},{"name":"FR(FeatureA)","cat":"Feature","ph":"E","ts":3000212,"pid":1969626,"tid":1969626,"args":{"ID":1729382256910270467}},{"name":"FR(FeatureB)","cat":"Feature","ph":"B","ts":3000213,"pid":1969626,"tid":1969626,"args":{"ID":1729382256910286851}},{"name":"FR(FeatureB)","cat":"Feature","ph":"E","ts":5000319,"pid":1969626,"tid":1969626,"args":{"ID":1729382256910286851}},{"name":"FR(FeatureA)","cat":"Feature","ph":"B","ts":5000323,"pid":1969626,"tid":1969626,"args":{"ID":1729382256910336003}},{"name":"FR(FeatureB)","cat":"Feature","ph":"B","ts":5000324,"pid":1969626,"tid":1969626,"args":{"ID":1729382256910352387}},{"name":"FR(FeatureA)","cat":"Feature","ph":"E","ts":7000448,"pid":1969626,"tid":1969626,"args":{"ID":1729382256910336003}},{"name":"FR(FeatureB)","cat":"Feature","ph":"E","ts":7000449,"pid":1969626,"tid":1969626,"args":{"ID":1729382256910352387}},{"name":"Base","cat":"Feature","ph":"E","ts":7000449,"pid":1969626,"tid":1969626,"args":{"ID":0}}],"stackFrames":{},"timestampUnit":"us"}