{ "traceEvents":[{"name":"Base","cat":"Feature","ph":"B","ts":0,"pid":1931458,"tid":1931458,"args":{"ID":0}},{"name":"FR(FeatureA)","cat":"Feature","ph":"B","ts":2000108,"pid":1931458,"tid":1931458,"args":{"ID":1729382256910270467}},{"name":"FR(FeatureA)","cat":"Feature","ph":"E","ts":3000225,"pid":1931458,"tid":1931458,"args":{"ID":1729382256910270467}},{"name":"FR(FeatureB)","cat":"Feature","ph":"B","ts":3000225,"pid":1931458,"tid":1931458,"args":{"ID":1729382256910286851}},{"name":"FR(FeatureB)","cat":"Feature","ph":"E","ts":5000309,"pid":1931458,"tid":1931458,"args":{"ID":1729382256910286851}},{"name":"FR(FeatureA)","cat":"Feature","ph":"B","ts":5000315,"pid":1931458,"tid":1931458,"args":{"ID":1729382256910336003}},{"name":"FR(FeatureB)","cat":"Feature","ph":"B","ts":5000316,"pid":1931458,"tid":1931458,"args":{"ID":1729382256910352387}},{"name":"FR(FeatureA)","cat":"Feature","ph":"E","ts":7000439,"pid":1931458,"tid":1931458,"args":{"ID":1729382256910336003}},{"name":"FR(FeatureB)","cat":"Feature","ph":"E","ts":7000441,"pid":1931458,"tid":1931458,"args":{"ID":1729382256910352387}},{"name":"Base","cat":"Feature","ph":"E","ts":7000442,"pid":1931458,"tid":1931458,"args":{"ID":0}}],"stackFrames":{},"timestampUnit":"us"}