{ "traceEvents":[{"name":"Base","cat":"Feature","ph":"B","ts":0,"pid":1928958,"tid":1928958,"args":{"ID":0}},{"name":"FR(FeatureA)","cat":"Feature","ph":"B","ts":2000129,"pid":1928958,"tid":1928958,"args":{"ID":1729382256910270467}},{"name":"FR(FeatureA)","cat":"Feature","ph":"E","ts":3000226,"pid":1928958,"tid":1928958,"args":{"ID":1729382256910270467}},{"name":"FR(FeatureB)","cat":"Feature","ph":"B","ts":3000226,"pid":1928958,"tid":1928958,"args":{"ID":1729382256910286851}},{"name":"FR(FeatureB)","cat":"Feature","ph":"E","ts":5000334,"pid":1928958,"tid":1928958,"args":{"ID":1729382256910286851}},{"name":"FR(FeatureA)","cat":"Feature","ph":"B","ts":5000350,"pid":1928958,"tid":1928958,"args":{"ID":1729382256910336003}},{"name":"FR(FeatureB)","cat":"Feature","ph":"B","ts":5000350,"pid":1928958,"tid":1928958,"args":{"ID":1729382256910352387}},{"name":"FR(FeatureA)","cat":"Feature","ph":"E","ts":7000472,"pid":1928958,"tid":1928958,"args":{"ID":1729382256910336003}},{"name":"FR(FeatureB)","cat":"Feature","ph":"E","ts":7000472,"pid":1928958,"tid":1928958,"args":{"ID":1729382256910352387}},{"name":"Base","cat":"Feature","ph":"E","ts":7000473,"pid":1928958,"tid":1928958,"args":{"ID":0}}],"stackFrames":{},"timestampUnit":"us"}