{ "traceEvents":[{"name":"Base","cat":"Feature","ph":"B","ts":0,"pid":1892760,"tid":1892760,"args":{"ID":0}},{"name":"FR(FeatureA)","cat":"Feature","ph":"B","ts":2000099,"pid":1892760,"tid":1892760,"args":{"ID":1729382256910270467}},{"name":"FR(FeatureA)","cat":"Feature","ph":"E","ts":3000183,"pid":1892760,"tid":1892760,"args":{"ID":1729382256910270467}},{"name":"FR(FeatureB)","cat":"Feature","ph":"B","ts":3000184,"pid":1892760,"tid":1892760,"args":{"ID":1729382256910286851}},{"name":"FR(FeatureB)","cat":"Feature","ph":"E","ts":5000260,"pid":1892760,"tid":1892760,"args":{"ID":1729382256910286851}},{"name":"FR(FeatureA)","cat":"Feature","ph":"B","ts":5000267,"pid":1892760,"tid":1892760,"args":{"ID":1729382256910336003}},{"name":"FR(FeatureB)","cat":"Feature","ph":"B","ts":5000268,"pid":1892760,"tid":1892760,"args":{"ID":1729382256910352387}},{"name":"FR(FeatureA)","cat":"Feature","ph":"E","ts":7000363,"pid":1892760,"tid":1892760,"args":{"ID":1729382256910336003}},{"name":"FR(FeatureB)","cat":"Feature","ph":"E","ts":7000364,"pid":1892760,"tid":1892760,"args":{"ID":1729382256910352387}},{"name":"Base","cat":"Feature","ph":"E","ts":7000365,"pid":1892760,"tid":1892760,"args":{"ID":0}}],"stackFrames":{},"timestampUnit":"us"}