{ "traceEvents":[{"name":"Base","cat":"Feature","ph":"B","ts":0,"pid":1926122,"tid":1926122,"args":{"ID":0}},{"name":"FR(FeatureA)","cat":"Feature","ph":"B","ts":2000112,"pid":1926122,"tid":1926122,"args":{"ID":1729382256910270467}},{"name":"FR(FeatureA)","cat":"Feature","ph":"E","ts":3000219,"pid":1926122,"tid":1926122,"args":{"ID":1729382256910270467}},{"name":"FR(FeatureB)","cat":"Feature","ph":"B","ts":3000220,"pid":1926122,"tid":1926122,"args":{"ID":1729382256910286851}},{"name":"FR(FeatureB)","cat":"Feature","ph":"E","ts":5000306,"pid":1926122,"tid":1926122,"args":{"ID":1729382256910286851}},{"name":"FR(FeatureA)","cat":"Feature","ph":"B","ts":5000313,"pid":1926122,"tid":1926122,"args":{"ID":1729382256910336003}},{"name":"FR(FeatureB)","cat":"Feature","ph":"B","ts":5000314,"pid":1926122,"tid":1926122,"args":{"ID":1729382256910352387}},{"name":"FR(FeatureA)","cat":"Feature","ph":"E","ts":7000434,"pid":1926122,"tid":1926122,"args":{"ID":1729382256910336003}},{"name":"FR(FeatureB)","cat":"Feature","ph":"E","ts":7000435,"pid":1926122,"tid":1926122,"args":{"ID":1729382256910352387}},{"name":"Base","cat":"Feature","ph":"E","ts":7000435,"pid":1926122,"tid":1926122,"args":{"ID":0}}],"stackFrames":{},"timestampUnit":"us"}