{ "traceEvents":[{"name":"Base","cat":"Feature","ph":"B","ts":0,"pid":1972503,"tid":1972503,"args":{"ID":0}},{"name":"FR(FeatureA)","cat":"Feature","ph":"B","ts":2000125,"pid":1972503,"tid":1972503,"args":{"ID":1729382256910270467}},{"name":"FR(FeatureA)","cat":"Feature","ph":"E","ts":3000225,"pid":1972503,"tid":1972503,"args":{"ID":1729382256910270467}},{"name":"FR(FeatureB)","cat":"Feature","ph":"B","ts":3000226,"pid":1972503,"tid":1972503,"args":{"ID":1729382256910286851}},{"name":"FR(FeatureB)","cat":"Feature","ph":"E","ts":5000310,"pid":1972503,"tid":1972503,"args":{"ID":1729382256910286851}},{"name":"FR(FeatureA)","cat":"Feature","ph":"B","ts":5000316,"pid":1972503,"tid":1972503,"args":{"ID":1729382256910336003}},{"name":"FR(FeatureB)","cat":"Feature","ph":"B","ts":5000316,"pid":1972503,"tid":1972503,"args":{"ID":1729382256910352387}},{"name":"FR(FeatureA)","cat":"Feature","ph":"E","ts":7000432,"pid":1972503,"tid":1972503,"args":{"ID":1729382256910336003}},{"name":"FR(FeatureB)","cat":"Feature","ph":"E","ts":7000433,"pid":1972503,"tid":1972503,"args":{"ID":1729382256910352387}},{"name":"Base","cat":"Feature","ph":"E","ts":7000433,"pid":1972503,"tid":1972503,"args":{"ID":0}}],"stackFrames":{},"timestampUnit":"us"}