{ "traceEvents":[{"name":"Base","cat":"Feature","ph":"B","ts":0,"pid":1907966,"tid":1907966,"args":{"ID":0}},{"name":"FR(FeatureA)","cat":"Feature","ph":"B","ts":2000124,"pid":1907966,"tid":1907966,"args":{"ID":1729382256910270467}},{"name":"FR(FeatureA)","cat":"Feature","ph":"E","ts":3000227,"pid":1907966,"tid":1907966,"args":{"ID":1729382256910270467}},{"name":"FR(FeatureB)","cat":"Feature","ph":"B","ts":3000227,"pid":1907966,"tid":1907966,"args":{"ID":1729382256910286851}},{"name":"FR(FeatureB)","cat":"Feature","ph":"E","ts":5000332,"pid":1907966,"tid":1907966,"args":{"ID":1729382256910286851}},{"name":"FR(FeatureA)","cat":"Feature","ph":"B","ts":5000338,"pid":1907966,"tid":1907966,"args":{"ID":1729382256910336003}},{"name":"FR(FeatureB)","cat":"Feature","ph":"B","ts":5000338,"pid":1907966,"tid":1907966,"args":{"ID":1729382256910352387}},{"name":"FR(FeatureA)","cat":"Feature","ph":"E","ts":7000449,"pid":1907966,"tid":1907966,"args":{"ID":1729382256910336003}},{"name":"FR(FeatureB)","cat":"Feature","ph":"E","ts":7000450,"pid":1907966,"tid":1907966,"args":{"ID":1729382256910352387}},{"name":"Base","cat":"Feature","ph":"E","ts":7000450,"pid":1907966,"tid":1907966,"args":{"ID":0}}],"stackFrames":{},"timestampUnit":"us"}