{ "traceEvents":[{"name":"Base","cat":"Feature","ph":"B","ts":0,"pid":1962566,"tid":1962566,"args":{"ID":0}},{"name":"FR(FeatureA)","cat":"Feature","ph":"B","ts":2000123,"pid":1962566,"tid":1962566,"args":{"ID":1729382256910270467}},{"name":"FR(FeatureA)","cat":"Feature","ph":"E","ts":3000240,"pid":1962566,"tid":1962566,"args":{"ID":1729382256910270467}},{"name":"FR(FeatureB)","cat":"Feature","ph":"B","ts":3000241,"pid":1962566,"tid":1962566,"args":{"ID":1729382256910286851}},{"name":"FR(FeatureB)","cat":"Feature","ph":"E","ts":5000333,"pid":1962566,"tid":1962566,"args":{"ID":1729382256910286851}},{"name":"FR(FeatureA)","cat":"Feature","ph":"B","ts":5000347,"pid":1962566,"tid":1962566,"args":{"ID":1729382256910336003}},{"name":"FR(FeatureB)","cat":"Feature","ph":"B","ts":5000347,"pid":1962566,"tid":1962566,"args":{"ID":1729382256910352387}},{"name":"FR(FeatureA)","cat":"Feature","ph":"E","ts":7000453,"pid":1962566,"tid":1962566,"args":{"ID":1729382256910336003}},{"name":"FR(FeatureB)","cat":"Feature","ph":"E","ts":7000453,"pid":1962566,"tid":1962566,"args":{"ID":1729382256910352387}},{"name":"Base","cat":"Feature","ph":"E","ts":7000454,"pid":1962566,"tid":1962566,"args":{"ID":0}}],"stackFrames":{},"timestampUnit":"us"}