{ "traceEvents":[{"name":"Base","cat":"Feature","ph":"B","ts":0,"pid":1949573,"tid":1949573,"args":{"ID":0}},{"name":"FR(FeatureA)","cat":"Feature","ph":"B","ts":2000113,"pid":1949573,"tid":1949573,"args":{"ID":1729382256910270467}},{"name":"FR(FeatureA)","cat":"Feature","ph":"E","ts":3000214,"pid":1949573,"tid":1949573,"args":{"ID":1729382256910270467}},{"name":"FR(FeatureB)","cat":"Feature","ph":"B","ts":3000215,"pid":1949573,"tid":1949573,"args":{"ID":1729382256910286851}},{"name":"FR(FeatureB)","cat":"Feature","ph":"E","ts":5000312,"pid":1949573,"tid":1949573,"args":{"ID":1729382256910286851}},{"name":"FR(FeatureA)","cat":"Feature","ph":"B","ts":5000326,"pid":1949573,"tid":1949573,"args":{"ID":1729382256910336003}},{"name":"FR(FeatureB)","cat":"Feature","ph":"B","ts":5000327,"pid":1949573,"tid":1949573,"args":{"ID":1729382256910352387}},{"name":"FR(FeatureA)","cat":"Feature","ph":"E","ts":7000453,"pid":1949573,"tid":1949573,"args":{"ID":1729382256910336003}},{"name":"FR(FeatureB)","cat":"Feature","ph":"E","ts":7000454,"pid":1949573,"tid":1949573,"args":{"ID":1729382256910352387}},{"name":"Base","cat":"Feature","ph":"E","ts":7000454,"pid":1949573,"tid":1949573,"args":{"ID":0}}],"stackFrames":{},"timestampUnit":"us"}