{ "traceEvents":[{"name":"Base","cat":"Feature","ph":"B","ts":0,"pid":1910845,"tid":1910845,"args":{"ID":0}},{"name":"FR(FeatureA)","cat":"Feature","ph":"B","ts":2000126,"pid":1910845,"tid":1910845,"args":{"ID":1729382256910270467}},{"name":"FR(FeatureA)","cat":"Feature","ph":"E","ts":3000262,"pid":1910845,"tid":1910845,"args":{"ID":1729382256910270467}},{"name":"FR(FeatureB)","cat":"Feature","ph":"B","ts":3000262,"pid":1910845,"tid":1910845,"args":{"ID":1729382256910286851}},{"name":"FR(FeatureB)","cat":"Feature","ph":"E","ts":5000379,"pid":1910845,"tid":1910845,"args":{"ID":1729382256910286851}},{"name":"FR(FeatureA)","cat":"Feature","ph":"B","ts":5000388,"pid":1910845,"tid":1910845,"args":{"ID":1729382256910336003}},{"name":"FR(FeatureB)","cat":"Feature","ph":"B","ts":5000388,"pid":1910845,"tid":1910845,"args":{"ID":1729382256910352387}},{"name":"FR(FeatureA)","cat":"Feature","ph":"E","ts":7000512,"pid":1910845,"tid":1910845,"args":{"ID":1729382256910336003}},{"name":"FR(FeatureB)","cat":"Feature","ph":"E","ts":7000513,"pid":1910845,"tid":1910845,"args":{"ID":1729382256910352387}},{"name":"Base","cat":"Feature","ph":"E","ts":7000514,"pid":1910845,"tid":1910845,"args":{"ID":0}}],"stackFrames":{},"timestampUnit":"us"}