{ "traceEvents":[{"name":"Base","cat":"Feature","ph":"B","ts":0,"pid":1979424,"tid":1979424,"args":{"ID":0}},{"name":"FR(FeatureA)","cat":"Feature","ph":"B","ts":2000112,"pid":1979424,"tid":1979424,"args":{"ID":1729382256910270467}},{"name":"FR(FeatureA)","cat":"Feature","ph":"E","ts":3000209,"pid":1979424,"tid":1979424,"args":{"ID":1729382256910270467}},{"name":"FR(FeatureB)","cat":"Feature","ph":"B","ts":3000209,"pid":1979424,"tid":1979424,"args":{"ID":1729382256910286851}},{"name":"FR(FeatureB)","cat":"Feature","ph":"E","ts":5000330,"pid":1979424,"tid":1979424,"args":{"ID":1729382256910286851}},{"name":"FR(FeatureA)","cat":"Feature","ph":"B","ts":5000336,"pid":1979424,"tid":1979424,"args":{"ID":1729382256910336003}},{"name":"FR(FeatureB)","cat":"Feature","ph":"B","ts":5000337,"pid":1979424,"tid":1979424,"args":{"ID":1729382256910352387}},{"name":"FR(FeatureA)","cat":"Feature","ph":"E","ts":7000453,"pid":1979424,"tid":1979424,"args":{"ID":1729382256910336003}},{"name":"FR(FeatureB)","cat":"Feature","ph":"E","ts":7000455,"pid":1979424,"tid":1979424,"args":{"ID":1729382256910352387}},{"name":"Base","cat":"Feature","ph":"E","ts":7000456,"pid":1979424,"tid":1979424,"args":{"ID":0}}],"stackFrames":{},"timestampUnit":"us"}