{ "traceEvents":[{"name":"Base","cat":"Feature","ph":"B","ts":0,"pid":1904770,"tid":1904770,"args":{"ID":0}},{"name":"FR(FeatureA)","cat":"Feature","ph":"B","ts":2000115,"pid":1904770,"tid":1904770,"args":{"ID":1729382256910270467}},{"name":"FR(FeatureA)","cat":"Feature","ph":"E","ts":3000222,"pid":1904770,"tid":1904770,"args":{"ID":1729382256910270467}},{"name":"FR(FeatureB)","cat":"Feature","ph":"B","ts":3000223,"pid":1904770,"tid":1904770,"args":{"ID":1729382256910286851}},{"name":"FR(FeatureB)","cat":"Feature","ph":"E","ts":5000341,"pid":1904770,"tid":1904770,"args":{"ID":1729382256910286851}},{"name":"FR(FeatureA)","cat":"Feature","ph":"B","ts":5000346,"pid":1904770,"tid":1904770,"args":{"ID":1729382256910336003}},{"name":"FR(FeatureB)","cat":"Feature","ph":"B","ts":5000347,"pid":1904770,"tid":1904770,"args":{"ID":1729382256910352387}},{"name":"FR(FeatureA)","cat":"Feature","ph":"E","ts":7000459,"pid":1904770,"tid":1904770,"args":{"ID":1729382256910336003}},{"name":"FR(FeatureB)","cat":"Feature","ph":"E","ts":7000459,"pid":1904770,"tid":1904770,"args":{"ID":1729382256910352387}},{"name":"Base","cat":"Feature","ph":"E","ts":7000460,"pid":1904770,"tid":1904770,"args":{"ID":0}}],"stackFrames":{},"timestampUnit":"us"}