{ "traceEvents":[{"name":"Base","cat":"Feature","ph":"B","ts":0,"pid":1108421,"tid":1108421,"args":{"ID":0}},{"name":"FR(FeatureA)","cat":"Feature","ph":"B","ts":2000118,"pid":1108421,"tid":1108421,"args":{"ID":1729382256910270467}},{"name":"FR(FeatureB)","cat":"Feature","ph":"B","ts":2000119,"pid":1108421,"tid":1108421,"args":{"ID":1729382256910286851}},{"name":"FR(FeatureB)","cat":"Feature","ph":"E","ts":2000120,"pid":1108421,"tid":1108421,"args":{"ID":1729382256910286851}},{"name":"FR(FeatureA)","cat":"Feature","ph":"E","ts":2000120,"pid":1108421,"tid":1108421,"args":{"ID":1729382256910270467}},{"name":"FR(FeatureC)","cat":"Feature","ph":"B","ts":4000222,"pid":1108421,"tid":1108421,"args":{"ID":1729382256910303235}},{"name":"FR(FeatureC)","cat":"Feature","ph":"E","ts":4000223,"pid":1108421,"tid":1108421,"args":{"ID":1729382256910303235}},{"name":"FR(FeatureB)","cat":"Feature","ph":"E","ts":4000223,"pid":1108421,"tid":1108421,"args":{"ID":1729382256910286851}},{"name":"FR(FeatureA)","cat":"Feature","ph":"E","ts":4000224,"pid":1108421,"tid":1108421,"args":{"ID":1729382256910270467}},{"name":"FR(FeatureC)","cat":"Feature","ph":"E","ts":4000224,"pid":1108421,"tid":1108421,"args":{"ID":1729382256910303235}},{"name":"FR(FeatureB)","cat":"Feature","ph":"E","ts":4000224,"pid":1108421,"tid":1108421,"args":{"ID":1729382256910286851}},{"name":"FR(FeatureA)","cat":"Feature","ph":"E","ts":4000225,"pid":1108421,"tid":1108421,"args":{"ID":1729382256910270467}},{"name":"FR(FeatureC)","cat":"Feature","ph":"E","ts":6000315,"pid":1108421,"tid":1108421,"args":{"ID":1729382256910303235}},{"name":"FR(FeatureB)","cat":"Feature","ph":"E","ts":6000317,"pid":1108421,"tid":1108421,"args":{"ID":1729382256910286851}},{"name":"FR(FeatureA)","cat":"Feature","ph":"E","ts":6000317,"pid":1108421,"tid":1108421,"args":{"ID":1729382256910270467}},{"name":"FR(FeatureC)","cat":"Feature","ph":"B","ts":6000318,"pid":1108421,"tid":1108421,"args":{"ID":1729382256910352387}},{"name":"FR(FeatureC)","cat":"Feature","ph":"E","ts":6000318,"pid":1108421,"tid":1108421,"args":{"ID":1729382256910352387}},{"name":"FR(FeatureA)","cat":"Feature","ph":"E","ts":6000319,"pid":1108421,"tid":1108421,"args":{"ID":1729382256910319619}},{"name":"FR(FeatureC)","cat":"Feature","ph":"E","ts":6000319,"pid":1108421,"tid":1108421,"args":{"ID":1729382256910303235}},{"name":"FR(FeatureB)","cat":"Feature","ph":"E","ts":6000319,"pid":1108421,"tid":1108421,"args":{"ID":1729382256910286851}},{"name":"FR(FeatureA)","cat":"Feature","ph":"E","ts":6000319,"pid":1108421,"tid":1108421,"args":{"ID":1729382256910270467}},{"name":"Base","cat":"Feature","ph":"E","ts":6000320,"pid":1108421,"tid":1108421,"args":{"ID":0}}],"stackFrames":{},"timestampUnit":"us"}