{ "traceEvents":[{"name":"Base","cat":"Feature","ph":"B","ts":0,"pid":3815260,"tid":3815260,"args":{"ID":0}},{"name":"FR(FeatureB)","cat":"Feature","ph":"B","ts":2000100,"pid":3815260,"tid":3815260,"args":{"ID":1729382256910286851}},{"name":"FR(FeatureB)","cat":"Feature","ph":"E","ts":4000189,"pid":3815260,"tid":3815260,"args":{"ID":1729382256910286851}},{"name":"FR(FeatureC)","cat":"Feature","ph":"B","ts":4000190,"pid":3815260,"tid":3815260,"args":{"ID":1729382256910303235}},{"name":"FR(FeatureC)","cat":"Feature","ph":"E","ts":5000281,"pid":3815260,"tid":3815260,"args":{"ID":1729382256910303235}},{"name":"FR(FeatureD)","cat":"Feature","ph":"B","ts":5000286,"pid":3815260,"tid":3815260,"args":{"ID":1729382256910319619}},{"name":"FR(FeatureD)","cat":"Feature","ph":"E","ts":7000380,"pid":3815260,"tid":3815260,"args":{"ID":1729382256910319619}},{"name":"FR(FeatureC)","cat":"Feature","ph":"B","ts":7000382,"pid":3815260,"tid":3815260,"args":{"ID":1729382256910368771}},{"name":"FR(FeatureD)","cat":"Feature","ph":"B","ts":7000383,"pid":3815260,"tid":3815260,"args":{"ID":1729382256910385155}},{"name":"FR(FeatureC)","cat":"Feature","ph":"E","ts":7000405,"pid":3815260,"tid":3815260,"args":{"ID":1729382256910368771}},{"name":"FR(FeatureD)","cat":"Feature","ph":"E","ts":7000406,"pid":3815260,"tid":3815260,"args":{"ID":1729382256910385155}},{"name":"Base","cat":"Feature","ph":"E","ts":7000406,"pid":3815260,"tid":3815260,"args":{"ID":0}}],"stackFrames":{},"timestampUnit":"us"}