{ "traceEvents":[{"name":"Base","cat":"Feature","ph":"B","ts":0,"pid":3817528,"tid":3817528,"args":{"ID":0}},{"name":"FR(FeatureB)","cat":"Feature","ph":"B","ts":2000111,"pid":3817528,"tid":3817528,"args":{"ID":1729382256910286851}},{"name":"FR(FeatureB)","cat":"Feature","ph":"E","ts":4000202,"pid":3817528,"tid":3817528,"args":{"ID":1729382256910286851}},{"name":"FR(FeatureC)","cat":"Feature","ph":"B","ts":4000203,"pid":3817528,"tid":3817528,"args":{"ID":1729382256910303235}},{"name":"FR(FeatureC)","cat":"Feature","ph":"E","ts":5000303,"pid":3817528,"tid":3817528,"args":{"ID":1729382256910303235}},{"name":"FR(FeatureD)","cat":"Feature","ph":"B","ts":5000308,"pid":3817528,"tid":3817528,"args":{"ID":1729382256910319619}},{"name":"FR(FeatureD)","cat":"Feature","ph":"E","ts":7000413,"pid":3817528,"tid":3817528,"args":{"ID":1729382256910319619}},{"name":"FR(FeatureC)","cat":"Feature","ph":"B","ts":7000414,"pid":3817528,"tid":3817528,"args":{"ID":1729382256910368771}},{"name":"FR(FeatureD)","cat":"Feature","ph":"B","ts":7000414,"pid":3817528,"tid":3817528,"args":{"ID":1729382256910385155}},{"name":"FR(FeatureC)","cat":"Feature","ph":"E","ts":7000436,"pid":3817528,"tid":3817528,"args":{"ID":1729382256910368771}},{"name":"FR(FeatureD)","cat":"Feature","ph":"E","ts":7000437,"pid":3817528,"tid":3817528,"args":{"ID":1729382256910385155}},{"name":"Base","cat":"Feature","ph":"E","ts":7000437,"pid":3817528,"tid":3817528,"args":{"ID":0}}],"stackFrames":{},"timestampUnit":"us"}