{ "traceEvents":[{"name":"Base","cat":"Feature","ph":"B","ts":0,"pid":3789635,"tid":3789635,"args":{"ID":0}},{"name":"FR(FeatureB)","cat":"Feature","ph":"B","ts":2000118,"pid":3789635,"tid":3789635,"args":{"ID":1729382256910286851}},{"name":"FR(FeatureB)","cat":"Feature","ph":"E","ts":4000213,"pid":3789635,"tid":3789635,"args":{"ID":1729382256910286851}},{"name":"FR(FeatureC)","cat":"Feature","ph":"B","ts":4000213,"pid":3789635,"tid":3789635,"args":{"ID":1729382256910303235}},{"name":"FR(FeatureC)","cat":"Feature","ph":"E","ts":5000297,"pid":3789635,"tid":3789635,"args":{"ID":1729382256910303235}},{"name":"FR(FeatureD)","cat":"Feature","ph":"B","ts":5000304,"pid":3789635,"tid":3789635,"args":{"ID":1729382256910319619}},{"name":"FR(FeatureD)","cat":"Feature","ph":"E","ts":7000420,"pid":3789635,"tid":3789635,"args":{"ID":1729382256910319619}},{"name":"FR(FeatureC)","cat":"Feature","ph":"B","ts":7000421,"pid":3789635,"tid":3789635,"args":{"ID":1729382256910368771}},{"name":"FR(FeatureD)","cat":"Feature","ph":"B","ts":7000421,"pid":3789635,"tid":3789635,"args":{"ID":1729382256910385155}},{"name":"FR(FeatureC)","cat":"Feature","ph":"E","ts":7000448,"pid":3789635,"tid":3789635,"args":{"ID":1729382256910368771}},{"name":"FR(FeatureD)","cat":"Feature","ph":"E","ts":7000449,"pid":3789635,"tid":3789635,"args":{"ID":1729382256910385155}},{"name":"Base","cat":"Feature","ph":"E","ts":7000449,"pid":3789635,"tid":3789635,"args":{"ID":0}}],"stackFrames":{},"timestampUnit":"us"}