{ "traceEvents":[{"name":"Base","cat":"Feature","ph":"B","ts":0,"pid":3827944,"tid":3827944,"args":{"ID":0}},{"name":"FR(FeatureB)","cat":"Feature","ph":"B","ts":2000117,"pid":3827944,"tid":3827944,"args":{"ID":1729382256910286851}},{"name":"FR(FeatureB)","cat":"Feature","ph":"E","ts":4000211,"pid":3827944,"tid":3827944,"args":{"ID":1729382256910286851}},{"name":"FR(FeatureC)","cat":"Feature","ph":"B","ts":4000212,"pid":3827944,"tid":3827944,"args":{"ID":1729382256910303235}},{"name":"FR(FeatureC)","cat":"Feature","ph":"E","ts":5000314,"pid":3827944,"tid":3827944,"args":{"ID":1729382256910303235}},{"name":"FR(FeatureD)","cat":"Feature","ph":"B","ts":5000320,"pid":3827944,"tid":3827944,"args":{"ID":1729382256910319619}},{"name":"FR(FeatureD)","cat":"Feature","ph":"E","ts":7000423,"pid":3827944,"tid":3827944,"args":{"ID":1729382256910319619}},{"name":"FR(FeatureC)","cat":"Feature","ph":"B","ts":7000423,"pid":3827944,"tid":3827944,"args":{"ID":1729382256910368771}},{"name":"FR(FeatureD)","cat":"Feature","ph":"B","ts":7000424,"pid":3827944,"tid":3827944,"args":{"ID":1729382256910385155}},{"name":"FR(FeatureC)","cat":"Feature","ph":"E","ts":7000446,"pid":3827944,"tid":3827944,"args":{"ID":1729382256910368771}},{"name":"FR(FeatureD)","cat":"Feature","ph":"E","ts":7000447,"pid":3827944,"tid":3827944,"args":{"ID":1729382256910385155}},{"name":"Base","cat":"Feature","ph":"E","ts":7000447,"pid":3827944,"tid":3827944,"args":{"ID":0}}],"stackFrames":{},"timestampUnit":"us"}