{ "traceEvents":[{"name":"Base","cat":"Feature","ph":"B","ts":0,"pid":3848135,"tid":3848135,"args":{"ID":0}},{"name":"FR(FeatureB)","cat":"Feature","ph":"B","ts":2000098,"pid":3848135,"tid":3848135,"args":{"ID":1729382256910286851}},{"name":"FR(FeatureB)","cat":"Feature","ph":"E","ts":4000186,"pid":3848135,"tid":3848135,"args":{"ID":1729382256910286851}},{"name":"FR(FeatureC)","cat":"Feature","ph":"B","ts":4000186,"pid":3848135,"tid":3848135,"args":{"ID":1729382256910303235}},{"name":"FR(FeatureC)","cat":"Feature","ph":"E","ts":5000284,"pid":3848135,"tid":3848135,"args":{"ID":1729382256910303235}},{"name":"FR(FeatureD)","cat":"Feature","ph":"B","ts":5000289,"pid":3848135,"tid":3848135,"args":{"ID":1729382256910319619}},{"name":"FR(FeatureD)","cat":"Feature","ph":"E","ts":7000401,"pid":3848135,"tid":3848135,"args":{"ID":1729382256910319619}},{"name":"FR(FeatureC)","cat":"Feature","ph":"B","ts":7000403,"pid":3848135,"tid":3848135,"args":{"ID":1729382256910368771}},{"name":"FR(FeatureD)","cat":"Feature","ph":"B","ts":7000403,"pid":3848135,"tid":3848135,"args":{"ID":1729382256910385155}},{"name":"FR(FeatureC)","cat":"Feature","ph":"E","ts":7000431,"pid":3848135,"tid":3848135,"args":{"ID":1729382256910368771}},{"name":"FR(FeatureD)","cat":"Feature","ph":"E","ts":7000432,"pid":3848135,"tid":3848135,"args":{"ID":1729382256910385155}},{"name":"Base","cat":"Feature","ph":"E","ts":7000432,"pid":3848135,"tid":3848135,"args":{"ID":0}}],"stackFrames":{},"timestampUnit":"us"}