{ "traceEvents":[{"name":"Base","cat":"Feature","ph":"B","ts":0,"pid":3781814,"tid":3781814,"args":{"ID":0}},{"name":"FR(FeatureB)","cat":"Feature","ph":"B","ts":2000115,"pid":3781814,"tid":3781814,"args":{"ID":1729382256910286851}},{"name":"FR(FeatureB)","cat":"Feature","ph":"E","ts":4000214,"pid":3781814,"tid":3781814,"args":{"ID":1729382256910286851}},{"name":"FR(FeatureC)","cat":"Feature","ph":"B","ts":4000214,"pid":3781814,"tid":3781814,"args":{"ID":1729382256910303235}},{"name":"FR(FeatureC)","cat":"Feature","ph":"E","ts":5000313,"pid":3781814,"tid":3781814,"args":{"ID":1729382256910303235}},{"name":"FR(FeatureD)","cat":"Feature","ph":"B","ts":5000318,"pid":3781814,"tid":3781814,"args":{"ID":1729382256910319619}},{"name":"FR(FeatureD)","cat":"Feature","ph":"E","ts":7000414,"pid":3781814,"tid":3781814,"args":{"ID":1729382256910319619}},{"name":"FR(FeatureC)","cat":"Feature","ph":"B","ts":7000415,"pid":3781814,"tid":3781814,"args":{"ID":1729382256910368771}},{"name":"FR(FeatureD)","cat":"Feature","ph":"B","ts":7000415,"pid":3781814,"tid":3781814,"args":{"ID":1729382256910385155}},{"name":"FR(FeatureC)","cat":"Feature","ph":"E","ts":7000437,"pid":3781814,"tid":3781814,"args":{"ID":1729382256910368771}},{"name":"FR(FeatureD)","cat":"Feature","ph":"E","ts":7000437,"pid":3781814,"tid":3781814,"args":{"ID":1729382256910385155}},{"name":"Base","cat":"Feature","ph":"E","ts":7000438,"pid":3781814,"tid":3781814,"args":{"ID":0}}],"stackFrames":{},"timestampUnit":"us"}