{ "traceEvents":[{"name":"Base","cat":"Feature","ph":"B","ts":0,"pid":3802293,"tid":3802293,"args":{"ID":0}},{"name":"FR(FeatureB)","cat":"Feature","ph":"B","ts":2000127,"pid":3802293,"tid":3802293,"args":{"ID":1729382256910286851}},{"name":"FR(FeatureB)","cat":"Feature","ph":"E","ts":4000230,"pid":3802293,"tid":3802293,"args":{"ID":1729382256910286851}},{"name":"FR(FeatureC)","cat":"Feature","ph":"B","ts":4000231,"pid":3802293,"tid":3802293,"args":{"ID":1729382256910303235}},{"name":"FR(FeatureC)","cat":"Feature","ph":"E","ts":5000336,"pid":3802293,"tid":3802293,"args":{"ID":1729382256910303235}},{"name":"FR(FeatureD)","cat":"Feature","ph":"B","ts":5000341,"pid":3802293,"tid":3802293,"args":{"ID":1729382256910319619}},{"name":"FR(FeatureD)","cat":"Feature","ph":"E","ts":7000460,"pid":3802293,"tid":3802293,"args":{"ID":1729382256910319619}},{"name":"FR(FeatureC)","cat":"Feature","ph":"B","ts":7000461,"pid":3802293,"tid":3802293,"args":{"ID":1729382256910368771}},{"name":"FR(FeatureD)","cat":"Feature","ph":"B","ts":7000462,"pid":3802293,"tid":3802293,"args":{"ID":1729382256910385155}},{"name":"FR(FeatureC)","cat":"Feature","ph":"E","ts":7000505,"pid":3802293,"tid":3802293,"args":{"ID":1729382256910368771}},{"name":"FR(FeatureD)","cat":"Feature","ph":"E","ts":7000506,"pid":3802293,"tid":3802293,"args":{"ID":1729382256910385155}},{"name":"Base","cat":"Feature","ph":"E","ts":7000506,"pid":3802293,"tid":3802293,"args":{"ID":0}}],"stackFrames":{},"timestampUnit":"us"}