{ "traceEvents":[{"name":"Base","cat":"Feature","ph":"B","ts":0,"pid":3786919,"tid":3786919,"args":{"ID":0}},{"name":"FR(FeatureB)","cat":"Feature","ph":"B","ts":2000120,"pid":3786919,"tid":3786919,"args":{"ID":1729382256910286851}},{"name":"FR(FeatureB)","cat":"Feature","ph":"E","ts":4000215,"pid":3786919,"tid":3786919,"args":{"ID":1729382256910286851}},{"name":"FR(FeatureC)","cat":"Feature","ph":"B","ts":4000215,"pid":3786919,"tid":3786919,"args":{"ID":1729382256910303235}},{"name":"FR(FeatureC)","cat":"Feature","ph":"E","ts":5000318,"pid":3786919,"tid":3786919,"args":{"ID":1729382256910303235}},{"name":"FR(FeatureD)","cat":"Feature","ph":"B","ts":5000323,"pid":3786919,"tid":3786919,"args":{"ID":1729382256910319619}},{"name":"FR(FeatureD)","cat":"Feature","ph":"E","ts":7000428,"pid":3786919,"tid":3786919,"args":{"ID":1729382256910319619}},{"name":"FR(FeatureC)","cat":"Feature","ph":"B","ts":7000429,"pid":3786919,"tid":3786919,"args":{"ID":1729382256910368771}},{"name":"FR(FeatureD)","cat":"Feature","ph":"B","ts":7000429,"pid":3786919,"tid":3786919,"args":{"ID":1729382256910385155}},{"name":"FR(FeatureC)","cat":"Feature","ph":"E","ts":7000458,"pid":3786919,"tid":3786919,"args":{"ID":1729382256910368771}},{"name":"FR(FeatureD)","cat":"Feature","ph":"E","ts":7000458,"pid":3786919,"tid":3786919,"args":{"ID":1729382256910385155}},{"name":"Base","cat":"Feature","ph":"E","ts":7000459,"pid":3786919,"tid":3786919,"args":{"ID":0}}],"stackFrames":{},"timestampUnit":"us"}