{ "traceEvents":[{"name":"Base","cat":"Feature","ph":"B","ts":0,"pid":3805056,"tid":3805056,"args":{"ID":0}},{"name":"FR(FeatureB)","cat":"Feature","ph":"B","ts":2000122,"pid":3805056,"tid":3805056,"args":{"ID":1729382256910286851}},{"name":"FR(FeatureB)","cat":"Feature","ph":"E","ts":4000216,"pid":3805056,"tid":3805056,"args":{"ID":1729382256910286851}},{"name":"FR(FeatureC)","cat":"Feature","ph":"B","ts":4000217,"pid":3805056,"tid":3805056,"args":{"ID":1729382256910303235}},{"name":"FR(FeatureC)","cat":"Feature","ph":"E","ts":5000300,"pid":3805056,"tid":3805056,"args":{"ID":1729382256910303235}},{"name":"FR(FeatureD)","cat":"Feature","ph":"B","ts":5000308,"pid":3805056,"tid":3805056,"args":{"ID":1729382256910319619}},{"name":"FR(FeatureD)","cat":"Feature","ph":"E","ts":7000416,"pid":3805056,"tid":3805056,"args":{"ID":1729382256910319619}},{"name":"FR(FeatureC)","cat":"Feature","ph":"B","ts":7000416,"pid":3805056,"tid":3805056,"args":{"ID":1729382256910368771}},{"name":"FR(FeatureD)","cat":"Feature","ph":"B","ts":7000417,"pid":3805056,"tid":3805056,"args":{"ID":1729382256910385155}},{"name":"FR(FeatureC)","cat":"Feature","ph":"E","ts":7000445,"pid":3805056,"tid":3805056,"args":{"ID":1729382256910368771}},{"name":"FR(FeatureD)","cat":"Feature","ph":"E","ts":7000445,"pid":3805056,"tid":3805056,"args":{"ID":1729382256910385155}},{"name":"Base","cat":"Feature","ph":"E","ts":7000446,"pid":3805056,"tid":3805056,"args":{"ID":0}}],"stackFrames":{},"timestampUnit":"us"}