{ "traceEvents":[{"name":"Base","cat":"Feature","ph":"B","ts":0,"pid":3838088,"tid":3838088,"args":{"ID":0}},{"name":"FR(FeatureB)","cat":"Feature","ph":"B","ts":2000116,"pid":3838088,"tid":3838088,"args":{"ID":1729382256910286851}},{"name":"FR(FeatureB)","cat":"Feature","ph":"E","ts":4000214,"pid":3838088,"tid":3838088,"args":{"ID":1729382256910286851}},{"name":"FR(FeatureC)","cat":"Feature","ph":"B","ts":4000214,"pid":3838088,"tid":3838088,"args":{"ID":1729382256910303235}},{"name":"FR(FeatureC)","cat":"Feature","ph":"E","ts":5000316,"pid":3838088,"tid":3838088,"args":{"ID":1729382256910303235}},{"name":"FR(FeatureD)","cat":"Feature","ph":"B","ts":5000333,"pid":3838088,"tid":3838088,"args":{"ID":1729382256910319619}},{"name":"FR(FeatureD)","cat":"Feature","ph":"E","ts":7000443,"pid":3838088,"tid":3838088,"args":{"ID":1729382256910319619}},{"name":"FR(FeatureC)","cat":"Feature","ph":"B","ts":7000444,"pid":3838088,"tid":3838088,"args":{"ID":1729382256910368771}},{"name":"FR(FeatureD)","cat":"Feature","ph":"B","ts":7000445,"pid":3838088,"tid":3838088,"args":{"ID":1729382256910385155}},{"name":"FR(FeatureC)","cat":"Feature","ph":"E","ts":7000496,"pid":3838088,"tid":3838088,"args":{"ID":1729382256910368771}},{"name":"FR(FeatureD)","cat":"Feature","ph":"E","ts":7000497,"pid":3838088,"tid":3838088,"args":{"ID":1729382256910385155}},{"name":"Base","cat":"Feature","ph":"E","ts":7000498,"pid":3838088,"tid":3838088,"args":{"ID":0}}],"stackFrames":{},"timestampUnit":"us"}