{ "traceEvents":[{"name":"Base","cat":"Feature","ph":"B","ts":0,"pid":3840851,"tid":3840851,"args":{"ID":0}},{"name":"FR(FeatureB)","cat":"Feature","ph":"B","ts":2000120,"pid":3840851,"tid":3840851,"args":{"ID":1729382256910286851}},{"name":"FR(FeatureB)","cat":"Feature","ph":"E","ts":4000217,"pid":3840851,"tid":3840851,"args":{"ID":1729382256910286851}},{"name":"FR(FeatureC)","cat":"Feature","ph":"B","ts":4000217,"pid":3840851,"tid":3840851,"args":{"ID":1729382256910303235}},{"name":"FR(FeatureC)","cat":"Feature","ph":"E","ts":5000303,"pid":3840851,"tid":3840851,"args":{"ID":1729382256910303235}},{"name":"FR(FeatureD)","cat":"Feature","ph":"B","ts":5000312,"pid":3840851,"tid":3840851,"args":{"ID":1729382256910319619}},{"name":"FR(FeatureD)","cat":"Feature","ph":"E","ts":7000410,"pid":3840851,"tid":3840851,"args":{"ID":1729382256910319619}},{"name":"FR(FeatureC)","cat":"Feature","ph":"B","ts":7000410,"pid":3840851,"tid":3840851,"args":{"ID":1729382256910368771}},{"name":"FR(FeatureD)","cat":"Feature","ph":"B","ts":7000411,"pid":3840851,"tid":3840851,"args":{"ID":1729382256910385155}},{"name":"FR(FeatureC)","cat":"Feature","ph":"E","ts":7000432,"pid":3840851,"tid":3840851,"args":{"ID":1729382256910368771}},{"name":"FR(FeatureD)","cat":"Feature","ph":"E","ts":7000432,"pid":3840851,"tid":3840851,"args":{"ID":1729382256910385155}},{"name":"Base","cat":"Feature","ph":"E","ts":7000433,"pid":3840851,"tid":3840851,"args":{"ID":0}}],"stackFrames":{},"timestampUnit":"us"}