{ "traceEvents":[{"name":"Base","cat":"Feature","ph":"B","ts":0,"pid":3853354,"tid":3853354,"args":{"ID":0}},{"name":"FR(FeatureB)","cat":"Feature","ph":"B","ts":2000117,"pid":3853354,"tid":3853354,"args":{"ID":1729382256910286851}},{"name":"FR(FeatureB)","cat":"Feature","ph":"E","ts":4000208,"pid":3853354,"tid":3853354,"args":{"ID":1729382256910286851}},{"name":"FR(FeatureC)","cat":"Feature","ph":"B","ts":4000209,"pid":3853354,"tid":3853354,"args":{"ID":1729382256910303235}},{"name":"FR(FeatureC)","cat":"Feature","ph":"E","ts":5000292,"pid":3853354,"tid":3853354,"args":{"ID":1729382256910303235}},{"name":"FR(FeatureD)","cat":"Feature","ph":"B","ts":5000299,"pid":3853354,"tid":3853354,"args":{"ID":1729382256910319619}},{"name":"FR(FeatureD)","cat":"Feature","ph":"E","ts":7000396,"pid":3853354,"tid":3853354,"args":{"ID":1729382256910319619}},{"name":"FR(FeatureC)","cat":"Feature","ph":"B","ts":7000396,"pid":3853354,"tid":3853354,"args":{"ID":1729382256910368771}},{"name":"FR(FeatureD)","cat":"Feature","ph":"B","ts":7000397,"pid":3853354,"tid":3853354,"args":{"ID":1729382256910385155}},{"name":"FR(FeatureC)","cat":"Feature","ph":"E","ts":7000422,"pid":3853354,"tid":3853354,"args":{"ID":1729382256910368771}},{"name":"FR(FeatureD)","cat":"Feature","ph":"E","ts":7000422,"pid":3853354,"tid":3853354,"args":{"ID":1729382256910385155}},{"name":"Base","cat":"Feature","ph":"E","ts":7000423,"pid":3853354,"tid":3853354,"args":{"ID":0}}],"stackFrames":{},"timestampUnit":"us"}