{ "traceEvents":[{"name":"Base","cat":"Feature","ph":"B","ts":0,"pid":3794642,"tid":3794642,"args":{"ID":0}},{"name":"FR(FeatureB)","cat":"Feature","ph":"B","ts":2000120,"pid":3794642,"tid":3794642,"args":{"ID":1729382256910286851}},{"name":"FR(FeatureB)","cat":"Feature","ph":"E","ts":4000210,"pid":3794642,"tid":3794642,"args":{"ID":1729382256910286851}},{"name":"FR(FeatureC)","cat":"Feature","ph":"B","ts":4000211,"pid":3794642,"tid":3794642,"args":{"ID":1729382256910303235}},{"name":"FR(FeatureC)","cat":"Feature","ph":"E","ts":5000315,"pid":3794642,"tid":3794642,"args":{"ID":1729382256910303235}},{"name":"FR(FeatureD)","cat":"Feature","ph":"B","ts":5000320,"pid":3794642,"tid":3794642,"args":{"ID":1729382256910319619}},{"name":"FR(FeatureD)","cat":"Feature","ph":"E","ts":7000384,"pid":3794642,"tid":3794642,"args":{"ID":1729382256910319619}},{"name":"FR(FeatureC)","cat":"Feature","ph":"B","ts":7000384,"pid":3794642,"tid":3794642,"args":{"ID":1729382256910368771}},{"name":"FR(FeatureD)","cat":"Feature","ph":"B","ts":7000385,"pid":3794642,"tid":3794642,"args":{"ID":1729382256910385155}},{"name":"FR(FeatureC)","cat":"Feature","ph":"E","ts":7000410,"pid":3794642,"tid":3794642,"args":{"ID":1729382256910368771}},{"name":"FR(FeatureD)","cat":"Feature","ph":"E","ts":7000411,"pid":3794642,"tid":3794642,"args":{"ID":1729382256910385155}},{"name":"Base","cat":"Feature","ph":"E","ts":7000411,"pid":3794642,"tid":3794642,"args":{"ID":0}}],"stackFrames":{},"timestampUnit":"us"}