{ "traceEvents":[{"name":"Base","cat":"Feature","ph":"B","ts":0,"pid":3799950,"tid":3799950,"args":{"ID":0}},{"name":"FR(FeatureB)","cat":"Feature","ph":"B","ts":2000106,"pid":3799950,"tid":3799950,"args":{"ID":1729382256910286851}},{"name":"FR(FeatureB)","cat":"Feature","ph":"E","ts":4000201,"pid":3799950,"tid":3799950,"args":{"ID":1729382256910286851}},{"name":"FR(FeatureC)","cat":"Feature","ph":"B","ts":4000202,"pid":3799950,"tid":3799950,"args":{"ID":1729382256910303235}},{"name":"FR(FeatureC)","cat":"Feature","ph":"E","ts":5000279,"pid":3799950,"tid":3799950,"args":{"ID":1729382256910303235}},{"name":"FR(FeatureD)","cat":"Feature","ph":"B","ts":5000285,"pid":3799950,"tid":3799950,"args":{"ID":1729382256910319619}},{"name":"FR(FeatureD)","cat":"Feature","ph":"E","ts":7000377,"pid":3799950,"tid":3799950,"args":{"ID":1729382256910319619}},{"name":"FR(FeatureC)","cat":"Feature","ph":"B","ts":7000378,"pid":3799950,"tid":3799950,"args":{"ID":1729382256910368771}},{"name":"FR(FeatureD)","cat":"Feature","ph":"B","ts":7000378,"pid":3799950,"tid":3799950,"args":{"ID":1729382256910385155}},{"name":"FR(FeatureC)","cat":"Feature","ph":"E","ts":7000407,"pid":3799950,"tid":3799950,"args":{"ID":1729382256910368771}},{"name":"FR(FeatureD)","cat":"Feature","ph":"E","ts":7000408,"pid":3799950,"tid":3799950,"args":{"ID":1729382256910385155}},{"name":"Base","cat":"Feature","ph":"E","ts":7000408,"pid":3799950,"tid":3799950,"args":{"ID":0}}],"stackFrames":{},"timestampUnit":"us"}