{ "traceEvents":[{"name":"Base","cat":"Feature","ph":"B","ts":0,"pid":3822853,"tid":3822853,"args":{"ID":0}},{"name":"FR(FeatureB)","cat":"Feature","ph":"B","ts":2000100,"pid":3822853,"tid":3822853,"args":{"ID":1729382256910286851}},{"name":"FR(FeatureB)","cat":"Feature","ph":"E","ts":4000199,"pid":3822853,"tid":3822853,"args":{"ID":1729382256910286851}},{"name":"FR(FeatureC)","cat":"Feature","ph":"B","ts":4000200,"pid":3822853,"tid":3822853,"args":{"ID":1729382256910303235}},{"name":"FR(FeatureC)","cat":"Feature","ph":"E","ts":5000318,"pid":3822853,"tid":3822853,"args":{"ID":1729382256910303235}},{"name":"FR(FeatureD)","cat":"Feature","ph":"B","ts":5000342,"pid":3822853,"tid":3822853,"args":{"ID":1729382256910319619}},{"name":"FR(FeatureD)","cat":"Feature","ph":"E","ts":7000461,"pid":3822853,"tid":3822853,"args":{"ID":1729382256910319619}},{"name":"FR(FeatureC)","cat":"Feature","ph":"B","ts":7000463,"pid":3822853,"tid":3822853,"args":{"ID":1729382256910368771}},{"name":"FR(FeatureD)","cat":"Feature","ph":"B","ts":7000464,"pid":3822853,"tid":3822853,"args":{"ID":1729382256910385155}},{"name":"FR(FeatureC)","cat":"Feature","ph":"E","ts":7000495,"pid":3822853,"tid":3822853,"args":{"ID":1729382256910368771}},{"name":"FR(FeatureD)","cat":"Feature","ph":"E","ts":7000496,"pid":3822853,"tid":3822853,"args":{"ID":1729382256910385155}},{"name":"Base","cat":"Feature","ph":"E","ts":7000496,"pid":3822853,"tid":3822853,"args":{"ID":0}}],"stackFrames":{},"timestampUnit":"us"}