{ "traceEvents":[{"name":"Base","cat":"Feature","ph":"B","ts":0,"pid":3835641,"tid":3835641,"args":{"ID":0}},{"name":"FR(FeatureB)","cat":"Feature","ph":"B","ts":2000105,"pid":3835641,"tid":3835641,"args":{"ID":1729382256910286851}},{"name":"FR(FeatureB)","cat":"Feature","ph":"E","ts":4000191,"pid":3835641,"tid":3835641,"args":{"ID":1729382256910286851}},{"name":"FR(FeatureC)","cat":"Feature","ph":"B","ts":4000192,"pid":3835641,"tid":3835641,"args":{"ID":1729382256910303235}},{"name":"FR(FeatureC)","cat":"Feature","ph":"E","ts":5000291,"pid":3835641,"tid":3835641,"args":{"ID":1729382256910303235}},{"name":"FR(FeatureD)","cat":"Feature","ph":"B","ts":5000296,"pid":3835641,"tid":3835641,"args":{"ID":1729382256910319619}},{"name":"FR(FeatureD)","cat":"Feature","ph":"E","ts":7000396,"pid":3835641,"tid":3835641,"args":{"ID":1729382256910319619}},{"name":"FR(FeatureC)","cat":"Feature","ph":"B","ts":7000397,"pid":3835641,"tid":3835641,"args":{"ID":1729382256910368771}},{"name":"FR(FeatureD)","cat":"Feature","ph":"B","ts":7000398,"pid":3835641,"tid":3835641,"args":{"ID":1729382256910385155}},{"name":"FR(FeatureC)","cat":"Feature","ph":"E","ts":7000427,"pid":3835641,"tid":3835641,"args":{"ID":1729382256910368771}},{"name":"FR(FeatureD)","cat":"Feature","ph":"E","ts":7000427,"pid":3835641,"tid":3835641,"args":{"ID":1729382256910385155}},{"name":"Base","cat":"Feature","ph":"E","ts":7000428,"pid":3835641,"tid":3835641,"args":{"ID":0}}],"stackFrames":{},"timestampUnit":"us"}