{ "traceEvents":[{"name":"Base","cat":"Feature","ph":"B","ts":0,"pid":3810131,"tid":3810131,"args":{"ID":0}},{"name":"FR(FeatureB)","cat":"Feature","ph":"B","ts":2000136,"pid":3810131,"tid":3810131,"args":{"ID":1729382256910286851}},{"name":"FR(FeatureB)","cat":"Feature","ph":"E","ts":4000231,"pid":3810131,"tid":3810131,"args":{"ID":1729382256910286851}},{"name":"FR(FeatureC)","cat":"Feature","ph":"B","ts":4000232,"pid":3810131,"tid":3810131,"args":{"ID":1729382256910303235}},{"name":"FR(FeatureC)","cat":"Feature","ph":"E","ts":5000317,"pid":3810131,"tid":3810131,"args":{"ID":1729382256910303235}},{"name":"FR(FeatureD)","cat":"Feature","ph":"B","ts":5000326,"pid":3810131,"tid":3810131,"args":{"ID":1729382256910319619}},{"name":"FR(FeatureD)","cat":"Feature","ph":"E","ts":7000432,"pid":3810131,"tid":3810131,"args":{"ID":1729382256910319619}},{"name":"FR(FeatureC)","cat":"Feature","ph":"B","ts":7000434,"pid":3810131,"tid":3810131,"args":{"ID":1729382256910368771}},{"name":"FR(FeatureD)","cat":"Feature","ph":"B","ts":7000434,"pid":3810131,"tid":3810131,"args":{"ID":1729382256910385155}},{"name":"FR(FeatureC)","cat":"Feature","ph":"E","ts":7000462,"pid":3810131,"tid":3810131,"args":{"ID":1729382256910368771}},{"name":"FR(FeatureD)","cat":"Feature","ph":"E","ts":7000463,"pid":3810131,"tid":3810131,"args":{"ID":1729382256910385155}},{"name":"Base","cat":"Feature","ph":"E","ts":7000463,"pid":3810131,"tid":3810131,"args":{"ID":0}}],"stackFrames":{},"timestampUnit":"us"}