{ "traceEvents":[{"name":"Base","cat":"Feature","ph":"B","ts":0,"pid":3850836,"tid":3850836,"args":{"ID":0}},{"name":"FR(FeatureB)","cat":"Feature","ph":"B","ts":2000121,"pid":3850836,"tid":3850836,"args":{"ID":1729382256910286851}},{"name":"FR(FeatureB)","cat":"Feature","ph":"E","ts":4000216,"pid":3850836,"tid":3850836,"args":{"ID":1729382256910286851}},{"name":"FR(FeatureC)","cat":"Feature","ph":"B","ts":4000217,"pid":3850836,"tid":3850836,"args":{"ID":1729382256910303235}},{"name":"FR(FeatureC)","cat":"Feature","ph":"E","ts":5000326,"pid":3850836,"tid":3850836,"args":{"ID":1729382256910303235}},{"name":"FR(FeatureD)","cat":"Feature","ph":"B","ts":5000333,"pid":3850836,"tid":3850836,"args":{"ID":1729382256910319619}},{"name":"FR(FeatureD)","cat":"Feature","ph":"E","ts":7000446,"pid":3850836,"tid":3850836,"args":{"ID":1729382256910319619}},{"name":"FR(FeatureC)","cat":"Feature","ph":"B","ts":7000447,"pid":3850836,"tid":3850836,"args":{"ID":1729382256910368771}},{"name":"FR(FeatureD)","cat":"Feature","ph":"B","ts":7000447,"pid":3850836,"tid":3850836,"args":{"ID":1729382256910385155}},{"name":"FR(FeatureC)","cat":"Feature","ph":"E","ts":7000475,"pid":3850836,"tid":3850836,"args":{"ID":1729382256910368771}},{"name":"FR(FeatureD)","cat":"Feature","ph":"E","ts":7000476,"pid":3850836,"tid":3850836,"args":{"ID":1729382256910385155}},{"name":"Base","cat":"Feature","ph":"E","ts":7000477,"pid":3850836,"tid":3850836,"args":{"ID":0}}],"stackFrames":{},"timestampUnit":"us"}