{ "traceEvents":[{"name":"Base","cat":"Feature","ph":"B","ts":0,"pid":3833064,"tid":3833064,"args":{"ID":0}},{"name":"FR(FeatureB)","cat":"Feature","ph":"B","ts":2000115,"pid":3833064,"tid":3833064,"args":{"ID":1729382256910286851}},{"name":"FR(FeatureB)","cat":"Feature","ph":"E","ts":4000205,"pid":3833064,"tid":3833064,"args":{"ID":1729382256910286851}},{"name":"FR(FeatureC)","cat":"Feature","ph":"B","ts":4000205,"pid":3833064,"tid":3833064,"args":{"ID":1729382256910303235}},{"name":"FR(FeatureC)","cat":"Feature","ph":"E","ts":5000305,"pid":3833064,"tid":3833064,"args":{"ID":1729382256910303235}},{"name":"FR(FeatureD)","cat":"Feature","ph":"B","ts":5000310,"pid":3833064,"tid":3833064,"args":{"ID":1729382256910319619}},{"name":"FR(FeatureD)","cat":"Feature","ph":"E","ts":7000380,"pid":3833064,"tid":3833064,"args":{"ID":1729382256910319619}},{"name":"FR(FeatureC)","cat":"Feature","ph":"B","ts":7000381,"pid":3833064,"tid":3833064,"args":{"ID":1729382256910368771}},{"name":"FR(FeatureD)","cat":"Feature","ph":"B","ts":7000381,"pid":3833064,"tid":3833064,"args":{"ID":1729382256910385155}},{"name":"FR(FeatureC)","cat":"Feature","ph":"E","ts":7000407,"pid":3833064,"tid":3833064,"args":{"ID":1729382256910368771}},{"name":"FR(FeatureD)","cat":"Feature","ph":"E","ts":7000407,"pid":3833064,"tid":3833064,"args":{"ID":1729382256910385155}},{"name":"Base","cat":"Feature","ph":"E","ts":7000408,"pid":3833064,"tid":3833064,"args":{"ID":0}}],"stackFrames":{},"timestampUnit":"us"}