{ "traceEvents":[{"name":"Base","cat":"Feature","ph":"B","ts":0,"pid":3807348,"tid":3807348,"args":{"ID":0}},{"name":"FR(FeatureB)","cat":"Feature","ph":"B","ts":2000120,"pid":3807348,"tid":3807348,"args":{"ID":1729382256910286851}},{"name":"FR(FeatureB)","cat":"Feature","ph":"E","ts":4000225,"pid":3807348,"tid":3807348,"args":{"ID":1729382256910286851}},{"name":"FR(FeatureC)","cat":"Feature","ph":"B","ts":4000225,"pid":3807348,"tid":3807348,"args":{"ID":1729382256910303235}},{"name":"FR(FeatureC)","cat":"Feature","ph":"E","ts":5000336,"pid":3807348,"tid":3807348,"args":{"ID":1729382256910303235}},{"name":"FR(FeatureD)","cat":"Feature","ph":"B","ts":5000342,"pid":3807348,"tid":3807348,"args":{"ID":1729382256910319619}},{"name":"FR(FeatureD)","cat":"Feature","ph":"E","ts":7000462,"pid":3807348,"tid":3807348,"args":{"ID":1729382256910319619}},{"name":"FR(FeatureC)","cat":"Feature","ph":"B","ts":7000464,"pid":3807348,"tid":3807348,"args":{"ID":1729382256910368771}},{"name":"FR(FeatureD)","cat":"Feature","ph":"B","ts":7000465,"pid":3807348,"tid":3807348,"args":{"ID":1729382256910385155}},{"name":"FR(FeatureC)","cat":"Feature","ph":"E","ts":7000502,"pid":3807348,"tid":3807348,"args":{"ID":1729382256910368771}},{"name":"FR(FeatureD)","cat":"Feature","ph":"E","ts":7000503,"pid":3807348,"tid":3807348,"args":{"ID":1729382256910385155}},{"name":"Base","cat":"Feature","ph":"E","ts":7000503,"pid":3807348,"tid":3807348,"args":{"ID":0}}],"stackFrames":{},"timestampUnit":"us"}