{ "traceEvents":[{"name":"Base","cat":"Feature","ph":"B","ts":0,"pid":3820273,"tid":3820273,"args":{"ID":0}},{"name":"FR(FeatureB)","cat":"Feature","ph":"B","ts":2000101,"pid":3820273,"tid":3820273,"args":{"ID":1729382256910286851}},{"name":"FR(FeatureB)","cat":"Feature","ph":"E","ts":4000198,"pid":3820273,"tid":3820273,"args":{"ID":1729382256910286851}},{"name":"FR(FeatureC)","cat":"Feature","ph":"B","ts":4000199,"pid":3820273,"tid":3820273,"args":{"ID":1729382256910303235}},{"name":"FR(FeatureC)","cat":"Feature","ph":"E","ts":5000278,"pid":3820273,"tid":3820273,"args":{"ID":1729382256910303235}},{"name":"FR(FeatureD)","cat":"Feature","ph":"B","ts":5000286,"pid":3820273,"tid":3820273,"args":{"ID":1729382256910319619}},{"name":"FR(FeatureD)","cat":"Feature","ph":"E","ts":7000368,"pid":3820273,"tid":3820273,"args":{"ID":1729382256910319619}},{"name":"FR(FeatureC)","cat":"Feature","ph":"B","ts":7000369,"pid":3820273,"tid":3820273,"args":{"ID":1729382256910368771}},{"name":"FR(FeatureD)","cat":"Feature","ph":"B","ts":7000369,"pid":3820273,"tid":3820273,"args":{"ID":1729382256910385155}},{"name":"FR(FeatureC)","cat":"Feature","ph":"E","ts":7000390,"pid":3820273,"tid":3820273,"args":{"ID":1729382256910368771}},{"name":"FR(FeatureD)","cat":"Feature","ph":"E","ts":7000391,"pid":3820273,"tid":3820273,"args":{"ID":1729382256910385155}},{"name":"Base","cat":"Feature","ph":"E","ts":7000391,"pid":3820273,"tid":3820273,"args":{"ID":0}}],"stackFrames":{},"timestampUnit":"us"}