{ "traceEvents":[{"name":"Base","cat":"Feature","ph":"B","ts":0,"pid":3797148,"tid":3797148,"args":{"ID":0}},{"name":"FR(FeatureB)","cat":"Feature","ph":"B","ts":2000140,"pid":3797148,"tid":3797148,"args":{"ID":1729382256910286851}},{"name":"FR(FeatureB)","cat":"Feature","ph":"E","ts":4000249,"pid":3797148,"tid":3797148,"args":{"ID":1729382256910286851}},{"name":"FR(FeatureC)","cat":"Feature","ph":"B","ts":4000250,"pid":3797148,"tid":3797148,"args":{"ID":1729382256910303235}},{"name":"FR(FeatureC)","cat":"Feature","ph":"E","ts":5000336,"pid":3797148,"tid":3797148,"args":{"ID":1729382256910303235}},{"name":"FR(FeatureD)","cat":"Feature","ph":"B","ts":5000345,"pid":3797148,"tid":3797148,"args":{"ID":1729382256910319619}},{"name":"FR(FeatureD)","cat":"Feature","ph":"E","ts":7000453,"pid":3797148,"tid":3797148,"args":{"ID":1729382256910319619}},{"name":"FR(FeatureC)","cat":"Feature","ph":"B","ts":7000453,"pid":3797148,"tid":3797148,"args":{"ID":1729382256910368771}},{"name":"FR(FeatureD)","cat":"Feature","ph":"B","ts":7000454,"pid":3797148,"tid":3797148,"args":{"ID":1729382256910385155}},{"name":"FR(FeatureC)","cat":"Feature","ph":"E","ts":7000481,"pid":3797148,"tid":3797148,"args":{"ID":1729382256910368771}},{"name":"FR(FeatureD)","cat":"Feature","ph":"E","ts":7000482,"pid":3797148,"tid":3797148,"args":{"ID":1729382256910385155}},{"name":"Base","cat":"Feature","ph":"E","ts":7000482,"pid":3797148,"tid":3797148,"args":{"ID":0}}],"stackFrames":{},"timestampUnit":"us"}