{ "traceEvents":[{"name":"Base","cat":"Feature","ph":"B","ts":0,"pid":1260537,"tid":1260537,"args":{"ID":0}},{"name":"FR(FeatureA)","cat":"Feature","ph":"B","ts":2000142,"pid":1260537,"tid":1260537,"args":{"ID":1729382256910270467}},{"name":"FR(FeatureA)","cat":"Feature","ph":"E","ts":2000143,"pid":1260537,"tid":1260537,"args":{"ID":1729382256910270467}},{"name":"FR(FeatureB)","cat":"Feature","ph":"B","ts":3000253,"pid":1260537,"tid":1260537,"args":{"ID":1729382256910286851}},{"name":"FR(FeatureB)","cat":"Feature","ph":"E","ts":3000254,"pid":1260537,"tid":1260537,"args":{"ID":1729382256910286851}},{"name":"FR(FeatureA)","cat":"Feature","ph":"E","ts":3000265,"pid":1260537,"tid":1260537,"args":{"ID":1729382256910270467}},{"name":"FR(FeatureC)","cat":"Feature","ph":"B","ts":5000380,"pid":1260537,"tid":1260537,"args":{"ID":1729382256910303235}},{"name":"FR(FeatureC)","cat":"Feature","ph":"E","ts":5000381,"pid":1260537,"tid":1260537,"args":{"ID":1729382256910303235}},{"name":"FR(FeatureB)","cat":"Feature","ph":"E","ts":5000381,"pid":1260537,"tid":1260537,"args":{"ID":1729382256910286851}},{"name":"FR(FeatureA)","cat":"Feature","ph":"E","ts":5000382,"pid":1260537,"tid":1260537,"args":{"ID":1729382256910270467}},{"name":"FR(FeatureC)","cat":"Feature","ph":"E","ts":6000489,"pid":1260537,"tid":1260537,"args":{"ID":1729382256910303235}},{"name":"FR(FeatureB)","cat":"Feature","ph":"E","ts":6000490,"pid":1260537,"tid":1260537,"args":{"ID":1729382256910286851}},{"name":"FR(FeatureA)","cat":"Feature","ph":"E","ts":6000490,"pid":1260537,"tid":1260537,"args":{"ID":1729382256910270467}},{"name":"FR(FeatureC)","cat":"Feature","ph":"E","ts":6000491,"pid":1260537,"tid":1260537,"args":{"ID":1729382256910303235}},{"name":"FR(FeatureB)","cat":"Feature","ph":"E","ts":6000491,"pid":1260537,"tid":1260537,"args":{"ID":1729382256910286851}},{"name":"FR(FeatureA)","cat":"Feature","ph":"E","ts":6000492,"pid":1260537,"tid":1260537,"args":{"ID":1729382256910270467}},{"name":"FR(FeatureC)","cat":"Feature","ph":"E","ts":8000590,"pid":1260537,"tid":1260537,"args":{"ID":1729382256910303235}},{"name":"FR(FeatureB)","cat":"Feature","ph":"E","ts":8000592,"pid":1260537,"tid":1260537,"args":{"ID":1729382256910286851}},{"name":"FR(FeatureA)","cat":"Feature","ph":"E","ts":8000592,"pid":1260537,"tid":1260537,"args":{"ID":1729382256910270467}},{"name":"FR(FeatureC)","cat":"Feature","ph":"E","ts":8000593,"pid":1260537,"tid":1260537,"args":{"ID":1729382256910303235}},{"name":"FR(FeatureB)","cat":"Feature","ph":"E","ts":8000593,"pid":1260537,"tid":1260537,"args":{"ID":1729382256910286851}},{"name":"FR(FeatureA)","cat":"Feature","ph":"E","ts":8000594,"pid":1260537,"tid":1260537,"args":{"ID":1729382256910270467}},{"name":"FR(FeatureA)","cat":"Feature","ph":"B","ts":9000685,"pid":1260537,"tid":1260537,"args":{"ID":1729382256910319619}},{"name":"FR(FeatureB)","cat":"Feature","ph":"B","ts":9000685,"pid":1260537,"tid":1260537,"args":{"ID":1729382256910336003}},{"name":"FR(FeatureB)","cat":"Feature","ph":"E","ts":9000686,"pid":1260537,"tid":1260537,"args":{"ID":1729382256910336003}},{"name":"FR(FeatureA)","cat":"Feature","ph":"E","ts":9000686,"pid":1260537,"tid":1260537,"args":{"ID":1729382256910319619}},{"name":"FR(FeatureC)","cat":"Feature","ph":"E","ts":9000686,"pid":1260537,"tid":1260537,"args":{"ID":1729382256910303235}},{"name":"FR(FeatureB)","cat":"Feature","ph":"E","ts":9000687,"pid":1260537,"tid":1260537,"args":{"ID":1729382256910286851}},{"name":"FR(FeatureA)","cat":"Feature","ph":"E","ts":9000687,"pid":1260537,"tid":1260537,"args":{"ID":1729382256910270467}},{"name":"FR(FeatureB)","cat":"Feature","ph":"E","ts":11000794,"pid":1260537,"tid":1260537,"args":{"ID":1729382256910336003}},{"name":"FR(FeatureC)","cat":"Feature","ph":"B","ts":11000796,"pid":1260537,"tid":1260537,"args":{"ID":1729382256910352387}},{"name":"FR(FeatureC)","cat":"Feature","ph":"E","ts":11000797,"pid":1260537,"tid":1260537,"args":{"ID":1729382256910352387}},{"name":"FR(FeatureA)","cat":"Feature","ph":"E","ts":11000797,"pid":1260537,"tid":1260537,"args":{"ID":1729382256910319619}},{"name":"FR(FeatureC)","cat":"Feature","ph":"E","ts":11000797,"pid":1260537,"tid":1260537,"args":{"ID":1729382256910303235}},{"name":"FR(FeatureB)","cat":"Feature","ph":"E","ts":11000798,"pid":1260537,"tid":1260537,"args":{"ID":1729382256910286851}},{"name":"FR(FeatureA)","cat":"Feature","ph":"E","ts":11000798,"pid":1260537,"tid":1260537,"args":{"ID":1729382256910270467}},{"name":"FR(FeatureC)","cat":"Feature","ph":"E","ts":11000799,"pid":1260537,"tid":1260537,"args":{"ID":1729382256910352387}},{"name":"FR(FeatureA)","cat":"Feature","ph":"E","ts":11000799,"pid":1260537,"tid":1260537,"args":{"ID":1729382256910319619}},{"name":"FR(FeatureC)","cat":"Feature","ph":"E","ts":11000800,"pid":1260537,"tid":1260537,"args":{"ID":1729382256910303235}},{"name":"FR(FeatureB)","cat":"Feature","ph":"E","ts":11000800,"pid":1260537,"tid":1260537,"args":{"ID":1729382256910286851}},{"name":"FR(FeatureA)","cat":"Feature","ph":"E","ts":11000801,"pid":1260537,"tid":1260537,"args":{"ID":1729382256910270467}},{"name":"FR(FeatureC)","cat":"Feature","ph":"E","ts":11000826,"pid":1260537,"tid":1260537,"args":{"ID":1729382256910352387}},{"name":"FR(FeatureA)","cat":"Feature","ph":"E","ts":11000826,"pid":1260537,"tid":1260537,"args":{"ID":1729382256910319619}},{"name":"FR(FeatureC)","cat":"Feature","ph":"E","ts":11000827,"pid":1260537,"tid":1260537,"args":{"ID":1729382256910303235}},{"name":"FR(FeatureB)","cat":"Feature","ph":"E","ts":11000828,"pid":1260537,"tid":1260537,"args":{"ID":1729382256910286851}},{"name":"FR(FeatureA)","cat":"Feature","ph":"E","ts":11000828,"pid":1260537,"tid":1260537,"args":{"ID":1729382256910270467}},{"name":"Base","cat":"Feature","ph":"E","ts":11000829,"pid":1260537,"tid":1260537,"args":{"ID":0}}],"stackFrames":{},"timestampUnit":"us"}