{ "traceEvents":[{"name":"Base","cat":"Feature","ph":"B","ts":0,"pid":1255376,"tid":1255376,"args":{"ID":0}},{"name":"FR(FeatureA)","cat":"Feature","ph":"B","ts":2000139,"pid":1255376,"tid":1255376,"args":{"ID":1729382256910270467}},{"name":"FR(FeatureA)","cat":"Feature","ph":"E","ts":2000140,"pid":1255376,"tid":1255376,"args":{"ID":1729382256910270467}},{"name":"FR(FeatureB)","cat":"Feature","ph":"B","ts":3000246,"pid":1255376,"tid":1255376,"args":{"ID":1729382256910286851}},{"name":"FR(FeatureB)","cat":"Feature","ph":"E","ts":3000246,"pid":1255376,"tid":1255376,"args":{"ID":1729382256910286851}},{"name":"FR(FeatureA)","cat":"Feature","ph":"E","ts":3000256,"pid":1255376,"tid":1255376,"args":{"ID":1729382256910270467}},{"name":"FR(FeatureC)","cat":"Feature","ph":"B","ts":5000363,"pid":1255376,"tid":1255376,"args":{"ID":1729382256910303235}},{"name":"FR(FeatureC)","cat":"Feature","ph":"E","ts":5000365,"pid":1255376,"tid":1255376,"args":{"ID":1729382256910303235}},{"name":"FR(FeatureB)","cat":"Feature","ph":"E","ts":5000365,"pid":1255376,"tid":1255376,"args":{"ID":1729382256910286851}},{"name":"FR(FeatureA)","cat":"Feature","ph":"E","ts":5000366,"pid":1255376,"tid":1255376,"args":{"ID":1729382256910270467}},{"name":"FR(FeatureC)","cat":"Feature","ph":"E","ts":6000478,"pid":1255376,"tid":1255376,"args":{"ID":1729382256910303235}},{"name":"FR(FeatureB)","cat":"Feature","ph":"E","ts":6000481,"pid":1255376,"tid":1255376,"args":{"ID":1729382256910286851}},{"name":"FR(FeatureA)","cat":"Feature","ph":"E","ts":6000481,"pid":1255376,"tid":1255376,"args":{"ID":1729382256910270467}},{"name":"FR(FeatureC)","cat":"Feature","ph":"E","ts":6000482,"pid":1255376,"tid":1255376,"args":{"ID":1729382256910303235}},{"name":"FR(FeatureB)","cat":"Feature","ph":"E","ts":6000482,"pid":1255376,"tid":1255376,"args":{"ID":1729382256910286851}},{"name":"FR(FeatureA)","cat":"Feature","ph":"E","ts":6000483,"pid":1255376,"tid":1255376,"args":{"ID":1729382256910270467}},{"name":"FR(FeatureC)","cat":"Feature","ph":"E","ts":8000598,"pid":1255376,"tid":1255376,"args":{"ID":1729382256910303235}},{"name":"FR(FeatureB)","cat":"Feature","ph":"E","ts":8000600,"pid":1255376,"tid":1255376,"args":{"ID":1729382256910286851}},{"name":"FR(FeatureA)","cat":"Feature","ph":"E","ts":8000601,"pid":1255376,"tid":1255376,"args":{"ID":1729382256910270467}},{"name":"FR(FeatureC)","cat":"Feature","ph":"E","ts":8000602,"pid":1255376,"tid":1255376,"args":{"ID":1729382256910303235}},{"name":"FR(FeatureB)","cat":"Feature","ph":"E","ts":8000602,"pid":1255376,"tid":1255376,"args":{"ID":1729382256910286851}},{"name":"FR(FeatureA)","cat":"Feature","ph":"E","ts":8000602,"pid":1255376,"tid":1255376,"args":{"ID":1729382256910270467}},{"name":"FR(FeatureA)","cat":"Feature","ph":"B","ts":9000720,"pid":1255376,"tid":1255376,"args":{"ID":1729382256910319619}},{"name":"FR(FeatureB)","cat":"Feature","ph":"B","ts":9000722,"pid":1255376,"tid":1255376,"args":{"ID":1729382256910336003}},{"name":"FR(FeatureB)","cat":"Feature","ph":"E","ts":9000722,"pid":1255376,"tid":1255376,"args":{"ID":1729382256910336003}},{"name":"FR(FeatureA)","cat":"Feature","ph":"E","ts":9000723,"pid":1255376,"tid":1255376,"args":{"ID":1729382256910319619}},{"name":"FR(FeatureC)","cat":"Feature","ph":"E","ts":9000723,"pid":1255376,"tid":1255376,"args":{"ID":1729382256910303235}},{"name":"FR(FeatureB)","cat":"Feature","ph":"E","ts":9000723,"pid":1255376,"tid":1255376,"args":{"ID":1729382256910286851}},{"name":"FR(FeatureA)","cat":"Feature","ph":"E","ts":9000723,"pid":1255376,"tid":1255376,"args":{"ID":1729382256910270467}},{"name":"FR(FeatureB)","cat":"Feature","ph":"E","ts":11000825,"pid":1255376,"tid":1255376,"args":{"ID":1729382256910336003}},{"name":"FR(FeatureC)","cat":"Feature","ph":"B","ts":11000827,"pid":1255376,"tid":1255376,"args":{"ID":1729382256910352387}},{"name":"FR(FeatureC)","cat":"Feature","ph":"E","ts":11000827,"pid":1255376,"tid":1255376,"args":{"ID":1729382256910352387}},{"name":"FR(FeatureA)","cat":"Feature","ph":"E","ts":11000828,"pid":1255376,"tid":1255376,"args":{"ID":1729382256910319619}},{"name":"FR(FeatureC)","cat":"Feature","ph":"E","ts":11000828,"pid":1255376,"tid":1255376,"args":{"ID":1729382256910303235}},{"name":"FR(FeatureB)","cat":"Feature","ph":"E","ts":11000828,"pid":1255376,"tid":1255376,"args":{"ID":1729382256910286851}},{"name":"FR(FeatureA)","cat":"Feature","ph":"E","ts":11000829,"pid":1255376,"tid":1255376,"args":{"ID":1729382256910270467}},{"name":"FR(FeatureC)","cat":"Feature","ph":"E","ts":11000829,"pid":1255376,"tid":1255376,"args":{"ID":1729382256910352387}},{"name":"FR(FeatureA)","cat":"Feature","ph":"E","ts":11000830,"pid":1255376,"tid":1255376,"args":{"ID":1729382256910319619}},{"name":"FR(FeatureC)","cat":"Feature","ph":"E","ts":11000830,"pid":1255376,"tid":1255376,"args":{"ID":1729382256910303235}},{"name":"FR(FeatureB)","cat":"Feature","ph":"E","ts":11000830,"pid":1255376,"tid":1255376,"args":{"ID":1729382256910286851}},{"name":"FR(FeatureA)","cat":"Feature","ph":"E","ts":11000831,"pid":1255376,"tid":1255376,"args":{"ID":1729382256910270467}},{"name":"FR(FeatureC)","cat":"Feature","ph":"E","ts":11000855,"pid":1255376,"tid":1255376,"args":{"ID":1729382256910352387}},{"name":"FR(FeatureA)","cat":"Feature","ph":"E","ts":11000856,"pid":1255376,"tid":1255376,"args":{"ID":1729382256910319619}},{"name":"FR(FeatureC)","cat":"Feature","ph":"E","ts":11000857,"pid":1255376,"tid":1255376,"args":{"ID":1729382256910303235}},{"name":"FR(FeatureB)","cat":"Feature","ph":"E","ts":11000857,"pid":1255376,"tid":1255376,"args":{"ID":1729382256910286851}},{"name":"FR(FeatureA)","cat":"Feature","ph":"E","ts":11000858,"pid":1255376,"tid":1255376,"args":{"ID":1729382256910270467}},{"name":"Base","cat":"Feature","ph":"E","ts":11000859,"pid":1255376,"tid":1255376,"args":{"ID":0}}],"stackFrames":{},"timestampUnit":"us"}