{ "traceEvents":[{"name":"Base","cat":"Feature","ph":"B","ts":0,"pid":3103702,"tid":3103702,"args":{"ID":0}},{"name":"FR(FeatureC)","cat":"Feature","ph":"B","ts":2000120,"pid":3103702,"tid":3103702,"args":{"ID":1729382256910303235}},{"name":"FR(FeatureC)","cat":"Feature","ph":"E","ts":3000227,"pid":3103702,"tid":3103702,"args":{"ID":1729382256910303235}},{"name":"FR(FeatureD)","cat":"Feature","ph":"B","ts":3000228,"pid":3103702,"tid":3103702,"args":{"ID":1729382256910319619}},{"name":"FR(FeatureD)","cat":"Feature","ph":"E","ts":5000312,"pid":3103702,"tid":3103702,"args":{"ID":1729382256910319619}},{"name":"FR(FeatureC)","cat":"Feature","ph":"B","ts":5000322,"pid":3103702,"tid":3103702,"args":{"ID":1729382256910368771}},{"name":"FR(FeatureD)","cat":"Feature","ph":"B","ts":5000323,"pid":3103702,"tid":3103702,"args":{"ID":1729382256910385155}},{"name":"FR(FeatureC)","cat":"Feature","ph":"E","ts":5000343,"pid":3103702,"tid":3103702,"args":{"ID":1729382256910368771}},{"name":"FR(FeatureD)","cat":"Feature","ph":"E","ts":5000343,"pid":3103702,"tid":3103702,"args":{"ID":1729382256910385155}},{"name":"Base","cat":"Feature","ph":"E","ts":5000344,"pid":3103702,"tid":3103702,"args":{"ID":0}}],"stackFrames":{},"timestampUnit":"us"}