{ "traceEvents":[{"name":"Base","cat":"Feature","ph":"B","ts":0,"pid":3139570,"tid":3139570,"args":{"ID":0}},{"name":"FR(FeatureC)","cat":"Feature","ph":"B","ts":2000127,"pid":3139570,"tid":3139570,"args":{"ID":1729382256910303235}},{"name":"FR(FeatureC)","cat":"Feature","ph":"E","ts":3000231,"pid":3139570,"tid":3139570,"args":{"ID":1729382256910303235}},{"name":"FR(FeatureD)","cat":"Feature","ph":"B","ts":3000232,"pid":3139570,"tid":3139570,"args":{"ID":1729382256910319619}},{"name":"FR(FeatureD)","cat":"Feature","ph":"E","ts":5000329,"pid":3139570,"tid":3139570,"args":{"ID":1729382256910319619}},{"name":"FR(FeatureC)","cat":"Feature","ph":"B","ts":5000334,"pid":3139570,"tid":3139570,"args":{"ID":1729382256910368771}},{"name":"FR(FeatureD)","cat":"Feature","ph":"B","ts":5000335,"pid":3139570,"tid":3139570,"args":{"ID":1729382256910385155}},{"name":"FR(FeatureC)","cat":"Feature","ph":"E","ts":5000360,"pid":3139570,"tid":3139570,"args":{"ID":1729382256910368771}},{"name":"FR(FeatureD)","cat":"Feature","ph":"E","ts":5000360,"pid":3139570,"tid":3139570,"args":{"ID":1729382256910385155}},{"name":"Base","cat":"Feature","ph":"E","ts":5000361,"pid":3139570,"tid":3139570,"args":{"ID":0}}],"stackFrames":{},"timestampUnit":"us"}