{ "traceEvents":[{"name":"Base","cat":"Feature","ph":"B","ts":0,"pid":3108620,"tid":3108620,"args":{"ID":0}},{"name":"FR(FeatureC)","cat":"Feature","ph":"B","ts":2000117,"pid":3108620,"tid":3108620,"args":{"ID":1729382256910303235}},{"name":"FR(FeatureC)","cat":"Feature","ph":"E","ts":3000212,"pid":3108620,"tid":3108620,"args":{"ID":1729382256910303235}},{"name":"FR(FeatureD)","cat":"Feature","ph":"B","ts":3000212,"pid":3108620,"tid":3108620,"args":{"ID":1729382256910319619}},{"name":"FR(FeatureD)","cat":"Feature","ph":"E","ts":5000312,"pid":3108620,"tid":3108620,"args":{"ID":1729382256910319619}},{"name":"FR(FeatureC)","cat":"Feature","ph":"B","ts":5000318,"pid":3108620,"tid":3108620,"args":{"ID":1729382256910368771}},{"name":"FR(FeatureD)","cat":"Feature","ph":"B","ts":5000318,"pid":3108620,"tid":3108620,"args":{"ID":1729382256910385155}},{"name":"FR(FeatureC)","cat":"Feature","ph":"E","ts":5000343,"pid":3108620,"tid":3108620,"args":{"ID":1729382256910368771}},{"name":"FR(FeatureD)","cat":"Feature","ph":"E","ts":5000344,"pid":3108620,"tid":3108620,"args":{"ID":1729382256910385155}},{"name":"Base","cat":"Feature","ph":"E","ts":5000344,"pid":3108620,"tid":3108620,"args":{"ID":0}}],"stackFrames":{},"timestampUnit":"us"}