{ "traceEvents":[{"name":"Base","cat":"Feature","ph":"B","ts":0,"pid":3137652,"tid":3137652,"args":{"ID":0}},{"name":"FR(FeatureC)","cat":"Feature","ph":"B","ts":2000132,"pid":3137652,"tid":3137652,"args":{"ID":1729382256910303235}},{"name":"FR(FeatureC)","cat":"Feature","ph":"E","ts":3000236,"pid":3137652,"tid":3137652,"args":{"ID":1729382256910303235}},{"name":"FR(FeatureD)","cat":"Feature","ph":"B","ts":3000236,"pid":3137652,"tid":3137652,"args":{"ID":1729382256910319619}},{"name":"FR(FeatureD)","cat":"Feature","ph":"E","ts":5000331,"pid":3137652,"tid":3137652,"args":{"ID":1729382256910319619}},{"name":"FR(FeatureC)","cat":"Feature","ph":"B","ts":5000347,"pid":3137652,"tid":3137652,"args":{"ID":1729382256910368771}},{"name":"FR(FeatureD)","cat":"Feature","ph":"B","ts":5000347,"pid":3137652,"tid":3137652,"args":{"ID":1729382256910385155}},{"name":"FR(FeatureC)","cat":"Feature","ph":"E","ts":5000368,"pid":3137652,"tid":3137652,"args":{"ID":1729382256910368771}},{"name":"FR(FeatureD)","cat":"Feature","ph":"E","ts":5000369,"pid":3137652,"tid":3137652,"args":{"ID":1729382256910385155}},{"name":"Base","cat":"Feature","ph":"E","ts":5000369,"pid":3137652,"tid":3137652,"args":{"ID":0}}],"stackFrames":{},"timestampUnit":"us"}