{ "traceEvents":[{"name":"Base","cat":"Feature","ph":"B","ts":0,"pid":3142403,"tid":3142403,"args":{"ID":0}},{"name":"FR(FeatureC)","cat":"Feature","ph":"B","ts":2000113,"pid":3142403,"tid":3142403,"args":{"ID":1729382256910303235}},{"name":"FR(FeatureC)","cat":"Feature","ph":"E","ts":3000205,"pid":3142403,"tid":3142403,"args":{"ID":1729382256910303235}},{"name":"FR(FeatureD)","cat":"Feature","ph":"B","ts":3000205,"pid":3142403,"tid":3142403,"args":{"ID":1729382256910319619}},{"name":"FR(FeatureD)","cat":"Feature","ph":"E","ts":5000304,"pid":3142403,"tid":3142403,"args":{"ID":1729382256910319619}},{"name":"FR(FeatureC)","cat":"Feature","ph":"B","ts":5000310,"pid":3142403,"tid":3142403,"args":{"ID":1729382256910368771}},{"name":"FR(FeatureD)","cat":"Feature","ph":"B","ts":5000311,"pid":3142403,"tid":3142403,"args":{"ID":1729382256910385155}},{"name":"FR(FeatureC)","cat":"Feature","ph":"E","ts":5000338,"pid":3142403,"tid":3142403,"args":{"ID":1729382256910368771}},{"name":"FR(FeatureD)","cat":"Feature","ph":"E","ts":5000338,"pid":3142403,"tid":3142403,"args":{"ID":1729382256910385155}},{"name":"Base","cat":"Feature","ph":"E","ts":5000339,"pid":3142403,"tid":3142403,"args":{"ID":0}}],"stackFrames":{},"timestampUnit":"us"}