{ "traceEvents":[{"name":"Base","cat":"Feature","ph":"B","ts":0,"pid":3164920,"tid":3164920,"args":{"ID":0}},{"name":"FR(FeatureC)","cat":"Feature","ph":"B","ts":2000115,"pid":3164920,"tid":3164920,"args":{"ID":1729382256910303235}},{"name":"FR(FeatureC)","cat":"Feature","ph":"E","ts":3000206,"pid":3164920,"tid":3164920,"args":{"ID":1729382256910303235}},{"name":"FR(FeatureD)","cat":"Feature","ph":"B","ts":3000207,"pid":3164920,"tid":3164920,"args":{"ID":1729382256910319619}},{"name":"FR(FeatureD)","cat":"Feature","ph":"E","ts":5000303,"pid":3164920,"tid":3164920,"args":{"ID":1729382256910319619}},{"name":"FR(FeatureC)","cat":"Feature","ph":"B","ts":5000311,"pid":3164920,"tid":3164920,"args":{"ID":1729382256910368771}},{"name":"FR(FeatureD)","cat":"Feature","ph":"B","ts":5000312,"pid":3164920,"tid":3164920,"args":{"ID":1729382256910385155}},{"name":"FR(FeatureC)","cat":"Feature","ph":"E","ts":5000330,"pid":3164920,"tid":3164920,"args":{"ID":1729382256910368771}},{"name":"FR(FeatureD)","cat":"Feature","ph":"E","ts":5000331,"pid":3164920,"tid":3164920,"args":{"ID":1729382256910385155}},{"name":"Base","cat":"Feature","ph":"E","ts":5000332,"pid":3164920,"tid":3164920,"args":{"ID":0}}],"stackFrames":{},"timestampUnit":"us"}