{ "traceEvents":[{"name":"Base","cat":"Feature","ph":"B","ts":0,"pid":3149086,"tid":3149086,"args":{"ID":0}},{"name":"FR(FeatureC)","cat":"Feature","ph":"B","ts":2000114,"pid":3149086,"tid":3149086,"args":{"ID":1729382256910303235}},{"name":"FR(FeatureC)","cat":"Feature","ph":"E","ts":3000206,"pid":3149086,"tid":3149086,"args":{"ID":1729382256910303235}},{"name":"FR(FeatureD)","cat":"Feature","ph":"B","ts":3000207,"pid":3149086,"tid":3149086,"args":{"ID":1729382256910319619}},{"name":"FR(FeatureD)","cat":"Feature","ph":"E","ts":5000293,"pid":3149086,"tid":3149086,"args":{"ID":1729382256910319619}},{"name":"FR(FeatureC)","cat":"Feature","ph":"B","ts":5000301,"pid":3149086,"tid":3149086,"args":{"ID":1729382256910368771}},{"name":"FR(FeatureD)","cat":"Feature","ph":"B","ts":5000301,"pid":3149086,"tid":3149086,"args":{"ID":1729382256910385155}},{"name":"FR(FeatureC)","cat":"Feature","ph":"E","ts":5000322,"pid":3149086,"tid":3149086,"args":{"ID":1729382256910368771}},{"name":"FR(FeatureD)","cat":"Feature","ph":"E","ts":5000323,"pid":3149086,"tid":3149086,"args":{"ID":1729382256910385155}},{"name":"Base","cat":"Feature","ph":"E","ts":5000324,"pid":3149086,"tid":3149086,"args":{"ID":0}}],"stackFrames":{},"timestampUnit":"us"}