{ "traceEvents":[{"name":"Base","cat":"Feature","ph":"B","ts":0,"pid":3125343,"tid":3125343,"args":{"ID":0}},{"name":"FR(FeatureC)","cat":"Feature","ph":"B","ts":2000143,"pid":3125343,"tid":3125343,"args":{"ID":1729382256910303235}},{"name":"FR(FeatureC)","cat":"Feature","ph":"E","ts":3000260,"pid":3125343,"tid":3125343,"args":{"ID":1729382256910303235}},{"name":"FR(FeatureD)","cat":"Feature","ph":"B","ts":3000260,"pid":3125343,"tid":3125343,"args":{"ID":1729382256910319619}},{"name":"FR(FeatureD)","cat":"Feature","ph":"E","ts":5000382,"pid":3125343,"tid":3125343,"args":{"ID":1729382256910319619}},{"name":"FR(FeatureC)","cat":"Feature","ph":"B","ts":5000390,"pid":3125343,"tid":3125343,"args":{"ID":1729382256910368771}},{"name":"FR(FeatureD)","cat":"Feature","ph":"B","ts":5000390,"pid":3125343,"tid":3125343,"args":{"ID":1729382256910385155}},{"name":"FR(FeatureC)","cat":"Feature","ph":"E","ts":5000411,"pid":3125343,"tid":3125343,"args":{"ID":1729382256910368771}},{"name":"FR(FeatureD)","cat":"Feature","ph":"E","ts":5000412,"pid":3125343,"tid":3125343,"args":{"ID":1729382256910385155}},{"name":"Base","cat":"Feature","ph":"E","ts":5000412,"pid":3125343,"tid":3125343,"args":{"ID":0}}],"stackFrames":{},"timestampUnit":"us"}