{ "traceEvents":[{"name":"Base","cat":"Feature","ph":"B","ts":0,"pid":3144462,"tid":3144462,"args":{"ID":0}},{"name":"FR(FeatureC)","cat":"Feature","ph":"B","ts":2000139,"pid":3144462,"tid":3144462,"args":{"ID":1729382256910303235}},{"name":"FR(FeatureC)","cat":"Feature","ph":"E","ts":3000238,"pid":3144462,"tid":3144462,"args":{"ID":1729382256910303235}},{"name":"FR(FeatureD)","cat":"Feature","ph":"B","ts":3000238,"pid":3144462,"tid":3144462,"args":{"ID":1729382256910319619}},{"name":"FR(FeatureD)","cat":"Feature","ph":"E","ts":5000328,"pid":3144462,"tid":3144462,"args":{"ID":1729382256910319619}},{"name":"FR(FeatureC)","cat":"Feature","ph":"B","ts":5000336,"pid":3144462,"tid":3144462,"args":{"ID":1729382256910368771}},{"name":"FR(FeatureD)","cat":"Feature","ph":"B","ts":5000337,"pid":3144462,"tid":3144462,"args":{"ID":1729382256910385155}},{"name":"FR(FeatureC)","cat":"Feature","ph":"E","ts":5000356,"pid":3144462,"tid":3144462,"args":{"ID":1729382256910368771}},{"name":"FR(FeatureD)","cat":"Feature","ph":"E","ts":5000357,"pid":3144462,"tid":3144462,"args":{"ID":1729382256910385155}},{"name":"Base","cat":"Feature","ph":"E","ts":5000357,"pid":3144462,"tid":3144462,"args":{"ID":0}}],"stackFrames":{},"timestampUnit":"us"}