{ "traceEvents":[{"name":"Base","cat":"Feature","ph":"B","ts":0,"pid":3113215,"tid":3113215,"args":{"ID":0}},{"name":"FR(FeatureC)","cat":"Feature","ph":"B","ts":2000117,"pid":3113215,"tid":3113215,"args":{"ID":1729382256910303235}},{"name":"FR(FeatureC)","cat":"Feature","ph":"E","ts":3000217,"pid":3113215,"tid":3113215,"args":{"ID":1729382256910303235}},{"name":"FR(FeatureD)","cat":"Feature","ph":"B","ts":3000218,"pid":3113215,"tid":3113215,"args":{"ID":1729382256910319619}},{"name":"FR(FeatureD)","cat":"Feature","ph":"E","ts":5000317,"pid":3113215,"tid":3113215,"args":{"ID":1729382256910319619}},{"name":"FR(FeatureC)","cat":"Feature","ph":"B","ts":5000326,"pid":3113215,"tid":3113215,"args":{"ID":1729382256910368771}},{"name":"FR(FeatureD)","cat":"Feature","ph":"B","ts":5000326,"pid":3113215,"tid":3113215,"args":{"ID":1729382256910385155}},{"name":"FR(FeatureC)","cat":"Feature","ph":"E","ts":5000356,"pid":3113215,"tid":3113215,"args":{"ID":1729382256910368771}},{"name":"FR(FeatureD)","cat":"Feature","ph":"E","ts":5000356,"pid":3113215,"tid":3113215,"args":{"ID":1729382256910385155}},{"name":"Base","cat":"Feature","ph":"E","ts":5000357,"pid":3113215,"tid":3113215,"args":{"ID":0}}],"stackFrames":{},"timestampUnit":"us"}