{ "traceEvents":[{"name":"Base","cat":"Feature","ph":"B","ts":0,"pid":3123217,"tid":3123217,"args":{"ID":0}},{"name":"FR(FeatureC)","cat":"Feature","ph":"B","ts":2000106,"pid":3123217,"tid":3123217,"args":{"ID":1729382256910303235}},{"name":"FR(FeatureC)","cat":"Feature","ph":"E","ts":3000196,"pid":3123217,"tid":3123217,"args":{"ID":1729382256910303235}},{"name":"FR(FeatureD)","cat":"Feature","ph":"B","ts":3000196,"pid":3123217,"tid":3123217,"args":{"ID":1729382256910319619}},{"name":"FR(FeatureD)","cat":"Feature","ph":"E","ts":5000279,"pid":3123217,"tid":3123217,"args":{"ID":1729382256910319619}},{"name":"FR(FeatureC)","cat":"Feature","ph":"B","ts":5000286,"pid":3123217,"tid":3123217,"args":{"ID":1729382256910368771}},{"name":"FR(FeatureD)","cat":"Feature","ph":"B","ts":5000287,"pid":3123217,"tid":3123217,"args":{"ID":1729382256910385155}},{"name":"FR(FeatureC)","cat":"Feature","ph":"E","ts":5000305,"pid":3123217,"tid":3123217,"args":{"ID":1729382256910368771}},{"name":"FR(FeatureD)","cat":"Feature","ph":"E","ts":5000306,"pid":3123217,"tid":3123217,"args":{"ID":1729382256910385155}},{"name":"Base","cat":"Feature","ph":"E","ts":5000306,"pid":3123217,"tid":3123217,"args":{"ID":0}}],"stackFrames":{},"timestampUnit":"us"}