{ "traceEvents":[{"name":"Base","cat":"Feature","ph":"B","ts":0,"pid":3160635,"tid":3160635,"args":{"ID":0}},{"name":"FR(FeatureC)","cat":"Feature","ph":"B","ts":2000104,"pid":3160635,"tid":3160635,"args":{"ID":1729382256910303235}},{"name":"FR(FeatureC)","cat":"Feature","ph":"E","ts":3000192,"pid":3160635,"tid":3160635,"args":{"ID":1729382256910303235}},{"name":"FR(FeatureD)","cat":"Feature","ph":"B","ts":3000193,"pid":3160635,"tid":3160635,"args":{"ID":1729382256910319619}},{"name":"FR(FeatureD)","cat":"Feature","ph":"E","ts":5000301,"pid":3160635,"tid":3160635,"args":{"ID":1729382256910319619}},{"name":"FR(FeatureC)","cat":"Feature","ph":"B","ts":5000308,"pid":3160635,"tid":3160635,"args":{"ID":1729382256910368771}},{"name":"FR(FeatureD)","cat":"Feature","ph":"B","ts":5000309,"pid":3160635,"tid":3160635,"args":{"ID":1729382256910385155}},{"name":"FR(FeatureC)","cat":"Feature","ph":"E","ts":5000335,"pid":3160635,"tid":3160635,"args":{"ID":1729382256910368771}},{"name":"FR(FeatureD)","cat":"Feature","ph":"E","ts":5000336,"pid":3160635,"tid":3160635,"args":{"ID":1729382256910385155}},{"name":"Base","cat":"Feature","ph":"E","ts":5000336,"pid":3160635,"tid":3160635,"args":{"ID":0}}],"stackFrames":{},"timestampUnit":"us"}