{ "traceEvents":[{"name":"Base","cat":"Feature","ph":"B","ts":0,"pid":3130340,"tid":3130340,"args":{"ID":0}},{"name":"FR(FeatureC)","cat":"Feature","ph":"B","ts":2000114,"pid":3130340,"tid":3130340,"args":{"ID":1729382256910303235}},{"name":"FR(FeatureC)","cat":"Feature","ph":"E","ts":3000207,"pid":3130340,"tid":3130340,"args":{"ID":1729382256910303235}},{"name":"FR(FeatureD)","cat":"Feature","ph":"B","ts":3000208,"pid":3130340,"tid":3130340,"args":{"ID":1729382256910319619}},{"name":"FR(FeatureD)","cat":"Feature","ph":"E","ts":5000314,"pid":3130340,"tid":3130340,"args":{"ID":1729382256910319619}},{"name":"FR(FeatureC)","cat":"Feature","ph":"B","ts":5000319,"pid":3130340,"tid":3130340,"args":{"ID":1729382256910368771}},{"name":"FR(FeatureD)","cat":"Feature","ph":"B","ts":5000320,"pid":3130340,"tid":3130340,"args":{"ID":1729382256910385155}},{"name":"FR(FeatureC)","cat":"Feature","ph":"E","ts":5000341,"pid":3130340,"tid":3130340,"args":{"ID":1729382256910368771}},{"name":"FR(FeatureD)","cat":"Feature","ph":"E","ts":5000342,"pid":3130340,"tid":3130340,"args":{"ID":1729382256910385155}},{"name":"Base","cat":"Feature","ph":"E","ts":5000343,"pid":3130340,"tid":3130340,"args":{"ID":0}}],"stackFrames":{},"timestampUnit":"us"}