{ "traceEvents":[{"name":"Base","cat":"Feature","ph":"B","ts":0,"pid":3169854,"tid":3169854,"args":{"ID":0}},{"name":"FR(FeatureC)","cat":"Feature","ph":"B","ts":2000120,"pid":3169854,"tid":3169854,"args":{"ID":1729382256910303235}},{"name":"FR(FeatureC)","cat":"Feature","ph":"E","ts":3000216,"pid":3169854,"tid":3169854,"args":{"ID":1729382256910303235}},{"name":"FR(FeatureD)","cat":"Feature","ph":"B","ts":3000217,"pid":3169854,"tid":3169854,"args":{"ID":1729382256910319619}},{"name":"FR(FeatureD)","cat":"Feature","ph":"E","ts":5000315,"pid":3169854,"tid":3169854,"args":{"ID":1729382256910319619}},{"name":"FR(FeatureC)","cat":"Feature","ph":"B","ts":5000321,"pid":3169854,"tid":3169854,"args":{"ID":1729382256910368771}},{"name":"FR(FeatureD)","cat":"Feature","ph":"B","ts":5000321,"pid":3169854,"tid":3169854,"args":{"ID":1729382256910385155}},{"name":"FR(FeatureC)","cat":"Feature","ph":"E","ts":5000343,"pid":3169854,"tid":3169854,"args":{"ID":1729382256910368771}},{"name":"FR(FeatureD)","cat":"Feature","ph":"E","ts":5000344,"pid":3169854,"tid":3169854,"args":{"ID":1729382256910385155}},{"name":"Base","cat":"Feature","ph":"E","ts":5000344,"pid":3169854,"tid":3169854,"args":{"ID":0}}],"stackFrames":{},"timestampUnit":"us"}