{ "traceEvents":[{"name":"Base","cat":"Feature","ph":"B","ts":0,"pid":3115511,"tid":3115511,"args":{"ID":0}},{"name":"FR(FeatureC)","cat":"Feature","ph":"B","ts":2000127,"pid":3115511,"tid":3115511,"args":{"ID":1729382256910303235}},{"name":"FR(FeatureC)","cat":"Feature","ph":"E","ts":3000226,"pid":3115511,"tid":3115511,"args":{"ID":1729382256910303235}},{"name":"FR(FeatureD)","cat":"Feature","ph":"B","ts":3000227,"pid":3115511,"tid":3115511,"args":{"ID":1729382256910319619}},{"name":"FR(FeatureD)","cat":"Feature","ph":"E","ts":5000315,"pid":3115511,"tid":3115511,"args":{"ID":1729382256910319619}},{"name":"FR(FeatureC)","cat":"Feature","ph":"B","ts":5000327,"pid":3115511,"tid":3115511,"args":{"ID":1729382256910368771}},{"name":"FR(FeatureD)","cat":"Feature","ph":"B","ts":5000327,"pid":3115511,"tid":3115511,"args":{"ID":1729382256910385155}},{"name":"FR(FeatureC)","cat":"Feature","ph":"E","ts":5000348,"pid":3115511,"tid":3115511,"args":{"ID":1729382256910368771}},{"name":"FR(FeatureD)","cat":"Feature","ph":"E","ts":5000349,"pid":3115511,"tid":3115511,"args":{"ID":1729382256910385155}},{"name":"Base","cat":"Feature","ph":"E","ts":5000350,"pid":3115511,"tid":3115511,"args":{"ID":0}}],"stackFrames":{},"timestampUnit":"us"}