{ "traceEvents":[{"name":"Base","cat":"Feature","ph":"B","ts":0,"pid":3106281,"tid":3106281,"args":{"ID":0}},{"name":"FR(FeatureC)","cat":"Feature","ph":"B","ts":2000118,"pid":3106281,"tid":3106281,"args":{"ID":1729382256910303235}},{"name":"FR(FeatureC)","cat":"Feature","ph":"E","ts":3000212,"pid":3106281,"tid":3106281,"args":{"ID":1729382256910303235}},{"name":"FR(FeatureD)","cat":"Feature","ph":"B","ts":3000212,"pid":3106281,"tid":3106281,"args":{"ID":1729382256910319619}},{"name":"FR(FeatureD)","cat":"Feature","ph":"E","ts":5000313,"pid":3106281,"tid":3106281,"args":{"ID":1729382256910319619}},{"name":"FR(FeatureC)","cat":"Feature","ph":"B","ts":5000318,"pid":3106281,"tid":3106281,"args":{"ID":1729382256910368771}},{"name":"FR(FeatureD)","cat":"Feature","ph":"B","ts":5000319,"pid":3106281,"tid":3106281,"args":{"ID":1729382256910385155}},{"name":"FR(FeatureC)","cat":"Feature","ph":"E","ts":5000341,"pid":3106281,"tid":3106281,"args":{"ID":1729382256910368771}},{"name":"FR(FeatureD)","cat":"Feature","ph":"E","ts":5000341,"pid":3106281,"tid":3106281,"args":{"ID":1729382256910385155}},{"name":"Base","cat":"Feature","ph":"E","ts":5000342,"pid":3106281,"tid":3106281,"args":{"ID":0}}],"stackFrames":{},"timestampUnit":"us"}