{ "traceEvents":[{"name":"Base","cat":"Feature","ph":"B","ts":0,"pid":3153475,"tid":3153475,"args":{"ID":0}},{"name":"FR(FeatureC)","cat":"Feature","ph":"B","ts":2000110,"pid":3153475,"tid":3153475,"args":{"ID":1729382256910303235}},{"name":"FR(FeatureC)","cat":"Feature","ph":"E","ts":3000199,"pid":3153475,"tid":3153475,"args":{"ID":1729382256910303235}},{"name":"FR(FeatureD)","cat":"Feature","ph":"B","ts":3000200,"pid":3153475,"tid":3153475,"args":{"ID":1729382256910319619}},{"name":"FR(FeatureD)","cat":"Feature","ph":"E","ts":5000306,"pid":3153475,"tid":3153475,"args":{"ID":1729382256910319619}},{"name":"FR(FeatureC)","cat":"Feature","ph":"B","ts":5000313,"pid":3153475,"tid":3153475,"args":{"ID":1729382256910368771}},{"name":"FR(FeatureD)","cat":"Feature","ph":"B","ts":5000314,"pid":3153475,"tid":3153475,"args":{"ID":1729382256910385155}},{"name":"FR(FeatureC)","cat":"Feature","ph":"E","ts":5000340,"pid":3153475,"tid":3153475,"args":{"ID":1729382256910368771}},{"name":"FR(FeatureD)","cat":"Feature","ph":"E","ts":5000340,"pid":3153475,"tid":3153475,"args":{"ID":1729382256910385155}},{"name":"Base","cat":"Feature","ph":"E","ts":5000341,"pid":3153475,"tid":3153475,"args":{"ID":0}}],"stackFrames":{},"timestampUnit":"us"}