{ "traceEvents":[{"name":"Base","cat":"Feature","ph":"B","ts":0,"pid":3158295,"tid":3158295,"args":{"ID":0}},{"name":"FR(FeatureC)","cat":"Feature","ph":"B","ts":2000100,"pid":3158295,"tid":3158295,"args":{"ID":1729382256910303235}},{"name":"FR(FeatureC)","cat":"Feature","ph":"E","ts":3000169,"pid":3158295,"tid":3158295,"args":{"ID":1729382256910303235}},{"name":"FR(FeatureD)","cat":"Feature","ph":"B","ts":3000169,"pid":3158295,"tid":3158295,"args":{"ID":1729382256910319619}},{"name":"FR(FeatureD)","cat":"Feature","ph":"E","ts":5000238,"pid":3158295,"tid":3158295,"args":{"ID":1729382256910319619}},{"name":"FR(FeatureC)","cat":"Feature","ph":"B","ts":5000243,"pid":3158295,"tid":3158295,"args":{"ID":1729382256910368771}},{"name":"FR(FeatureD)","cat":"Feature","ph":"B","ts":5000243,"pid":3158295,"tid":3158295,"args":{"ID":1729382256910385155}},{"name":"FR(FeatureC)","cat":"Feature","ph":"E","ts":5000257,"pid":3158295,"tid":3158295,"args":{"ID":1729382256910368771}},{"name":"FR(FeatureD)","cat":"Feature","ph":"E","ts":5000257,"pid":3158295,"tid":3158295,"args":{"ID":1729382256910385155}},{"name":"Base","cat":"Feature","ph":"E","ts":5000258,"pid":3158295,"tid":3158295,"args":{"ID":0}}],"stackFrames":{},"timestampUnit":"us"}