{ "traceEvents":[{"name":"Base","cat":"Feature","ph":"B","ts":0,"pid":3133107,"tid":3133107,"args":{"ID":0}},{"name":"FR(FeatureC)","cat":"Feature","ph":"B","ts":2000119,"pid":3133107,"tid":3133107,"args":{"ID":1729382256910303235}},{"name":"FR(FeatureC)","cat":"Feature","ph":"E","ts":3000212,"pid":3133107,"tid":3133107,"args":{"ID":1729382256910303235}},{"name":"FR(FeatureD)","cat":"Feature","ph":"B","ts":3000213,"pid":3133107,"tid":3133107,"args":{"ID":1729382256910319619}},{"name":"FR(FeatureD)","cat":"Feature","ph":"E","ts":5000295,"pid":3133107,"tid":3133107,"args":{"ID":1729382256910319619}},{"name":"FR(FeatureC)","cat":"Feature","ph":"B","ts":5000302,"pid":3133107,"tid":3133107,"args":{"ID":1729382256910368771}},{"name":"FR(FeatureD)","cat":"Feature","ph":"B","ts":5000303,"pid":3133107,"tid":3133107,"args":{"ID":1729382256910385155}},{"name":"FR(FeatureC)","cat":"Feature","ph":"E","ts":5000317,"pid":3133107,"tid":3133107,"args":{"ID":1729382256910368771}},{"name":"FR(FeatureD)","cat":"Feature","ph":"E","ts":5000318,"pid":3133107,"tid":3133107,"args":{"ID":1729382256910385155}},{"name":"Base","cat":"Feature","ph":"E","ts":5000318,"pid":3133107,"tid":3133107,"args":{"ID":0}}],"stackFrames":{},"timestampUnit":"us"}