{ "traceEvents":[{"name":"Base","cat":"Feature","ph":"B","ts":0,"pid":3128167,"tid":3128167,"args":{"ID":0}},{"name":"FR(FeatureC)","cat":"Feature","ph":"B","ts":2000117,"pid":3128167,"tid":3128167,"args":{"ID":1729382256910303235}},{"name":"FR(FeatureC)","cat":"Feature","ph":"E","ts":3000219,"pid":3128167,"tid":3128167,"args":{"ID":1729382256910303235}},{"name":"FR(FeatureD)","cat":"Feature","ph":"B","ts":3000219,"pid":3128167,"tid":3128167,"args":{"ID":1729382256910319619}},{"name":"FR(FeatureD)","cat":"Feature","ph":"E","ts":5000327,"pid":3128167,"tid":3128167,"args":{"ID":1729382256910319619}},{"name":"FR(FeatureC)","cat":"Feature","ph":"B","ts":5000334,"pid":3128167,"tid":3128167,"args":{"ID":1729382256910368771}},{"name":"FR(FeatureD)","cat":"Feature","ph":"B","ts":5000335,"pid":3128167,"tid":3128167,"args":{"ID":1729382256910385155}},{"name":"FR(FeatureC)","cat":"Feature","ph":"E","ts":5000365,"pid":3128167,"tid":3128167,"args":{"ID":1729382256910368771}},{"name":"FR(FeatureD)","cat":"Feature","ph":"E","ts":5000366,"pid":3128167,"tid":3128167,"args":{"ID":1729382256910385155}},{"name":"Base","cat":"Feature","ph":"E","ts":5000366,"pid":3128167,"tid":3128167,"args":{"ID":0}}],"stackFrames":{},"timestampUnit":"us"}