{ "traceEvents":[{"name":"Base","cat":"Feature","ph":"B","ts":0,"pid":3167246,"tid":3167246,"args":{"ID":0}},{"name":"FR(FeatureC)","cat":"Feature","ph":"B","ts":2000099,"pid":3167246,"tid":3167246,"args":{"ID":1729382256910303235}},{"name":"FR(FeatureC)","cat":"Feature","ph":"E","ts":3000168,"pid":3167246,"tid":3167246,"args":{"ID":1729382256910303235}},{"name":"FR(FeatureD)","cat":"Feature","ph":"B","ts":3000169,"pid":3167246,"tid":3167246,"args":{"ID":1729382256910319619}},{"name":"FR(FeatureD)","cat":"Feature","ph":"E","ts":5000239,"pid":3167246,"tid":3167246,"args":{"ID":1729382256910319619}},{"name":"FR(FeatureC)","cat":"Feature","ph":"B","ts":5000246,"pid":3167246,"tid":3167246,"args":{"ID":1729382256910368771}},{"name":"FR(FeatureD)","cat":"Feature","ph":"B","ts":5000246,"pid":3167246,"tid":3167246,"args":{"ID":1729382256910385155}},{"name":"FR(FeatureC)","cat":"Feature","ph":"E","ts":5000260,"pid":3167246,"tid":3167246,"args":{"ID":1729382256910368771}},{"name":"FR(FeatureD)","cat":"Feature","ph":"E","ts":5000260,"pid":3167246,"tid":3167246,"args":{"ID":1729382256910385155}},{"name":"Base","cat":"Feature","ph":"E","ts":5000260,"pid":3167246,"tid":3167246,"args":{"ID":0}}],"stackFrames":{},"timestampUnit":"us"}