{ "traceEvents":[{"name":"Base","cat":"Feature","ph":"B","ts":0,"pid":3118166,"tid":3118166,"args":{"ID":0}},{"name":"FR(FeatureC)","cat":"Feature","ph":"B","ts":2000120,"pid":3118166,"tid":3118166,"args":{"ID":1729382256910303235}},{"name":"FR(FeatureC)","cat":"Feature","ph":"E","ts":3000221,"pid":3118166,"tid":3118166,"args":{"ID":1729382256910303235}},{"name":"FR(FeatureD)","cat":"Feature","ph":"B","ts":3000221,"pid":3118166,"tid":3118166,"args":{"ID":1729382256910319619}},{"name":"FR(FeatureD)","cat":"Feature","ph":"E","ts":5000310,"pid":3118166,"tid":3118166,"args":{"ID":1729382256910319619}},{"name":"FR(FeatureC)","cat":"Feature","ph":"B","ts":5000317,"pid":3118166,"tid":3118166,"args":{"ID":1729382256910368771}},{"name":"FR(FeatureD)","cat":"Feature","ph":"B","ts":5000318,"pid":3118166,"tid":3118166,"args":{"ID":1729382256910385155}},{"name":"FR(FeatureC)","cat":"Feature","ph":"E","ts":5000337,"pid":3118166,"tid":3118166,"args":{"ID":1729382256910368771}},{"name":"FR(FeatureD)","cat":"Feature","ph":"E","ts":5000338,"pid":3118166,"tid":3118166,"args":{"ID":1729382256910385155}},{"name":"Base","cat":"Feature","ph":"E","ts":5000338,"pid":3118166,"tid":3118166,"args":{"ID":0}}],"stackFrames":{},"timestampUnit":"us"}