{ "traceEvents":[{"name":"Base","cat":"Feature","ph":"B","ts":0,"pid":3120836,"tid":3120836,"args":{"ID":0}},{"name":"FR(FeatureC)","cat":"Feature","ph":"B","ts":2000135,"pid":3120836,"tid":3120836,"args":{"ID":1729382256910303235}},{"name":"FR(FeatureC)","cat":"Feature","ph":"E","ts":3000224,"pid":3120836,"tid":3120836,"args":{"ID":1729382256910303235}},{"name":"FR(FeatureD)","cat":"Feature","ph":"B","ts":3000225,"pid":3120836,"tid":3120836,"args":{"ID":1729382256910319619}},{"name":"FR(FeatureD)","cat":"Feature","ph":"E","ts":5000303,"pid":3120836,"tid":3120836,"args":{"ID":1729382256910319619}},{"name":"FR(FeatureC)","cat":"Feature","ph":"B","ts":5000310,"pid":3120836,"tid":3120836,"args":{"ID":1729382256910368771}},{"name":"FR(FeatureD)","cat":"Feature","ph":"B","ts":5000311,"pid":3120836,"tid":3120836,"args":{"ID":1729382256910385155}},{"name":"FR(FeatureC)","cat":"Feature","ph":"E","ts":5000329,"pid":3120836,"tid":3120836,"args":{"ID":1729382256910368771}},{"name":"FR(FeatureD)","cat":"Feature","ph":"E","ts":5000329,"pid":3120836,"tid":3120836,"args":{"ID":1729382256910385155}},{"name":"Base","cat":"Feature","ph":"E","ts":5000330,"pid":3120836,"tid":3120836,"args":{"ID":0}}],"stackFrames":{},"timestampUnit":"us"}