{ "traceEvents":[{"name":"Base","cat":"Feature","ph":"B","ts":0,"pid":3110405,"tid":3110405,"args":{"ID":0}},{"name":"FR(FeatureC)","cat":"Feature","ph":"B","ts":2000132,"pid":3110405,"tid":3110405,"args":{"ID":1729382256910303235}},{"name":"FR(FeatureC)","cat":"Feature","ph":"E","ts":3000234,"pid":3110405,"tid":3110405,"args":{"ID":1729382256910303235}},{"name":"FR(FeatureD)","cat":"Feature","ph":"B","ts":3000235,"pid":3110405,"tid":3110405,"args":{"ID":1729382256910319619}},{"name":"FR(FeatureD)","cat":"Feature","ph":"E","ts":5000310,"pid":3110405,"tid":3110405,"args":{"ID":1729382256910319619}},{"name":"FR(FeatureC)","cat":"Feature","ph":"B","ts":5000317,"pid":3110405,"tid":3110405,"args":{"ID":1729382256910368771}},{"name":"FR(FeatureD)","cat":"Feature","ph":"B","ts":5000317,"pid":3110405,"tid":3110405,"args":{"ID":1729382256910385155}},{"name":"FR(FeatureC)","cat":"Feature","ph":"E","ts":5000331,"pid":3110405,"tid":3110405,"args":{"ID":1729382256910368771}},{"name":"FR(FeatureD)","cat":"Feature","ph":"E","ts":5000331,"pid":3110405,"tid":3110405,"args":{"ID":1729382256910385155}},{"name":"Base","cat":"Feature","ph":"E","ts":5000332,"pid":3110405,"tid":3110405,"args":{"ID":0}}],"stackFrames":{},"timestampUnit":"us"}