{ "traceEvents":[{"name":"Base","cat":"Feature","ph":"B","ts":0,"pid":1164314,"tid":1164314,"args":{"ID":0}},{"name":"FR(FeatureA)","cat":"Feature","ph":"B","ts":2000104,"pid":1164314,"tid":1164314,"args":{"ID":1729382256910270467}},{"name":"FR(FeatureA)","cat":"Feature","ph":"E","ts":2000104,"pid":1164314,"tid":1164314,"args":{"ID":1729382256910270467}},{"name":"FR(FeatureB)","cat":"Feature","ph":"B","ts":3000207,"pid":1164314,"tid":1164314,"args":{"ID":1729382256910286851}},{"name":"FR(FeatureB)","cat":"Feature","ph":"E","ts":3000207,"pid":1164314,"tid":1164314,"args":{"ID":1729382256910286851}},{"name":"FR(FeatureA)","cat":"Feature","ph":"E","ts":3000219,"pid":1164314,"tid":1164314,"args":{"ID":1729382256910270467}},{"name":"FR(FeatureC)","cat":"Feature","ph":"B","ts":5000318,"pid":1164314,"tid":1164314,"args":{"ID":1729382256910303235}},{"name":"FR(FeatureC)","cat":"Feature","ph":"E","ts":5000318,"pid":1164314,"tid":1164314,"args":{"ID":1729382256910303235}},{"name":"FR(FeatureB)","cat":"Feature","ph":"E","ts":5000319,"pid":1164314,"tid":1164314,"args":{"ID":1729382256910286851}},{"name":"FR(FeatureA)","cat":"Feature","ph":"E","ts":5000319,"pid":1164314,"tid":1164314,"args":{"ID":1729382256910270467}},{"name":"FR(FeatureC)","cat":"Feature","ph":"E","ts":5000321,"pid":1164314,"tid":1164314,"args":{"ID":1729382256910303235}},{"name":"FR(FeatureB)","cat":"Feature","ph":"E","ts":5000321,"pid":1164314,"tid":1164314,"args":{"ID":1729382256910286851}},{"name":"FR(FeatureA)","cat":"Feature","ph":"E","ts":5000322,"pid":1164314,"tid":1164314,"args":{"ID":1729382256910270467}},{"name":"FR(FeatureC)","cat":"Feature","ph":"E","ts":5000322,"pid":1164314,"tid":1164314,"args":{"ID":1729382256910303235}},{"name":"FR(FeatureB)","cat":"Feature","ph":"E","ts":5000322,"pid":1164314,"tid":1164314,"args":{"ID":1729382256910286851}},{"name":"FR(FeatureA)","cat":"Feature","ph":"E","ts":5000323,"pid":1164314,"tid":1164314,"args":{"ID":1729382256910270467}},{"name":"FR(FeatureA)","cat":"Feature","ph":"B","ts":6000431,"pid":1164314,"tid":1164314,"args":{"ID":1729382256910319619}},{"name":"FR(FeatureB)","cat":"Feature","ph":"B","ts":6000432,"pid":1164314,"tid":1164314,"args":{"ID":1729382256910336003}},{"name":"FR(FeatureB)","cat":"Feature","ph":"E","ts":6000432,"pid":1164314,"tid":1164314,"args":{"ID":1729382256910336003}},{"name":"FR(FeatureA)","cat":"Feature","ph":"E","ts":6000433,"pid":1164314,"tid":1164314,"args":{"ID":1729382256910319619}},{"name":"FR(FeatureC)","cat":"Feature","ph":"E","ts":6000433,"pid":1164314,"tid":1164314,"args":{"ID":1729382256910303235}},{"name":"FR(FeatureB)","cat":"Feature","ph":"E","ts":6000434,"pid":1164314,"tid":1164314,"args":{"ID":1729382256910286851}},{"name":"FR(FeatureA)","cat":"Feature","ph":"E","ts":6000434,"pid":1164314,"tid":1164314,"args":{"ID":1729382256910270467}},{"name":"FR(FeatureB)","cat":"Feature","ph":"E","ts":8000527,"pid":1164314,"tid":1164314,"args":{"ID":1729382256910336003}},{"name":"FR(FeatureC)","cat":"Feature","ph":"B","ts":8000528,"pid":1164314,"tid":1164314,"args":{"ID":1729382256910352387}},{"name":"FR(FeatureC)","cat":"Feature","ph":"E","ts":8000528,"pid":1164314,"tid":1164314,"args":{"ID":1729382256910352387}},{"name":"FR(FeatureA)","cat":"Feature","ph":"E","ts":8000529,"pid":1164314,"tid":1164314,"args":{"ID":1729382256910319619}},{"name":"FR(FeatureC)","cat":"Feature","ph":"E","ts":8000529,"pid":1164314,"tid":1164314,"args":{"ID":1729382256910303235}},{"name":"FR(FeatureB)","cat":"Feature","ph":"E","ts":8000530,"pid":1164314,"tid":1164314,"args":{"ID":1729382256910286851}},{"name":"FR(FeatureA)","cat":"Feature","ph":"E","ts":8000530,"pid":1164314,"tid":1164314,"args":{"ID":1729382256910270467}},{"name":"Base","cat":"Feature","ph":"E","ts":8000531,"pid":1164314,"tid":1164314,"args":{"ID":0}}],"stackFrames":{},"timestampUnit":"us"}