{ "traceEvents":[{"name":"Base","cat":"Feature","ph":"B","ts":0,"pid":1164913,"tid":1164913,"args":{"ID":0}},{"name":"FR(FeatureA)","cat":"Feature","ph":"B","ts":2000139,"pid":1164913,"tid":1164913,"args":{"ID":1729382256910270467}},{"name":"FR(FeatureA)","cat":"Feature","ph":"E","ts":2000140,"pid":1164913,"tid":1164913,"args":{"ID":1729382256910270467}},{"name":"FR(FeatureB)","cat":"Feature","ph":"B","ts":3000253,"pid":1164913,"tid":1164913,"args":{"ID":1729382256910286851}},{"name":"FR(FeatureB)","cat":"Feature","ph":"E","ts":3000253,"pid":1164913,"tid":1164913,"args":{"ID":1729382256910286851}},{"name":"FR(FeatureA)","cat":"Feature","ph":"E","ts":3000266,"pid":1164913,"tid":1164913,"args":{"ID":1729382256910270467}},{"name":"FR(FeatureC)","cat":"Feature","ph":"B","ts":5000375,"pid":1164913,"tid":1164913,"args":{"ID":1729382256910303235}},{"name":"FR(FeatureC)","cat":"Feature","ph":"E","ts":5000376,"pid":1164913,"tid":1164913,"args":{"ID":1729382256910303235}},{"name":"FR(FeatureB)","cat":"Feature","ph":"E","ts":5000376,"pid":1164913,"tid":1164913,"args":{"ID":1729382256910286851}},{"name":"FR(FeatureA)","cat":"Feature","ph":"E","ts":5000377,"pid":1164913,"tid":1164913,"args":{"ID":1729382256910270467}},{"name":"FR(FeatureC)","cat":"Feature","ph":"E","ts":5000378,"pid":1164913,"tid":1164913,"args":{"ID":1729382256910303235}},{"name":"FR(FeatureB)","cat":"Feature","ph":"E","ts":5000378,"pid":1164913,"tid":1164913,"args":{"ID":1729382256910286851}},{"name":"FR(FeatureA)","cat":"Feature","ph":"E","ts":5000378,"pid":1164913,"tid":1164913,"args":{"ID":1729382256910270467}},{"name":"FR(FeatureC)","cat":"Feature","ph":"E","ts":5000379,"pid":1164913,"tid":1164913,"args":{"ID":1729382256910303235}},{"name":"FR(FeatureB)","cat":"Feature","ph":"E","ts":5000379,"pid":1164913,"tid":1164913,"args":{"ID":1729382256910286851}},{"name":"FR(FeatureA)","cat":"Feature","ph":"E","ts":5000379,"pid":1164913,"tid":1164913,"args":{"ID":1729382256910270467}},{"name":"FR(FeatureA)","cat":"Feature","ph":"B","ts":6000499,"pid":1164913,"tid":1164913,"args":{"ID":1729382256910319619}},{"name":"FR(FeatureB)","cat":"Feature","ph":"B","ts":6000500,"pid":1164913,"tid":1164913,"args":{"ID":1729382256910336003}},{"name":"FR(FeatureB)","cat":"Feature","ph":"E","ts":6000500,"pid":1164913,"tid":1164913,"args":{"ID":1729382256910336003}},{"name":"FR(FeatureA)","cat":"Feature","ph":"E","ts":6000501,"pid":1164913,"tid":1164913,"args":{"ID":1729382256910319619}},{"name":"FR(FeatureC)","cat":"Feature","ph":"E","ts":6000501,"pid":1164913,"tid":1164913,"args":{"ID":1729382256910303235}},{"name":"FR(FeatureB)","cat":"Feature","ph":"E","ts":6000502,"pid":1164913,"tid":1164913,"args":{"ID":1729382256910286851}},{"name":"FR(FeatureA)","cat":"Feature","ph":"E","ts":6000502,"pid":1164913,"tid":1164913,"args":{"ID":1729382256910270467}},{"name":"FR(FeatureB)","cat":"Feature","ph":"E","ts":8000626,"pid":1164913,"tid":1164913,"args":{"ID":1729382256910336003}},{"name":"FR(FeatureC)","cat":"Feature","ph":"B","ts":8000627,"pid":1164913,"tid":1164913,"args":{"ID":1729382256910352387}},{"name":"FR(FeatureC)","cat":"Feature","ph":"E","ts":8000628,"pid":1164913,"tid":1164913,"args":{"ID":1729382256910352387}},{"name":"FR(FeatureA)","cat":"Feature","ph":"E","ts":8000629,"pid":1164913,"tid":1164913,"args":{"ID":1729382256910319619}},{"name":"FR(FeatureC)","cat":"Feature","ph":"E","ts":8000629,"pid":1164913,"tid":1164913,"args":{"ID":1729382256910303235}},{"name":"FR(FeatureB)","cat":"Feature","ph":"E","ts":8000629,"pid":1164913,"tid":1164913,"args":{"ID":1729382256910286851}},{"name":"FR(FeatureA)","cat":"Feature","ph":"E","ts":8000630,"pid":1164913,"tid":1164913,"args":{"ID":1729382256910270467}},{"name":"Base","cat":"Feature","ph":"E","ts":8000630,"pid":1164913,"tid":1164913,"args":{"ID":0}}],"stackFrames":{},"timestampUnit":"us"}