{ "traceEvents":[{"name":"Base","cat":"Feature","ph":"B","ts":0,"pid":571533,"tid":571533,"args":{"ID":0}},{"name":"FR(FeatureA)","cat":"Feature","ph":"B","ts":2000090,"pid":571533,"tid":571533,"args":{"ID":1729382256910270467}},{"name":"FR(FeatureA)","cat":"Feature","ph":"E","ts":3000188,"pid":571533,"tid":571533,"args":{"ID":1729382256910270467}},{"name":"FR(FeatureB)","cat":"Feature","ph":"B","ts":3000189,"pid":571533,"tid":571533,"args":{"ID":1729382256910286851}},{"name":"FR(FeatureB)","cat":"Feature","ph":"E","ts":5000275,"pid":571533,"tid":571533,"args":{"ID":1729382256910286851}},{"name":"FR(FeatureA)","cat":"Feature","ph":"B","ts":5000283,"pid":571533,"tid":571533,"args":{"ID":1729382256910336003}},{"name":"FR(FeatureB)","cat":"Feature","ph":"B","ts":5000284,"pid":571533,"tid":571533,"args":{"ID":1729382256910352387}},{"name":"FR(FeatureA)","cat":"Feature","ph":"E","ts":7000391,"pid":571533,"tid":571533,"args":{"ID":1729382256910336003}},{"name":"FR(FeatureB)","cat":"Feature","ph":"E","ts":7000391,"pid":571533,"tid":571533,"args":{"ID":1729382256910352387}},{"name":"Base","cat":"Feature","ph":"E","ts":7000392,"pid":571533,"tid":571533,"args":{"ID":0}}],"stackFrames":{},"timestampUnit":"us"}