{ "traceEvents":[{"name":"Base","cat":"Feature","ph":"B","ts":0,"pid":625091,"tid":625091,"args":{"ID":0}},{"name":"FR(FeatureA)","cat":"Feature","ph":"B","ts":2000124,"pid":625091,"tid":625091,"args":{"ID":1729382256910270467}},{"name":"FR(FeatureA)","cat":"Feature","ph":"E","ts":3000221,"pid":625091,"tid":625091,"args":{"ID":1729382256910270467}},{"name":"FR(FeatureB)","cat":"Feature","ph":"B","ts":3000222,"pid":625091,"tid":625091,"args":{"ID":1729382256910286851}},{"name":"FR(FeatureB)","cat":"Feature","ph":"E","ts":5000328,"pid":625091,"tid":625091,"args":{"ID":1729382256910286851}},{"name":"FR(FeatureA)","cat":"Feature","ph":"B","ts":5000339,"pid":625091,"tid":625091,"args":{"ID":1729382256910336003}},{"name":"FR(FeatureB)","cat":"Feature","ph":"B","ts":5000340,"pid":625091,"tid":625091,"args":{"ID":1729382256910352387}},{"name":"FR(FeatureA)","cat":"Feature","ph":"E","ts":7000451,"pid":625091,"tid":625091,"args":{"ID":1729382256910336003}},{"name":"FR(FeatureB)","cat":"Feature","ph":"E","ts":7000453,"pid":625091,"tid":625091,"args":{"ID":1729382256910352387}},{"name":"Base","cat":"Feature","ph":"E","ts":7000454,"pid":625091,"tid":625091,"args":{"ID":0}}],"stackFrames":{},"timestampUnit":"us"}