{ "traceEvents":[{"name":"Base","cat":"Feature","ph":"B","ts":0,"pid":554202,"tid":554202,"args":{"ID":0}},{"name":"FR(FeatureA)","cat":"Feature","ph":"B","ts":2000115,"pid":554202,"tid":554202,"args":{"ID":1729382256910270467}},{"name":"FR(FeatureA)","cat":"Feature","ph":"E","ts":3000207,"pid":554202,"tid":554202,"args":{"ID":1729382256910270467}},{"name":"FR(FeatureB)","cat":"Feature","ph":"B","ts":3000207,"pid":554202,"tid":554202,"args":{"ID":1729382256910286851}},{"name":"FR(FeatureB)","cat":"Feature","ph":"E","ts":5000288,"pid":554202,"tid":554202,"args":{"ID":1729382256910286851}},{"name":"FR(FeatureA)","cat":"Feature","ph":"B","ts":5000293,"pid":554202,"tid":554202,"args":{"ID":1729382256910336003}},{"name":"FR(FeatureB)","cat":"Feature","ph":"B","ts":5000294,"pid":554202,"tid":554202,"args":{"ID":1729382256910352387}},{"name":"FR(FeatureA)","cat":"Feature","ph":"E","ts":7000406,"pid":554202,"tid":554202,"args":{"ID":1729382256910336003}},{"name":"FR(FeatureB)","cat":"Feature","ph":"E","ts":7000407,"pid":554202,"tid":554202,"args":{"ID":1729382256910352387}},{"name":"Base","cat":"Feature","ph":"E","ts":7000408,"pid":554202,"tid":554202,"args":{"ID":0}}],"stackFrames":{},"timestampUnit":"us"}