{ "traceEvents":[{"name":"Base","cat":"Feature","ph":"B","ts":0,"pid":594801,"tid":594801,"args":{"ID":0}},{"name":"FR(FeatureA)","cat":"Feature","ph":"B","ts":2000118,"pid":594801,"tid":594801,"args":{"ID":1729382256910270467}},{"name":"FR(FeatureA)","cat":"Feature","ph":"E","ts":3000206,"pid":594801,"tid":594801,"args":{"ID":1729382256910270467}},{"name":"FR(FeatureB)","cat":"Feature","ph":"B","ts":3000207,"pid":594801,"tid":594801,"args":{"ID":1729382256910286851}},{"name":"FR(FeatureB)","cat":"Feature","ph":"E","ts":5000309,"pid":594801,"tid":594801,"args":{"ID":1729382256910286851}},{"name":"FR(FeatureA)","cat":"Feature","ph":"B","ts":5000316,"pid":594801,"tid":594801,"args":{"ID":1729382256910336003}},{"name":"FR(FeatureB)","cat":"Feature","ph":"B","ts":5000316,"pid":594801,"tid":594801,"args":{"ID":1729382256910352387}},{"name":"FR(FeatureA)","cat":"Feature","ph":"E","ts":7000427,"pid":594801,"tid":594801,"args":{"ID":1729382256910336003}},{"name":"FR(FeatureB)","cat":"Feature","ph":"E","ts":7000427,"pid":594801,"tid":594801,"args":{"ID":1729382256910352387}},{"name":"Base","cat":"Feature","ph":"E","ts":7000431,"pid":594801,"tid":594801,"args":{"ID":0}}],"stackFrames":{},"timestampUnit":"us"}