{ "traceEvents":[{"name":"Base","cat":"Feature","ph":"B","ts":0,"pid":564509,"tid":564509,"args":{"ID":0}},{"name":"FR(FeatureA)","cat":"Feature","ph":"B","ts":2000108,"pid":564509,"tid":564509,"args":{"ID":1729382256910270467}},{"name":"FR(FeatureA)","cat":"Feature","ph":"E","ts":3000201,"pid":564509,"tid":564509,"args":{"ID":1729382256910270467}},{"name":"FR(FeatureB)","cat":"Feature","ph":"B","ts":3000202,"pid":564509,"tid":564509,"args":{"ID":1729382256910286851}},{"name":"FR(FeatureB)","cat":"Feature","ph":"E","ts":5000300,"pid":564509,"tid":564509,"args":{"ID":1729382256910286851}},{"name":"FR(FeatureA)","cat":"Feature","ph":"B","ts":5000314,"pid":564509,"tid":564509,"args":{"ID":1729382256910336003}},{"name":"FR(FeatureB)","cat":"Feature","ph":"B","ts":5000315,"pid":564509,"tid":564509,"args":{"ID":1729382256910352387}},{"name":"FR(FeatureA)","cat":"Feature","ph":"E","ts":7000428,"pid":564509,"tid":564509,"args":{"ID":1729382256910336003}},{"name":"FR(FeatureB)","cat":"Feature","ph":"E","ts":7000429,"pid":564509,"tid":564509,"args":{"ID":1729382256910352387}},{"name":"Base","cat":"Feature","ph":"E","ts":7000430,"pid":564509,"tid":564509,"args":{"ID":0}}],"stackFrames":{},"timestampUnit":"us"}