{ "traceEvents":[{"name":"Base","cat":"Feature","ph":"B","ts":0,"pid":597908,"tid":597908,"args":{"ID":0}},{"name":"FR(FeatureA)","cat":"Feature","ph":"B","ts":2000099,"pid":597908,"tid":597908,"args":{"ID":1729382256910270467}},{"name":"FR(FeatureA)","cat":"Feature","ph":"E","ts":3000177,"pid":597908,"tid":597908,"args":{"ID":1729382256910270467}},{"name":"FR(FeatureB)","cat":"Feature","ph":"B","ts":3000178,"pid":597908,"tid":597908,"args":{"ID":1729382256910286851}},{"name":"FR(FeatureB)","cat":"Feature","ph":"E","ts":5000268,"pid":597908,"tid":597908,"args":{"ID":1729382256910286851}},{"name":"FR(FeatureA)","cat":"Feature","ph":"B","ts":5000271,"pid":597908,"tid":597908,"args":{"ID":1729382256910336003}},{"name":"FR(FeatureB)","cat":"Feature","ph":"B","ts":5000272,"pid":597908,"tid":597908,"args":{"ID":1729382256910352387}},{"name":"FR(FeatureA)","cat":"Feature","ph":"E","ts":7000370,"pid":597908,"tid":597908,"args":{"ID":1729382256910336003}},{"name":"FR(FeatureB)","cat":"Feature","ph":"E","ts":7000372,"pid":597908,"tid":597908,"args":{"ID":1729382256910352387}},{"name":"Base","cat":"Feature","ph":"E","ts":7000372,"pid":597908,"tid":597908,"args":{"ID":0}}],"stackFrames":{},"timestampUnit":"us"}