{ "traceEvents":[{"name":"Base","cat":"Feature","ph":"B","ts":0,"pid":574875,"tid":574875,"args":{"ID":0}},{"name":"FR(FeatureA)","cat":"Feature","ph":"B","ts":2000137,"pid":574875,"tid":574875,"args":{"ID":1729382256910270467}},{"name":"FR(FeatureA)","cat":"Feature","ph":"E","ts":3000250,"pid":574875,"tid":574875,"args":{"ID":1729382256910270467}},{"name":"FR(FeatureB)","cat":"Feature","ph":"B","ts":3000250,"pid":574875,"tid":574875,"args":{"ID":1729382256910286851}},{"name":"FR(FeatureB)","cat":"Feature","ph":"E","ts":5000338,"pid":574875,"tid":574875,"args":{"ID":1729382256910286851}},{"name":"FR(FeatureA)","cat":"Feature","ph":"B","ts":5000346,"pid":574875,"tid":574875,"args":{"ID":1729382256910336003}},{"name":"FR(FeatureB)","cat":"Feature","ph":"B","ts":5000347,"pid":574875,"tid":574875,"args":{"ID":1729382256910352387}},{"name":"FR(FeatureA)","cat":"Feature","ph":"E","ts":7000440,"pid":574875,"tid":574875,"args":{"ID":1729382256910336003}},{"name":"FR(FeatureB)","cat":"Feature","ph":"E","ts":7000441,"pid":574875,"tid":574875,"args":{"ID":1729382256910352387}},{"name":"Base","cat":"Feature","ph":"E","ts":7000442,"pid":574875,"tid":574875,"args":{"ID":0}}],"stackFrames":{},"timestampUnit":"us"}