{ "traceEvents":[{"name":"Base","cat":"Feature","ph":"B","ts":0,"pid":608481,"tid":608481,"args":{"ID":0}},{"name":"FR(FeatureA)","cat":"Feature","ph":"B","ts":2000119,"pid":608481,"tid":608481,"args":{"ID":1729382256910270467}},{"name":"FR(FeatureA)","cat":"Feature","ph":"E","ts":3000210,"pid":608481,"tid":608481,"args":{"ID":1729382256910270467}},{"name":"FR(FeatureB)","cat":"Feature","ph":"B","ts":3000211,"pid":608481,"tid":608481,"args":{"ID":1729382256910286851}},{"name":"FR(FeatureB)","cat":"Feature","ph":"E","ts":5000295,"pid":608481,"tid":608481,"args":{"ID":1729382256910286851}},{"name":"FR(FeatureA)","cat":"Feature","ph":"B","ts":5000312,"pid":608481,"tid":608481,"args":{"ID":1729382256910336003}},{"name":"FR(FeatureB)","cat":"Feature","ph":"B","ts":5000313,"pid":608481,"tid":608481,"args":{"ID":1729382256910352387}},{"name":"FR(FeatureA)","cat":"Feature","ph":"E","ts":7000411,"pid":608481,"tid":608481,"args":{"ID":1729382256910336003}},{"name":"FR(FeatureB)","cat":"Feature","ph":"E","ts":7000411,"pid":608481,"tid":608481,"args":{"ID":1729382256910352387}},{"name":"Base","cat":"Feature","ph":"E","ts":7000412,"pid":608481,"tid":608481,"args":{"ID":0}}],"stackFrames":{},"timestampUnit":"us"}