{ "traceEvents":[{"name":"Base","cat":"Feature","ph":"B","ts":0,"pid":549874,"tid":549874,"args":{"ID":0}},{"name":"FR(FeatureA)","cat":"Feature","ph":"B","ts":2000293,"pid":549874,"tid":549874,"args":{"ID":1729382256910270467}},{"name":"FR(FeatureA)","cat":"Feature","ph":"E","ts":3000384,"pid":549874,"tid":549874,"args":{"ID":1729382256910270467}},{"name":"FR(FeatureB)","cat":"Feature","ph":"B","ts":3000385,"pid":549874,"tid":549874,"args":{"ID":1729382256910286851}},{"name":"FR(FeatureB)","cat":"Feature","ph":"E","ts":5000487,"pid":549874,"tid":549874,"args":{"ID":1729382256910286851}},{"name":"FR(FeatureA)","cat":"Feature","ph":"B","ts":5000491,"pid":549874,"tid":549874,"args":{"ID":1729382256910336003}},{"name":"FR(FeatureB)","cat":"Feature","ph":"B","ts":5000492,"pid":549874,"tid":549874,"args":{"ID":1729382256910352387}},{"name":"FR(FeatureA)","cat":"Feature","ph":"E","ts":7000596,"pid":549874,"tid":549874,"args":{"ID":1729382256910336003}},{"name":"FR(FeatureB)","cat":"Feature","ph":"E","ts":7000597,"pid":549874,"tid":549874,"args":{"ID":1729382256910352387}},{"name":"Base","cat":"Feature","ph":"E","ts":7000598,"pid":549874,"tid":549874,"args":{"ID":0}}],"stackFrames":{},"timestampUnit":"us"}