{ "traceEvents":[{"name":"Base","cat":"Feature","ph":"B","ts":0,"pid":611467,"tid":611467,"args":{"ID":0}},{"name":"FR(FeatureA)","cat":"Feature","ph":"B","ts":2000113,"pid":611467,"tid":611467,"args":{"ID":1729382256910270467}},{"name":"FR(FeatureA)","cat":"Feature","ph":"E","ts":3000200,"pid":611467,"tid":611467,"args":{"ID":1729382256910270467}},{"name":"FR(FeatureB)","cat":"Feature","ph":"B","ts":3000201,"pid":611467,"tid":611467,"args":{"ID":1729382256910286851}},{"name":"FR(FeatureB)","cat":"Feature","ph":"E","ts":5000298,"pid":611467,"tid":611467,"args":{"ID":1729382256910286851}},{"name":"FR(FeatureA)","cat":"Feature","ph":"B","ts":5000313,"pid":611467,"tid":611467,"args":{"ID":1729382256910336003}},{"name":"FR(FeatureB)","cat":"Feature","ph":"B","ts":5000314,"pid":611467,"tid":611467,"args":{"ID":1729382256910352387}},{"name":"FR(FeatureA)","cat":"Feature","ph":"E","ts":7000422,"pid":611467,"tid":611467,"args":{"ID":1729382256910336003}},{"name":"FR(FeatureB)","cat":"Feature","ph":"E","ts":7000422,"pid":611467,"tid":611467,"args":{"ID":1729382256910352387}},{"name":"Base","cat":"Feature","ph":"E","ts":7000423,"pid":611467,"tid":611467,"args":{"ID":0}}],"stackFrames":{},"timestampUnit":"us"}