{ "traceEvents":[{"name":"Base","cat":"Feature","ph":"B","ts":0,"pid":618092,"tid":618092,"args":{"ID":0}},{"name":"FR(FeatureA)","cat":"Feature","ph":"B","ts":2000101,"pid":618092,"tid":618092,"args":{"ID":1729382256910270467}},{"name":"FR(FeatureA)","cat":"Feature","ph":"E","ts":3000189,"pid":618092,"tid":618092,"args":{"ID":1729382256910270467}},{"name":"FR(FeatureB)","cat":"Feature","ph":"B","ts":3000189,"pid":618092,"tid":618092,"args":{"ID":1729382256910286851}},{"name":"FR(FeatureB)","cat":"Feature","ph":"E","ts":5000290,"pid":618092,"tid":618092,"args":{"ID":1729382256910286851}},{"name":"FR(FeatureA)","cat":"Feature","ph":"B","ts":5000294,"pid":618092,"tid":618092,"args":{"ID":1729382256910336003}},{"name":"FR(FeatureB)","cat":"Feature","ph":"B","ts":5000295,"pid":618092,"tid":618092,"args":{"ID":1729382256910352387}},{"name":"FR(FeatureA)","cat":"Feature","ph":"E","ts":7000400,"pid":618092,"tid":618092,"args":{"ID":1729382256910336003}},{"name":"FR(FeatureB)","cat":"Feature","ph":"E","ts":7000400,"pid":618092,"tid":618092,"args":{"ID":1729382256910352387}},{"name":"Base","cat":"Feature","ph":"E","ts":7000401,"pid":618092,"tid":618092,"args":{"ID":0}}],"stackFrames":{},"timestampUnit":"us"}