{ "traceEvents":[{"name":"Base","cat":"Feature","ph":"B","ts":0,"pid":2457459,"tid":2457459,"args":{"ID":0}},{"name":"FR(FeatureB)","cat":"Feature","ph":"B","ts":2000115,"pid":2457459,"tid":2457459,"args":{"ID":1729382256910286851}},{"name":"FR(FeatureB)","cat":"Feature","ph":"E","ts":4000203,"pid":2457459,"tid":2457459,"args":{"ID":1729382256910286851}},{"name":"FR(FeatureD)","cat":"Feature","ph":"B","ts":4000203,"pid":2457459,"tid":2457459,"args":{"ID":1729382256910319619}},{"name":"FR(FeatureD)","cat":"Feature","ph":"E","ts":6000305,"pid":2457459,"tid":2457459,"args":{"ID":1729382256910319619}},{"name":"Base","cat":"Feature","ph":"E","ts":6000311,"pid":2457459,"tid":2457459,"args":{"ID":0}}],"stackFrames":{},"timestampUnit":"us"}