{ "traceEvents":[{"name":"Base","cat":"Feature","ph":"B","ts":0,"pid":2464505,"tid":2464505,"args":{"ID":0}},{"name":"FR(FeatureB)","cat":"Feature","ph":"B","ts":2000120,"pid":2464505,"tid":2464505,"args":{"ID":1729382256910286851}},{"name":"FR(FeatureB)","cat":"Feature","ph":"E","ts":4000211,"pid":2464505,"tid":2464505,"args":{"ID":1729382256910286851}},{"name":"FR(FeatureD)","cat":"Feature","ph":"B","ts":4000212,"pid":2464505,"tid":2464505,"args":{"ID":1729382256910319619}},{"name":"FR(FeatureD)","cat":"Feature","ph":"E","ts":6000305,"pid":2464505,"tid":2464505,"args":{"ID":1729382256910319619}},{"name":"Base","cat":"Feature","ph":"E","ts":6000309,"pid":2464505,"tid":2464505,"args":{"ID":0}}],"stackFrames":{},"timestampUnit":"us"}