{ "traceEvents":[{"name":"Base","cat":"Feature","ph":"B","ts":0,"pid":2431606,"tid":2431606,"args":{"ID":0}},{"name":"FR(FeatureB)","cat":"Feature","ph":"B","ts":2000113,"pid":2431606,"tid":2431606,"args":{"ID":1729382256910286851}},{"name":"FR(FeatureB)","cat":"Feature","ph":"E","ts":4000211,"pid":2431606,"tid":2431606,"args":{"ID":1729382256910286851}},{"name":"FR(FeatureD)","cat":"Feature","ph":"B","ts":4000211,"pid":2431606,"tid":2431606,"args":{"ID":1729382256910319619}},{"name":"FR(FeatureD)","cat":"Feature","ph":"E","ts":6000321,"pid":2431606,"tid":2431606,"args":{"ID":1729382256910319619}},{"name":"Base","cat":"Feature","ph":"E","ts":6000330,"pid":2431606,"tid":2431606,"args":{"ID":0}}],"stackFrames":{},"timestampUnit":"us"}