{ "traceEvents":[{"name":"Base","cat":"Feature","ph":"B","ts":0,"pid":2489847,"tid":2489847,"args":{"ID":0}},{"name":"FR(FeatureB)","cat":"Feature","ph":"B","ts":2000087,"pid":2489847,"tid":2489847,"args":{"ID":1729382256910286851}},{"name":"FR(FeatureB)","cat":"Feature","ph":"E","ts":4000177,"pid":2489847,"tid":2489847,"args":{"ID":1729382256910286851}},{"name":"FR(FeatureD)","cat":"Feature","ph":"B","ts":4000177,"pid":2489847,"tid":2489847,"args":{"ID":1729382256910319619}},{"name":"FR(FeatureD)","cat":"Feature","ph":"E","ts":6000275,"pid":2489847,"tid":2489847,"args":{"ID":1729382256910319619}},{"name":"Base","cat":"Feature","ph":"E","ts":6000280,"pid":2489847,"tid":2489847,"args":{"ID":0}}],"stackFrames":{},"timestampUnit":"us"}