{ "traceEvents":[{"name":"Base","cat":"Feature","ph":"B","ts":0,"pid":2478391,"tid":2478391,"args":{"ID":0}},{"name":"FR(FeatureB)","cat":"Feature","ph":"B","ts":2000115,"pid":2478391,"tid":2478391,"args":{"ID":1729382256910286851}},{"name":"FR(FeatureB)","cat":"Feature","ph":"E","ts":4000209,"pid":2478391,"tid":2478391,"args":{"ID":1729382256910286851}},{"name":"FR(FeatureD)","cat":"Feature","ph":"B","ts":4000209,"pid":2478391,"tid":2478391,"args":{"ID":1729382256910319619}},{"name":"FR(FeatureD)","cat":"Feature","ph":"E","ts":6000303,"pid":2478391,"tid":2478391,"args":{"ID":1729382256910319619}},{"name":"Base","cat":"Feature","ph":"E","ts":6000307,"pid":2478391,"tid":2478391,"args":{"ID":0}}],"stackFrames":{},"timestampUnit":"us"}