{ "traceEvents":[{"name":"Base","cat":"Feature","ph":"B","ts":0,"pid":2487549,"tid":2487549,"args":{"ID":0}},{"name":"FR(FeatureB)","cat":"Feature","ph":"B","ts":2000115,"pid":2487549,"tid":2487549,"args":{"ID":1729382256910286851}},{"name":"FR(FeatureB)","cat":"Feature","ph":"E","ts":4000229,"pid":2487549,"tid":2487549,"args":{"ID":1729382256910286851}},{"name":"FR(FeatureD)","cat":"Feature","ph":"B","ts":4000230,"pid":2487549,"tid":2487549,"args":{"ID":1729382256910319619}},{"name":"FR(FeatureD)","cat":"Feature","ph":"E","ts":6000336,"pid":2487549,"tid":2487549,"args":{"ID":1729382256910319619}},{"name":"Base","cat":"Feature","ph":"E","ts":6000341,"pid":2487549,"tid":2487549,"args":{"ID":0}}],"stackFrames":{},"timestampUnit":"us"}