{ "traceEvents":[{"name":"Base","cat":"Feature","ph":"B","ts":0,"pid":2494391,"tid":2494391,"args":{"ID":0}},{"name":"FR(FeatureB)","cat":"Feature","ph":"B","ts":2000108,"pid":2494391,"tid":2494391,"args":{"ID":1729382256910286851}},{"name":"FR(FeatureB)","cat":"Feature","ph":"E","ts":4000204,"pid":2494391,"tid":2494391,"args":{"ID":1729382256910286851}},{"name":"FR(FeatureD)","cat":"Feature","ph":"B","ts":4000204,"pid":2494391,"tid":2494391,"args":{"ID":1729382256910319619}},{"name":"FR(FeatureD)","cat":"Feature","ph":"E","ts":6000300,"pid":2494391,"tid":2494391,"args":{"ID":1729382256910319619}},{"name":"Base","cat":"Feature","ph":"E","ts":6000305,"pid":2494391,"tid":2494391,"args":{"ID":0}}],"stackFrames":{},"timestampUnit":"us"}