{ "traceEvents":[{"name":"Base","cat":"Feature","ph":"B","ts":0,"pid":2446034,"tid":2446034,"args":{"ID":0}},{"name":"FR(FeatureB)","cat":"Feature","ph":"B","ts":2000135,"pid":2446034,"tid":2446034,"args":{"ID":1729382256910286851}},{"name":"FR(FeatureB)","cat":"Feature","ph":"E","ts":4000233,"pid":2446034,"tid":2446034,"args":{"ID":1729382256910286851}},{"name":"FR(FeatureD)","cat":"Feature","ph":"B","ts":4000233,"pid":2446034,"tid":2446034,"args":{"ID":1729382256910319619}},{"name":"FR(FeatureD)","cat":"Feature","ph":"E","ts":6000353,"pid":2446034,"tid":2446034,"args":{"ID":1729382256910319619}},{"name":"Base","cat":"Feature","ph":"E","ts":6000358,"pid":2446034,"tid":2446034,"args":{"ID":0}}],"stackFrames":{},"timestampUnit":"us"}