{ "traceEvents":[{"name":"Base","cat":"Feature","ph":"B","ts":0,"pid":2476068,"tid":2476068,"args":{"ID":0}},{"name":"FR(FeatureB)","cat":"Feature","ph":"B","ts":2000074,"pid":2476068,"tid":2476068,"args":{"ID":1729382256910286851}},{"name":"FR(FeatureB)","cat":"Feature","ph":"E","ts":4000166,"pid":2476068,"tid":2476068,"args":{"ID":1729382256910286851}},{"name":"FR(FeatureD)","cat":"Feature","ph":"B","ts":4000167,"pid":2476068,"tid":2476068,"args":{"ID":1729382256910319619}},{"name":"FR(FeatureD)","cat":"Feature","ph":"E","ts":6000268,"pid":2476068,"tid":2476068,"args":{"ID":1729382256910319619}},{"name":"Base","cat":"Feature","ph":"E","ts":6000273,"pid":2476068,"tid":2476068,"args":{"ID":0}}],"stackFrames":{},"timestampUnit":"us"}