{ "traceEvents":[{"name":"Base","cat":"Feature","ph":"B","ts":0,"pid":2452942,"tid":2452942,"args":{"ID":0}},{"name":"FR(FeatureB)","cat":"Feature","ph":"B","ts":2000114,"pid":2452942,"tid":2452942,"args":{"ID":1729382256910286851}},{"name":"FR(FeatureB)","cat":"Feature","ph":"E","ts":4000204,"pid":2452942,"tid":2452942,"args":{"ID":1729382256910286851}},{"name":"FR(FeatureD)","cat":"Feature","ph":"B","ts":4000204,"pid":2452942,"tid":2452942,"args":{"ID":1729382256910319619}},{"name":"FR(FeatureD)","cat":"Feature","ph":"E","ts":6000304,"pid":2452942,"tid":2452942,"args":{"ID":1729382256910319619}},{"name":"Base","cat":"Feature","ph":"E","ts":6000310,"pid":2452942,"tid":2452942,"args":{"ID":0}}],"stackFrames":{},"timestampUnit":"us"}