{ "traceEvents":[{"name":"Base","cat":"Feature","ph":"B","ts":0,"pid":2455247,"tid":2455247,"args":{"ID":0}},{"name":"FR(FeatureB)","cat":"Feature","ph":"B","ts":2000117,"pid":2455247,"tid":2455247,"args":{"ID":1729382256910286851}},{"name":"FR(FeatureB)","cat":"Feature","ph":"E","ts":4000216,"pid":2455247,"tid":2455247,"args":{"ID":1729382256910286851}},{"name":"FR(FeatureD)","cat":"Feature","ph":"B","ts":4000217,"pid":2455247,"tid":2455247,"args":{"ID":1729382256910319619}},{"name":"FR(FeatureD)","cat":"Feature","ph":"E","ts":6000321,"pid":2455247,"tid":2455247,"args":{"ID":1729382256910319619}},{"name":"Base","cat":"Feature","ph":"E","ts":6000326,"pid":2455247,"tid":2455247,"args":{"ID":0}}],"stackFrames":{},"timestampUnit":"us"}