{ "traceEvents":[{"name":"Base","cat":"Feature","ph":"B","ts":0,"pid":2441311,"tid":2441311,"args":{"ID":0}},{"name":"FR(FeatureB)","cat":"Feature","ph":"B","ts":2000104,"pid":2441311,"tid":2441311,"args":{"ID":1729382256910286851}},{"name":"FR(FeatureB)","cat":"Feature","ph":"E","ts":4000190,"pid":2441311,"tid":2441311,"args":{"ID":1729382256910286851}},{"name":"FR(FeatureD)","cat":"Feature","ph":"B","ts":4000190,"pid":2441311,"tid":2441311,"args":{"ID":1729382256910319619}},{"name":"FR(FeatureD)","cat":"Feature","ph":"E","ts":6000277,"pid":2441311,"tid":2441311,"args":{"ID":1729382256910319619}},{"name":"Base","cat":"Feature","ph":"E","ts":6000280,"pid":2441311,"tid":2441311,"args":{"ID":0}}],"stackFrames":{},"timestampUnit":"us"}