{ "traceEvents":[{"name":"Base","cat":"Feature","ph":"B","ts":0,"pid":2429130,"tid":2429130,"args":{"ID":0}},{"name":"FR(FeatureB)","cat":"Feature","ph":"B","ts":2000121,"pid":2429130,"tid":2429130,"args":{"ID":1729382256910286851}},{"name":"FR(FeatureB)","cat":"Feature","ph":"E","ts":4000225,"pid":2429130,"tid":2429130,"args":{"ID":1729382256910286851}},{"name":"FR(FeatureD)","cat":"Feature","ph":"B","ts":4000226,"pid":2429130,"tid":2429130,"args":{"ID":1729382256910319619}},{"name":"FR(FeatureD)","cat":"Feature","ph":"E","ts":6000332,"pid":2429130,"tid":2429130,"args":{"ID":1729382256910319619}},{"name":"Base","cat":"Feature","ph":"E","ts":6000338,"pid":2429130,"tid":2429130,"args":{"ID":0}}],"stackFrames":{},"timestampUnit":"us"}