{ "traceEvents":[{"name":"Base","cat":"Feature","ph":"B","ts":0,"pid":2448360,"tid":2448360,"args":{"ID":0}},{"name":"FR(FeatureB)","cat":"Feature","ph":"B","ts":2000109,"pid":2448360,"tid":2448360,"args":{"ID":1729382256910286851}},{"name":"FR(FeatureB)","cat":"Feature","ph":"E","ts":4000195,"pid":2448360,"tid":2448360,"args":{"ID":1729382256910286851}},{"name":"FR(FeatureD)","cat":"Feature","ph":"B","ts":4000196,"pid":2448360,"tid":2448360,"args":{"ID":1729382256910319619}},{"name":"FR(FeatureD)","cat":"Feature","ph":"E","ts":6000294,"pid":2448360,"tid":2448360,"args":{"ID":1729382256910319619}},{"name":"Base","cat":"Feature","ph":"E","ts":6000299,"pid":2448360,"tid":2448360,"args":{"ID":0}}],"stackFrames":{},"timestampUnit":"us"}