{ "traceEvents":[{"name":"Base","cat":"Feature","ph":"B","ts":0,"pid":2459859,"tid":2459859,"args":{"ID":0}},{"name":"FR(FeatureB)","cat":"Feature","ph":"B","ts":2000125,"pid":2459859,"tid":2459859,"args":{"ID":1729382256910286851}},{"name":"FR(FeatureB)","cat":"Feature","ph":"E","ts":4000236,"pid":2459859,"tid":2459859,"args":{"ID":1729382256910286851}},{"name":"FR(FeatureD)","cat":"Feature","ph":"B","ts":4000236,"pid":2459859,"tid":2459859,"args":{"ID":1729382256910319619}},{"name":"FR(FeatureD)","cat":"Feature","ph":"E","ts":6000339,"pid":2459859,"tid":2459859,"args":{"ID":1729382256910319619}},{"name":"Base","cat":"Feature","ph":"E","ts":6000345,"pid":2459859,"tid":2459859,"args":{"ID":0}}],"stackFrames":{},"timestampUnit":"us"}