{ "traceEvents":[{"name":"Base","cat":"Feature","ph":"B","ts":0,"pid":1239378,"tid":1239378,"args":{"ID":0}},{"name":"FR(FeatureA)","cat":"Feature","ph":"B","ts":2000123,"pid":1239378,"tid":1239378,"args":{"ID":1729382256910270467}},{"name":"FR(FeatureA)","cat":"Feature","ph":"E","ts":2000124,"pid":1239378,"tid":1239378,"args":{"ID":1729382256910270467}},{"name":"FR(FeatureB)","cat":"Feature","ph":"B","ts":3000212,"pid":1239378,"tid":1239378,"args":{"ID":1729382256910286851}},{"name":"FR(FeatureC)","cat":"Feature","ph":"B","ts":3000212,"pid":1239378,"tid":1239378,"args":{"ID":1729382256910303235}},{"name":"FR(FeatureC)","cat":"Feature","ph":"E","ts":3000219,"pid":1239378,"tid":1239378,"args":{"ID":1729382256910303235}},{"name":"FR(FeatureB)","cat":"Feature","ph":"E","ts":3000220,"pid":1239378,"tid":1239378,"args":{"ID":1729382256910286851}},{"name":"FR(FeatureA)","cat":"Feature","ph":"E","ts":3000221,"pid":1239378,"tid":1239378,"args":{"ID":1729382256910270467}},{"name":"FR(FeatureC)","cat":"Feature","ph":"E","ts":4000295,"pid":1239378,"tid":1239378,"args":{"ID":1729382256910303235}},{"name":"FR(FeatureB)","cat":"Feature","ph":"E","ts":4000296,"pid":1239378,"tid":1239378,"args":{"ID":1729382256910286851}},{"name":"FR(FeatureA)","cat":"Feature","ph":"E","ts":4000297,"pid":1239378,"tid":1239378,"args":{"ID":1729382256910270467}},{"name":"FR(FeatureC)","cat":"Feature","ph":"E","ts":4000297,"pid":1239378,"tid":1239378,"args":{"ID":1729382256910303235}},{"name":"FR(FeatureB)","cat":"Feature","ph":"E","ts":4000298,"pid":1239378,"tid":1239378,"args":{"ID":1729382256910286851}},{"name":"FR(FeatureA)","cat":"Feature","ph":"E","ts":4000299,"pid":1239378,"tid":1239378,"args":{"ID":1729382256910270467}},{"name":"FR(FeatureC)","cat":"Feature","ph":"E","ts":6000388,"pid":1239378,"tid":1239378,"args":{"ID":1729382256910303235}},{"name":"FR(FeatureB)","cat":"Feature","ph":"E","ts":6000390,"pid":1239378,"tid":1239378,"args":{"ID":1729382256910286851}},{"name":"FR(FeatureA)","cat":"Feature","ph":"E","ts":6000391,"pid":1239378,"tid":1239378,"args":{"ID":1729382256910270467}},{"name":"FR(FeatureC)","cat":"Feature","ph":"E","ts":6000393,"pid":1239378,"tid":1239378,"args":{"ID":1729382256910303235}},{"name":"FR(FeatureB)","cat":"Feature","ph":"E","ts":6000393,"pid":1239378,"tid":1239378,"args":{"ID":1729382256910286851}},{"name":"FR(FeatureA)","cat":"Feature","ph":"E","ts":6000394,"pid":1239378,"tid":1239378,"args":{"ID":1729382256910270467}},{"name":"FR(FeatureA)","cat":"Feature","ph":"B","ts":7000482,"pid":1239378,"tid":1239378,"args":{"ID":1729382256910319619}},{"name":"FR(FeatureC)","cat":"Feature","ph":"B","ts":7000483,"pid":1239378,"tid":1239378,"args":{"ID":1729382256910352387}},{"name":"FR(FeatureC)","cat":"Feature","ph":"E","ts":7000483,"pid":1239378,"tid":1239378,"args":{"ID":1729382256910352387}},{"name":"FR(FeatureA)","cat":"Feature","ph":"E","ts":7000484,"pid":1239378,"tid":1239378,"args":{"ID":1729382256910319619}},{"name":"FR(FeatureC)","cat":"Feature","ph":"E","ts":7000485,"pid":1239378,"tid":1239378,"args":{"ID":1729382256910303235}},{"name":"FR(FeatureB)","cat":"Feature","ph":"E","ts":7000485,"pid":1239378,"tid":1239378,"args":{"ID":1729382256910286851}},{"name":"FR(FeatureA)","cat":"Feature","ph":"E","ts":7000486,"pid":1239378,"tid":1239378,"args":{"ID":1729382256910270467}},{"name":"FR(FeatureC)","cat":"Feature","ph":"E","ts":7000487,"pid":1239378,"tid":1239378,"args":{"ID":1729382256910352387}},{"name":"FR(FeatureA)","cat":"Feature","ph":"E","ts":7000487,"pid":1239378,"tid":1239378,"args":{"ID":1729382256910319619}},{"name":"FR(FeatureC)","cat":"Feature","ph":"E","ts":7000487,"pid":1239378,"tid":1239378,"args":{"ID":1729382256910303235}},{"name":"FR(FeatureB)","cat":"Feature","ph":"E","ts":7000488,"pid":1239378,"tid":1239378,"args":{"ID":1729382256910286851}},{"name":"FR(FeatureA)","cat":"Feature","ph":"E","ts":7000488,"pid":1239378,"tid":1239378,"args":{"ID":1729382256910270467}},{"name":"FR(FeatureC)","cat":"Feature","ph":"E","ts":7000499,"pid":1239378,"tid":1239378,"args":{"ID":1729382256910352387}},{"name":"FR(FeatureA)","cat":"Feature","ph":"E","ts":7000500,"pid":1239378,"tid":1239378,"args":{"ID":1729382256910319619}},{"name":"FR(FeatureC)","cat":"Feature","ph":"E","ts":7000501,"pid":1239378,"tid":1239378,"args":{"ID":1729382256910303235}},{"name":"FR(FeatureB)","cat":"Feature","ph":"E","ts":7000501,"pid":1239378,"tid":1239378,"args":{"ID":1729382256910286851}},{"name":"FR(FeatureA)","cat":"Feature","ph":"E","ts":7000502,"pid":1239378,"tid":1239378,"args":{"ID":1729382256910270467}},{"name":"Base","cat":"Feature","ph":"E","ts":7000503,"pid":1239378,"tid":1239378,"args":{"ID":0}}],"stackFrames":{},"timestampUnit":"us"}