{ "traceEvents":[{"name":"Base","cat":"Feature","ph":"B","ts":0,"pid":6349,"tid":6349,"args":{"ID":0}},{"name":"FR(FeatureA)","cat":"Feature","ph":"B","ts":2000122,"pid":6349,"tid":6349,"args":{"ID":1729382256910270467}},{"name":"FR(FeatureA)","cat":"Feature","ph":"E","ts":3000224,"pid":6349,"tid":6349,"args":{"ID":1729382256910270467}},{"name":"FR(FeatureA)","cat":"Feature","ph":"B","ts":3000224,"pid":6349,"tid":6349,"args":{"ID":1729382256910336003}},{"name":"FR(FeatureA)","cat":"Feature","ph":"E","ts":3000225,"pid":6349,"tid":6349,"args":{"ID":1729382256910336003}},{"name":"Base","cat":"Feature","ph":"E","ts":3000225,"pid":6349,"tid":6349,"args":{"ID":0}}],"stackFrames":{},"timestampUnit":"us"}