{ "traceEvents":[{"name":"Base","cat":"Feature","ph":"B","ts":0,"pid":4187583,"tid":4187583,"args":{"ID":0}},{"name":"FR(FeatureA)","cat":"Feature","ph":"B","ts":2000107,"pid":4187583,"tid":4187583,"args":{"ID":1729382256910270467}},{"name":"FR(FeatureA)","cat":"Feature","ph":"E","ts":3000194,"pid":4187583,"tid":4187583,"args":{"ID":1729382256910270467}},{"name":"FR(FeatureA)","cat":"Feature","ph":"B","ts":3000195,"pid":4187583,"tid":4187583,"args":{"ID":1729382256910336003}},{"name":"FR(FeatureA)","cat":"Feature","ph":"E","ts":3000195,"pid":4187583,"tid":4187583,"args":{"ID":1729382256910336003}},{"name":"Base","cat":"Feature","ph":"E","ts":3000196,"pid":4187583,"tid":4187583,"args":{"ID":0}}],"stackFrames":{},"timestampUnit":"us"}