{ "traceEvents":[{"name":"Base","cat":"Feature","ph":"B","ts":0,"pid":25463,"tid":25463,"args":{"ID":0}},{"name":"FR(FeatureA)","cat":"Feature","ph":"B","ts":2000116,"pid":25463,"tid":25463,"args":{"ID":1729382256910270467}},{"name":"FR(FeatureA)","cat":"Feature","ph":"E","ts":3000210,"pid":25463,"tid":25463,"args":{"ID":1729382256910270467}},{"name":"FR(FeatureA)","cat":"Feature","ph":"B","ts":3000211,"pid":25463,"tid":25463,"args":{"ID":1729382256910336003}},{"name":"FR(FeatureA)","cat":"Feature","ph":"E","ts":3000212,"pid":25463,"tid":25463,"args":{"ID":1729382256910336003}},{"name":"Base","cat":"Feature","ph":"E","ts":3000212,"pid":25463,"tid":25463,"args":{"ID":0}}],"stackFrames":{},"timestampUnit":"us"}