{ "traceEvents":[{"name":"Base","cat":"Feature","ph":"B","ts":0,"pid":15037,"tid":15037,"args":{"ID":0}},{"name":"FR(FeatureA)","cat":"Feature","ph":"B","ts":2000136,"pid":15037,"tid":15037,"args":{"ID":1729382256910270467}},{"name":"FR(FeatureA)","cat":"Feature","ph":"E","ts":3000238,"pid":15037,"tid":15037,"args":{"ID":1729382256910270467}},{"name":"FR(FeatureA)","cat":"Feature","ph":"B","ts":3000239,"pid":15037,"tid":15037,"args":{"ID":1729382256910336003}},{"name":"FR(FeatureA)","cat":"Feature","ph":"E","ts":3000239,"pid":15037,"tid":15037,"args":{"ID":1729382256910336003}},{"name":"Base","cat":"Feature","ph":"E","ts":3000240,"pid":15037,"tid":15037,"args":{"ID":0}}],"stackFrames":{},"timestampUnit":"us"}