{ "traceEvents":[{"name":"Base","cat":"Feature","ph":"B","ts":0,"pid":23750,"tid":23750,"args":{"ID":0}},{"name":"FR(FeatureA)","cat":"Feature","ph":"B","ts":2000104,"pid":23750,"tid":23750,"args":{"ID":1729382256910270467}},{"name":"FR(FeatureA)","cat":"Feature","ph":"E","ts":3000194,"pid":23750,"tid":23750,"args":{"ID":1729382256910270467}},{"name":"FR(FeatureA)","cat":"Feature","ph":"B","ts":3000195,"pid":23750,"tid":23750,"args":{"ID":1729382256910336003}},{"name":"FR(FeatureA)","cat":"Feature","ph":"E","ts":3000195,"pid":23750,"tid":23750,"args":{"ID":1729382256910336003}},{"name":"Base","cat":"Feature","ph":"E","ts":3000196,"pid":23750,"tid":23750,"args":{"ID":0}}],"stackFrames":{},"timestampUnit":"us"}