{ "traceEvents":[{"name":"Base","cat":"Feature","ph":"B","ts":0,"pid":3585,"tid":3585,"args":{"ID":0}},{"name":"FR(FeatureA)","cat":"Feature","ph":"B","ts":2000124,"pid":3585,"tid":3585,"args":{"ID":1729382256910270467}},{"name":"FR(FeatureA)","cat":"Feature","ph":"E","ts":3000225,"pid":3585,"tid":3585,"args":{"ID":1729382256910270467}},{"name":"FR(FeatureA)","cat":"Feature","ph":"B","ts":3000226,"pid":3585,"tid":3585,"args":{"ID":1729382256910336003}},{"name":"FR(FeatureA)","cat":"Feature","ph":"E","ts":3000226,"pid":3585,"tid":3585,"args":{"ID":1729382256910336003}},{"name":"Base","cat":"Feature","ph":"E","ts":3000227,"pid":3585,"tid":3585,"args":{"ID":0}}],"stackFrames":{},"timestampUnit":"us"}