{ "traceEvents":[{"name":"Base","cat":"Feature","ph":"B","ts":0,"pid":26689,"tid":26689,"args":{"ID":0}},{"name":"FR(FeatureA)","cat":"Feature","ph":"B","ts":2000114,"pid":26689,"tid":26689,"args":{"ID":1729382256910270467}},{"name":"FR(FeatureA)","cat":"Feature","ph":"E","ts":3000196,"pid":26689,"tid":26689,"args":{"ID":1729382256910270467}},{"name":"FR(FeatureA)","cat":"Feature","ph":"B","ts":3000197,"pid":26689,"tid":26689,"args":{"ID":1729382256910336003}},{"name":"FR(FeatureA)","cat":"Feature","ph":"E","ts":3000197,"pid":26689,"tid":26689,"args":{"ID":1729382256910336003}},{"name":"Base","cat":"Feature","ph":"E","ts":3000198,"pid":26689,"tid":26689,"args":{"ID":0}}],"stackFrames":{},"timestampUnit":"us"}