{ "traceEvents":[{"name":"Base","cat":"Feature","ph":"B","ts":0,"pid":29540,"tid":29540,"args":{"ID":0}},{"name":"FR(FeatureA)","cat":"Feature","ph":"B","ts":2000146,"pid":29540,"tid":29540,"args":{"ID":1729382256910270467}},{"name":"FR(FeatureA)","cat":"Feature","ph":"E","ts":3000246,"pid":29540,"tid":29540,"args":{"ID":1729382256910270467}},{"name":"FR(FeatureA)","cat":"Feature","ph":"B","ts":3000247,"pid":29540,"tid":29540,"args":{"ID":1729382256910336003}},{"name":"FR(FeatureA)","cat":"Feature","ph":"E","ts":3000247,"pid":29540,"tid":29540,"args":{"ID":1729382256910336003}},{"name":"Base","cat":"Feature","ph":"E","ts":3000248,"pid":29540,"tid":29540,"args":{"ID":0}}],"stackFrames":{},"timestampUnit":"us"}