{ "traceEvents":[{"name":"Base","cat":"Feature","ph":"B","ts":0,"pid":12225,"tid":12225,"args":{"ID":0}},{"name":"FR(FeatureA)","cat":"Feature","ph":"B","ts":2000111,"pid":12225,"tid":12225,"args":{"ID":1729382256910270467}},{"name":"FR(FeatureA)","cat":"Feature","ph":"E","ts":3000204,"pid":12225,"tid":12225,"args":{"ID":1729382256910270467}},{"name":"FR(FeatureA)","cat":"Feature","ph":"B","ts":3000205,"pid":12225,"tid":12225,"args":{"ID":1729382256910336003}},{"name":"FR(FeatureA)","cat":"Feature","ph":"E","ts":3000205,"pid":12225,"tid":12225,"args":{"ID":1729382256910336003}},{"name":"Base","cat":"Feature","ph":"E","ts":3000205,"pid":12225,"tid":12225,"args":{"ID":0}}],"stackFrames":{},"timestampUnit":"us"}