{ "traceEvents":[{"name":"Base","cat":"Feature","ph":"B","ts":0,"pid":17853,"tid":17853,"args":{"ID":0}},{"name":"FR(FeatureA)","cat":"Feature","ph":"B","ts":2000117,"pid":17853,"tid":17853,"args":{"ID":1729382256910270467}},{"name":"FR(FeatureA)","cat":"Feature","ph":"E","ts":3000212,"pid":17853,"tid":17853,"args":{"ID":1729382256910270467}},{"name":"FR(FeatureA)","cat":"Feature","ph":"B","ts":3000212,"pid":17853,"tid":17853,"args":{"ID":1729382256910336003}},{"name":"FR(FeatureA)","cat":"Feature","ph":"E","ts":3000213,"pid":17853,"tid":17853,"args":{"ID":1729382256910336003}},{"name":"Base","cat":"Feature","ph":"E","ts":3000214,"pid":17853,"tid":17853,"args":{"ID":0}}],"stackFrames":{},"timestampUnit":"us"}