{ "traceEvents":[{"name":"Base","cat":"Feature","ph":"B","ts":0,"pid":4188850,"tid":4188850,"args":{"ID":0}},{"name":"FR(FeatureA)","cat":"Feature","ph":"B","ts":2000111,"pid":4188850,"tid":4188850,"args":{"ID":1729382256910270467}},{"name":"FR(FeatureA)","cat":"Feature","ph":"E","ts":3000202,"pid":4188850,"tid":4188850,"args":{"ID":1729382256910270467}},{"name":"FR(FeatureA)","cat":"Feature","ph":"B","ts":3000203,"pid":4188850,"tid":4188850,"args":{"ID":1729382256910336003}},{"name":"FR(FeatureA)","cat":"Feature","ph":"E","ts":3000203,"pid":4188850,"tid":4188850,"args":{"ID":1729382256910336003}},{"name":"Base","cat":"Feature","ph":"E","ts":3000204,"pid":4188850,"tid":4188850,"args":{"ID":0}}],"stackFrames":{},"timestampUnit":"us"}