{ "traceEvents":[{"name":"Base","cat":"Feature","ph":"B","ts":0,"pid":4190440,"tid":4190440,"args":{"ID":0}},{"name":"FR(FeatureA)","cat":"Feature","ph":"B","ts":2000120,"pid":4190440,"tid":4190440,"args":{"ID":1729382256910270467}},{"name":"FR(FeatureA)","cat":"Feature","ph":"E","ts":3000209,"pid":4190440,"tid":4190440,"args":{"ID":1729382256910270467}},{"name":"FR(FeatureA)","cat":"Feature","ph":"B","ts":3000209,"pid":4190440,"tid":4190440,"args":{"ID":1729382256910336003}},{"name":"FR(FeatureA)","cat":"Feature","ph":"E","ts":3000210,"pid":4190440,"tid":4190440,"args":{"ID":1729382256910336003}},{"name":"Base","cat":"Feature","ph":"E","ts":3000210,"pid":4190440,"tid":4190440,"args":{"ID":0}}],"stackFrames":{},"timestampUnit":"us"}