{ "traceEvents":[{"name":"Base","cat":"Feature","ph":"B","ts":0,"pid":30850,"tid":30850,"args":{"ID":0}},{"name":"FR(FeatureA)","cat":"Feature","ph":"B","ts":2000118,"pid":30850,"tid":30850,"args":{"ID":1729382256910270467}},{"name":"FR(FeatureA)","cat":"Feature","ph":"E","ts":3000223,"pid":30850,"tid":30850,"args":{"ID":1729382256910270467}},{"name":"FR(FeatureA)","cat":"Feature","ph":"B","ts":3000224,"pid":30850,"tid":30850,"args":{"ID":1729382256910336003}},{"name":"FR(FeatureA)","cat":"Feature","ph":"E","ts":3000225,"pid":30850,"tid":30850,"args":{"ID":1729382256910336003}},{"name":"Base","cat":"Feature","ph":"E","ts":3000225,"pid":30850,"tid":30850,"args":{"ID":0}}],"stackFrames":{},"timestampUnit":"us"}