{ "traceEvents":[{"name":"Base","cat":"Feature","ph":"B","ts":0,"pid":28018,"tid":28018,"args":{"ID":0}},{"name":"FR(FeatureA)","cat":"Feature","ph":"B","ts":2000102,"pid":28018,"tid":28018,"args":{"ID":1729382256910270467}},{"name":"FR(FeatureA)","cat":"Feature","ph":"E","ts":3000197,"pid":28018,"tid":28018,"args":{"ID":1729382256910270467}},{"name":"FR(FeatureA)","cat":"Feature","ph":"B","ts":3000198,"pid":28018,"tid":28018,"args":{"ID":1729382256910336003}},{"name":"FR(FeatureA)","cat":"Feature","ph":"E","ts":3000198,"pid":28018,"tid":28018,"args":{"ID":1729382256910336003}},{"name":"Base","cat":"Feature","ph":"E","ts":3000199,"pid":28018,"tid":28018,"args":{"ID":0}}],"stackFrames":{},"timestampUnit":"us"}