{ "traceEvents":[{"name":"Base","cat":"Feature","ph":"B","ts":0,"pid":4191689,"tid":4191689,"args":{"ID":0}},{"name":"FR(FeatureA)","cat":"Feature","ph":"B","ts":2000117,"pid":4191689,"tid":4191689,"args":{"ID":1729382256910270467}},{"name":"FR(FeatureA)","cat":"Feature","ph":"E","ts":3000205,"pid":4191689,"tid":4191689,"args":{"ID":1729382256910270467}},{"name":"FR(FeatureA)","cat":"Feature","ph":"B","ts":3000206,"pid":4191689,"tid":4191689,"args":{"ID":1729382256910336003}},{"name":"FR(FeatureA)","cat":"Feature","ph":"E","ts":3000206,"pid":4191689,"tid":4191689,"args":{"ID":1729382256910336003}},{"name":"Base","cat":"Feature","ph":"E","ts":3000207,"pid":4191689,"tid":4191689,"args":{"ID":0}}],"stackFrames":{},"timestampUnit":"us"}