{ "traceEvents":[{"name":"Base","cat":"Feature","ph":"B","ts":0,"pid":2116161,"tid":2116161,"args":{"ID":0}},{"name":"FR(FeatureA)","cat":"Feature","ph":"B","ts":2000111,"pid":2116161,"tid":2116161,"args":{"ID":1729382256910270467}},{"name":"FR(FeatureA)","cat":"Feature","ph":"E","ts":3000195,"pid":2116161,"tid":2116161,"args":{"ID":1729382256910270467}},{"name":"FR(FeatureD)","cat":"Feature","ph":"B","ts":3000196,"pid":2116161,"tid":2116161,"args":{"ID":1729382256910319619}},{"name":"FR(FeatureD)","cat":"Feature","ph":"E","ts":5000286,"pid":2116161,"tid":2116161,"args":{"ID":1729382256910319619}},{"name":"FR(FeatureA)","cat":"Feature","ph":"B","ts":5000290,"pid":2116161,"tid":2116161,"args":{"ID":1729382256910336003}},{"name":"FR(FeatureA)","cat":"Feature","ph":"E","ts":5000290,"pid":2116161,"tid":2116161,"args":{"ID":1729382256910336003}},{"name":"Base","cat":"Feature","ph":"E","ts":5000291,"pid":2116161,"tid":2116161,"args":{"ID":0}}],"stackFrames":{},"timestampUnit":"us"}