{ "traceEvents":[{"name":"Base","cat":"Feature","ph":"B","ts":0,"pid":2127542,"tid":2127542,"args":{"ID":0}},{"name":"FR(FeatureA)","cat":"Feature","ph":"B","ts":2000137,"pid":2127542,"tid":2127542,"args":{"ID":1729382256910270467}},{"name":"FR(FeatureA)","cat":"Feature","ph":"E","ts":3000246,"pid":2127542,"tid":2127542,"args":{"ID":1729382256910270467}},{"name":"FR(FeatureD)","cat":"Feature","ph":"B","ts":3000247,"pid":2127542,"tid":2127542,"args":{"ID":1729382256910319619}},{"name":"FR(FeatureD)","cat":"Feature","ph":"E","ts":5000350,"pid":2127542,"tid":2127542,"args":{"ID":1729382256910319619}},{"name":"FR(FeatureA)","cat":"Feature","ph":"B","ts":5000357,"pid":2127542,"tid":2127542,"args":{"ID":1729382256910336003}},{"name":"FR(FeatureA)","cat":"Feature","ph":"E","ts":5000357,"pid":2127542,"tid":2127542,"args":{"ID":1729382256910336003}},{"name":"Base","cat":"Feature","ph":"E","ts":5000358,"pid":2127542,"tid":2127542,"args":{"ID":0}}],"stackFrames":{},"timestampUnit":"us"}