{ "traceEvents":[{"name":"Base","cat":"Feature","ph":"B","ts":0,"pid":2111109,"tid":2111109,"args":{"ID":0}},{"name":"FR(FeatureA)","cat":"Feature","ph":"B","ts":2000140,"pid":2111109,"tid":2111109,"args":{"ID":1729382256910270467}},{"name":"FR(FeatureA)","cat":"Feature","ph":"E","ts":3000250,"pid":2111109,"tid":2111109,"args":{"ID":1729382256910270467}},{"name":"FR(FeatureD)","cat":"Feature","ph":"B","ts":3000251,"pid":2111109,"tid":2111109,"args":{"ID":1729382256910319619}},{"name":"FR(FeatureD)","cat":"Feature","ph":"E","ts":5000329,"pid":2111109,"tid":2111109,"args":{"ID":1729382256910319619}},{"name":"FR(FeatureA)","cat":"Feature","ph":"B","ts":5000336,"pid":2111109,"tid":2111109,"args":{"ID":1729382256910336003}},{"name":"FR(FeatureA)","cat":"Feature","ph":"E","ts":5000337,"pid":2111109,"tid":2111109,"args":{"ID":1729382256910336003}},{"name":"Base","cat":"Feature","ph":"E","ts":5000337,"pid":2111109,"tid":2111109,"args":{"ID":0}}],"stackFrames":{},"timestampUnit":"us"}