{ "traceEvents":[{"name":"Base","cat":"Feature","ph":"B","ts":0,"pid":2125126,"tid":2125126,"args":{"ID":0}},{"name":"FR(FeatureA)","cat":"Feature","ph":"B","ts":2000118,"pid":2125126,"tid":2125126,"args":{"ID":1729382256910270467}},{"name":"FR(FeatureA)","cat":"Feature","ph":"E","ts":3000220,"pid":2125126,"tid":2125126,"args":{"ID":1729382256910270467}},{"name":"FR(FeatureD)","cat":"Feature","ph":"B","ts":3000221,"pid":2125126,"tid":2125126,"args":{"ID":1729382256910319619}},{"name":"FR(FeatureD)","cat":"Feature","ph":"E","ts":5000312,"pid":2125126,"tid":2125126,"args":{"ID":1729382256910319619}},{"name":"FR(FeatureA)","cat":"Feature","ph":"B","ts":5000319,"pid":2125126,"tid":2125126,"args":{"ID":1729382256910336003}},{"name":"FR(FeatureA)","cat":"Feature","ph":"E","ts":5000319,"pid":2125126,"tid":2125126,"args":{"ID":1729382256910336003}},{"name":"Base","cat":"Feature","ph":"E","ts":5000320,"pid":2125126,"tid":2125126,"args":{"ID":0}}],"stackFrames":{},"timestampUnit":"us"}