{ "traceEvents":[{"name":"Base","cat":"Feature","ph":"B","ts":0,"pid":2145147,"tid":2145147,"args":{"ID":0}},{"name":"FR(FeatureA)","cat":"Feature","ph":"B","ts":2000113,"pid":2145147,"tid":2145147,"args":{"ID":1729382256910270467}},{"name":"FR(FeatureA)","cat":"Feature","ph":"E","ts":3000218,"pid":2145147,"tid":2145147,"args":{"ID":1729382256910270467}},{"name":"FR(FeatureD)","cat":"Feature","ph":"B","ts":3000219,"pid":2145147,"tid":2145147,"args":{"ID":1729382256910319619}},{"name":"FR(FeatureD)","cat":"Feature","ph":"E","ts":5000326,"pid":2145147,"tid":2145147,"args":{"ID":1729382256910319619}},{"name":"FR(FeatureA)","cat":"Feature","ph":"B","ts":5000339,"pid":2145147,"tid":2145147,"args":{"ID":1729382256910336003}},{"name":"FR(FeatureA)","cat":"Feature","ph":"E","ts":5000340,"pid":2145147,"tid":2145147,"args":{"ID":1729382256910336003}},{"name":"Base","cat":"Feature","ph":"E","ts":5000340,"pid":2145147,"tid":2145147,"args":{"ID":0}}],"stackFrames":{},"timestampUnit":"us"}