{ "traceEvents":[{"name":"Base","cat":"Feature","ph":"B","ts":0,"pid":2149354,"tid":2149354,"args":{"ID":0}},{"name":"FR(FeatureA)","cat":"Feature","ph":"B","ts":2000129,"pid":2149354,"tid":2149354,"args":{"ID":1729382256910270467}},{"name":"FR(FeatureA)","cat":"Feature","ph":"E","ts":3000226,"pid":2149354,"tid":2149354,"args":{"ID":1729382256910270467}},{"name":"FR(FeatureD)","cat":"Feature","ph":"B","ts":3000226,"pid":2149354,"tid":2149354,"args":{"ID":1729382256910319619}},{"name":"FR(FeatureD)","cat":"Feature","ph":"E","ts":5000326,"pid":2149354,"tid":2149354,"args":{"ID":1729382256910319619}},{"name":"FR(FeatureA)","cat":"Feature","ph":"B","ts":5000331,"pid":2149354,"tid":2149354,"args":{"ID":1729382256910336003}},{"name":"FR(FeatureA)","cat":"Feature","ph":"E","ts":5000332,"pid":2149354,"tid":2149354,"args":{"ID":1729382256910336003}},{"name":"Base","cat":"Feature","ph":"E","ts":5000333,"pid":2149354,"tid":2149354,"args":{"ID":0}}],"stackFrames":{},"timestampUnit":"us"}