{ "traceEvents":[{"name":"Base","cat":"Feature","ph":"B","ts":0,"pid":2113743,"tid":2113743,"args":{"ID":0}},{"name":"FR(FeatureA)","cat":"Feature","ph":"B","ts":2000126,"pid":2113743,"tid":2113743,"args":{"ID":1729382256910270467}},{"name":"FR(FeatureA)","cat":"Feature","ph":"E","ts":3000238,"pid":2113743,"tid":2113743,"args":{"ID":1729382256910270467}},{"name":"FR(FeatureD)","cat":"Feature","ph":"B","ts":3000239,"pid":2113743,"tid":2113743,"args":{"ID":1729382256910319619}},{"name":"FR(FeatureD)","cat":"Feature","ph":"E","ts":5000349,"pid":2113743,"tid":2113743,"args":{"ID":1729382256910319619}},{"name":"FR(FeatureA)","cat":"Feature","ph":"B","ts":5000355,"pid":2113743,"tid":2113743,"args":{"ID":1729382256910336003}},{"name":"FR(FeatureA)","cat":"Feature","ph":"E","ts":5000355,"pid":2113743,"tid":2113743,"args":{"ID":1729382256910336003}},{"name":"Base","cat":"Feature","ph":"E","ts":5000356,"pid":2113743,"tid":2113743,"args":{"ID":0}}],"stackFrames":{},"timestampUnit":"us"}