{ "traceEvents":[{"name":"Base","cat":"Feature","ph":"B","ts":0,"pid":2136402,"tid":2136402,"args":{"ID":0}},{"name":"FR(FeatureA)","cat":"Feature","ph":"B","ts":2000123,"pid":2136402,"tid":2136402,"args":{"ID":1729382256910270467}},{"name":"FR(FeatureA)","cat":"Feature","ph":"E","ts":3000226,"pid":2136402,"tid":2136402,"args":{"ID":1729382256910270467}},{"name":"FR(FeatureD)","cat":"Feature","ph":"B","ts":3000227,"pid":2136402,"tid":2136402,"args":{"ID":1729382256910319619}},{"name":"FR(FeatureD)","cat":"Feature","ph":"E","ts":5000337,"pid":2136402,"tid":2136402,"args":{"ID":1729382256910319619}},{"name":"FR(FeatureA)","cat":"Feature","ph":"B","ts":5000346,"pid":2136402,"tid":2136402,"args":{"ID":1729382256910336003}},{"name":"FR(FeatureA)","cat":"Feature","ph":"E","ts":5000347,"pid":2136402,"tid":2136402,"args":{"ID":1729382256910336003}},{"name":"Base","cat":"Feature","ph":"E","ts":5000347,"pid":2136402,"tid":2136402,"args":{"ID":0}}],"stackFrames":{},"timestampUnit":"us"}