{ "traceEvents":[{"name":"Base","cat":"Feature","ph":"B","ts":0,"pid":2129819,"tid":2129819,"args":{"ID":0}},{"name":"FR(FeatureA)","cat":"Feature","ph":"B","ts":2000095,"pid":2129819,"tid":2129819,"args":{"ID":1729382256910270467}},{"name":"FR(FeatureA)","cat":"Feature","ph":"E","ts":3000172,"pid":2129819,"tid":2129819,"args":{"ID":1729382256910270467}},{"name":"FR(FeatureD)","cat":"Feature","ph":"B","ts":3000173,"pid":2129819,"tid":2129819,"args":{"ID":1729382256910319619}},{"name":"FR(FeatureD)","cat":"Feature","ph":"E","ts":5000257,"pid":2129819,"tid":2129819,"args":{"ID":1729382256910319619}},{"name":"FR(FeatureA)","cat":"Feature","ph":"B","ts":5000271,"pid":2129819,"tid":2129819,"args":{"ID":1729382256910336003}},{"name":"FR(FeatureA)","cat":"Feature","ph":"E","ts":5000271,"pid":2129819,"tid":2129819,"args":{"ID":1729382256910336003}},{"name":"Base","cat":"Feature","ph":"E","ts":5000272,"pid":2129819,"tid":2129819,"args":{"ID":0}}],"stackFrames":{},"timestampUnit":"us"}