{ "traceEvents":[{"name":"Base","cat":"Feature","ph":"B","ts":0,"pid":1222538,"tid":1222538,"args":{"ID":0}},{"name":"FR(FeatureA)","cat":"Feature","ph":"B","ts":2000132,"pid":1222538,"tid":1222538,"args":{"ID":1729382256910270467}},{"name":"FR(FeatureA)","cat":"Feature","ph":"E","ts":2000132,"pid":1222538,"tid":1222538,"args":{"ID":1729382256910270467}},{"name":"FR(FeatureB)","cat":"Feature","ph":"B","ts":3000220,"pid":1222538,"tid":1222538,"args":{"ID":1729382256910286851}},{"name":"FR(FeatureB)","cat":"Feature","ph":"E","ts":3000221,"pid":1222538,"tid":1222538,"args":{"ID":1729382256910286851}},{"name":"FR(FeatureA)","cat":"Feature","ph":"E","ts":3000228,"pid":1222538,"tid":1222538,"args":{"ID":1729382256910270467}},{"name":"FR(FeatureC)","cat":"Feature","ph":"B","ts":5000322,"pid":1222538,"tid":1222538,"args":{"ID":1729382256910303235}},{"name":"FR(FeatureC)","cat":"Feature","ph":"E","ts":5000322,"pid":1222538,"tid":1222538,"args":{"ID":1729382256910303235}},{"name":"FR(FeatureB)","cat":"Feature","ph":"E","ts":5000323,"pid":1222538,"tid":1222538,"args":{"ID":1729382256910286851}},{"name":"FR(FeatureA)","cat":"Feature","ph":"E","ts":5000323,"pid":1222538,"tid":1222538,"args":{"ID":1729382256910270467}},{"name":"FR(FeatureC)","cat":"Feature","ph":"E","ts":5000324,"pid":1222538,"tid":1222538,"args":{"ID":1729382256910303235}},{"name":"FR(FeatureB)","cat":"Feature","ph":"E","ts":5000324,"pid":1222538,"tid":1222538,"args":{"ID":1729382256910286851}},{"name":"FR(FeatureA)","cat":"Feature","ph":"E","ts":5000325,"pid":1222538,"tid":1222538,"args":{"ID":1729382256910270467}},{"name":"FR(FeatureC)","cat":"Feature","ph":"E","ts":7000421,"pid":1222538,"tid":1222538,"args":{"ID":1729382256910303235}},{"name":"FR(FeatureB)","cat":"Feature","ph":"E","ts":7000423,"pid":1222538,"tid":1222538,"args":{"ID":1729382256910286851}},{"name":"FR(FeatureA)","cat":"Feature","ph":"E","ts":7000423,"pid":1222538,"tid":1222538,"args":{"ID":1729382256910270467}},{"name":"FR(FeatureC)","cat":"Feature","ph":"E","ts":7000424,"pid":1222538,"tid":1222538,"args":{"ID":1729382256910303235}},{"name":"FR(FeatureB)","cat":"Feature","ph":"E","ts":7000424,"pid":1222538,"tid":1222538,"args":{"ID":1729382256910286851}},{"name":"FR(FeatureA)","cat":"Feature","ph":"E","ts":7000425,"pid":1222538,"tid":1222538,"args":{"ID":1729382256910270467}},{"name":"FR(FeatureA)","cat":"Feature","ph":"B","ts":8000530,"pid":1222538,"tid":1222538,"args":{"ID":1729382256910319619}},{"name":"FR(FeatureB)","cat":"Feature","ph":"B","ts":8000532,"pid":1222538,"tid":1222538,"args":{"ID":1729382256910336003}},{"name":"FR(FeatureB)","cat":"Feature","ph":"E","ts":8000533,"pid":1222538,"tid":1222538,"args":{"ID":1729382256910336003}},{"name":"FR(FeatureA)","cat":"Feature","ph":"E","ts":8000533,"pid":1222538,"tid":1222538,"args":{"ID":1729382256910319619}},{"name":"FR(FeatureC)","cat":"Feature","ph":"E","ts":8000533,"pid":1222538,"tid":1222538,"args":{"ID":1729382256910303235}},{"name":"FR(FeatureB)","cat":"Feature","ph":"E","ts":8000534,"pid":1222538,"tid":1222538,"args":{"ID":1729382256910286851}},{"name":"FR(FeatureA)","cat":"Feature","ph":"E","ts":8000534,"pid":1222538,"tid":1222538,"args":{"ID":1729382256910270467}},{"name":"FR(FeatureB)","cat":"Feature","ph":"E","ts":10000623,"pid":1222538,"tid":1222538,"args":{"ID":1729382256910336003}},{"name":"FR(FeatureC)","cat":"Feature","ph":"B","ts":10000624,"pid":1222538,"tid":1222538,"args":{"ID":1729382256910352387}},{"name":"FR(FeatureC)","cat":"Feature","ph":"E","ts":10000625,"pid":1222538,"tid":1222538,"args":{"ID":1729382256910352387}},{"name":"FR(FeatureA)","cat":"Feature","ph":"E","ts":10000625,"pid":1222538,"tid":1222538,"args":{"ID":1729382256910319619}},{"name":"FR(FeatureC)","cat":"Feature","ph":"E","ts":10000625,"pid":1222538,"tid":1222538,"args":{"ID":1729382256910303235}},{"name":"FR(FeatureB)","cat":"Feature","ph":"E","ts":10000626,"pid":1222538,"tid":1222538,"args":{"ID":1729382256910286851}},{"name":"FR(FeatureA)","cat":"Feature","ph":"E","ts":10000626,"pid":1222538,"tid":1222538,"args":{"ID":1729382256910270467}},{"name":"Base","cat":"Feature","ph":"E","ts":10000627,"pid":1222538,"tid":1222538,"args":{"ID":0}}],"stackFrames":{},"timestampUnit":"us"}