{ "traceEvents":[{"name":"Base","cat":"Feature","ph":"B","ts":0,"pid":1220759,"tid":1220759,"args":{"ID":0}},{"name":"FR(FeatureA)","cat":"Feature","ph":"B","ts":2000113,"pid":1220759,"tid":1220759,"args":{"ID":1729382256910270467}},{"name":"FR(FeatureA)","cat":"Feature","ph":"E","ts":2000114,"pid":1220759,"tid":1220759,"args":{"ID":1729382256910270467}},{"name":"FR(FeatureB)","cat":"Feature","ph":"B","ts":3000199,"pid":1220759,"tid":1220759,"args":{"ID":1729382256910286851}},{"name":"FR(FeatureB)","cat":"Feature","ph":"E","ts":3000200,"pid":1220759,"tid":1220759,"args":{"ID":1729382256910286851}},{"name":"FR(FeatureA)","cat":"Feature","ph":"E","ts":3000206,"pid":1220759,"tid":1220759,"args":{"ID":1729382256910270467}},{"name":"FR(FeatureC)","cat":"Feature","ph":"B","ts":5000299,"pid":1220759,"tid":1220759,"args":{"ID":1729382256910303235}},{"name":"FR(FeatureC)","cat":"Feature","ph":"E","ts":5000300,"pid":1220759,"tid":1220759,"args":{"ID":1729382256910303235}},{"name":"FR(FeatureB)","cat":"Feature","ph":"E","ts":5000300,"pid":1220759,"tid":1220759,"args":{"ID":1729382256910286851}},{"name":"FR(FeatureA)","cat":"Feature","ph":"E","ts":5000301,"pid":1220759,"tid":1220759,"args":{"ID":1729382256910270467}},{"name":"FR(FeatureC)","cat":"Feature","ph":"E","ts":5000301,"pid":1220759,"tid":1220759,"args":{"ID":1729382256910303235}},{"name":"FR(FeatureB)","cat":"Feature","ph":"E","ts":5000302,"pid":1220759,"tid":1220759,"args":{"ID":1729382256910286851}},{"name":"FR(FeatureA)","cat":"Feature","ph":"E","ts":5000302,"pid":1220759,"tid":1220759,"args":{"ID":1729382256910270467}},{"name":"FR(FeatureC)","cat":"Feature","ph":"E","ts":7000412,"pid":1220759,"tid":1220759,"args":{"ID":1729382256910303235}},{"name":"FR(FeatureB)","cat":"Feature","ph":"E","ts":7000414,"pid":1220759,"tid":1220759,"args":{"ID":1729382256910286851}},{"name":"FR(FeatureA)","cat":"Feature","ph":"E","ts":7000414,"pid":1220759,"tid":1220759,"args":{"ID":1729382256910270467}},{"name":"FR(FeatureC)","cat":"Feature","ph":"E","ts":7000415,"pid":1220759,"tid":1220759,"args":{"ID":1729382256910303235}},{"name":"FR(FeatureB)","cat":"Feature","ph":"E","ts":7000416,"pid":1220759,"tid":1220759,"args":{"ID":1729382256910286851}},{"name":"FR(FeatureA)","cat":"Feature","ph":"E","ts":7000416,"pid":1220759,"tid":1220759,"args":{"ID":1729382256910270467}},{"name":"FR(FeatureA)","cat":"Feature","ph":"B","ts":8000542,"pid":1220759,"tid":1220759,"args":{"ID":1729382256910319619}},{"name":"FR(FeatureB)","cat":"Feature","ph":"B","ts":8000544,"pid":1220759,"tid":1220759,"args":{"ID":1729382256910336003}},{"name":"FR(FeatureB)","cat":"Feature","ph":"E","ts":8000545,"pid":1220759,"tid":1220759,"args":{"ID":1729382256910336003}},{"name":"FR(FeatureA)","cat":"Feature","ph":"E","ts":8000545,"pid":1220759,"tid":1220759,"args":{"ID":1729382256910319619}},{"name":"FR(FeatureC)","cat":"Feature","ph":"E","ts":8000546,"pid":1220759,"tid":1220759,"args":{"ID":1729382256910303235}},{"name":"FR(FeatureB)","cat":"Feature","ph":"E","ts":8000546,"pid":1220759,"tid":1220759,"args":{"ID":1729382256910286851}},{"name":"FR(FeatureA)","cat":"Feature","ph":"E","ts":8000547,"pid":1220759,"tid":1220759,"args":{"ID":1729382256910270467}},{"name":"FR(FeatureB)","cat":"Feature","ph":"E","ts":10000637,"pid":1220759,"tid":1220759,"args":{"ID":1729382256910336003}},{"name":"FR(FeatureC)","cat":"Feature","ph":"B","ts":10000637,"pid":1220759,"tid":1220759,"args":{"ID":1729382256910352387}},{"name":"FR(FeatureC)","cat":"Feature","ph":"E","ts":10000638,"pid":1220759,"tid":1220759,"args":{"ID":1729382256910352387}},{"name":"FR(FeatureA)","cat":"Feature","ph":"E","ts":10000638,"pid":1220759,"tid":1220759,"args":{"ID":1729382256910319619}},{"name":"FR(FeatureC)","cat":"Feature","ph":"E","ts":10000639,"pid":1220759,"tid":1220759,"args":{"ID":1729382256910303235}},{"name":"FR(FeatureB)","cat":"Feature","ph":"E","ts":10000639,"pid":1220759,"tid":1220759,"args":{"ID":1729382256910286851}},{"name":"FR(FeatureA)","cat":"Feature","ph":"E","ts":10000639,"pid":1220759,"tid":1220759,"args":{"ID":1729382256910270467}},{"name":"Base","cat":"Feature","ph":"E","ts":10000640,"pid":1220759,"tid":1220759,"args":{"ID":0}}],"stackFrames":{},"timestampUnit":"us"}