{ "traceEvents":[{"name":"Base","cat":"Feature","ph":"B","ts":0,"pid":1224506,"tid":1224506,"args":{"ID":0}},{"name":"FR(FeatureA)","cat":"Feature","ph":"B","ts":2000124,"pid":1224506,"tid":1224506,"args":{"ID":1729382256910270467}},{"name":"FR(FeatureA)","cat":"Feature","ph":"E","ts":2000125,"pid":1224506,"tid":1224506,"args":{"ID":1729382256910270467}},{"name":"FR(FeatureB)","cat":"Feature","ph":"B","ts":3000227,"pid":1224506,"tid":1224506,"args":{"ID":1729382256910286851}},{"name":"FR(FeatureB)","cat":"Feature","ph":"E","ts":3000227,"pid":1224506,"tid":1224506,"args":{"ID":1729382256910286851}},{"name":"FR(FeatureA)","cat":"Feature","ph":"E","ts":3000236,"pid":1224506,"tid":1224506,"args":{"ID":1729382256910270467}},{"name":"FR(FeatureC)","cat":"Feature","ph":"B","ts":5000340,"pid":1224506,"tid":1224506,"args":{"ID":1729382256910303235}},{"name":"FR(FeatureC)","cat":"Feature","ph":"E","ts":5000340,"pid":1224506,"tid":1224506,"args":{"ID":1729382256910303235}},{"name":"FR(FeatureB)","cat":"Feature","ph":"E","ts":5000341,"pid":1224506,"tid":1224506,"args":{"ID":1729382256910286851}},{"name":"FR(FeatureA)","cat":"Feature","ph":"E","ts":5000341,"pid":1224506,"tid":1224506,"args":{"ID":1729382256910270467}},{"name":"FR(FeatureC)","cat":"Feature","ph":"E","ts":5000342,"pid":1224506,"tid":1224506,"args":{"ID":1729382256910303235}},{"name":"FR(FeatureB)","cat":"Feature","ph":"E","ts":5000343,"pid":1224506,"tid":1224506,"args":{"ID":1729382256910286851}},{"name":"FR(FeatureA)","cat":"Feature","ph":"E","ts":5000343,"pid":1224506,"tid":1224506,"args":{"ID":1729382256910270467}},{"name":"FR(FeatureC)","cat":"Feature","ph":"E","ts":7000455,"pid":1224506,"tid":1224506,"args":{"ID":1729382256910303235}},{"name":"FR(FeatureB)","cat":"Feature","ph":"E","ts":7000455,"pid":1224506,"tid":1224506,"args":{"ID":1729382256910286851}},{"name":"FR(FeatureA)","cat":"Feature","ph":"E","ts":7000456,"pid":1224506,"tid":1224506,"args":{"ID":1729382256910270467}},{"name":"FR(FeatureC)","cat":"Feature","ph":"E","ts":7000457,"pid":1224506,"tid":1224506,"args":{"ID":1729382256910303235}},{"name":"FR(FeatureB)","cat":"Feature","ph":"E","ts":7000457,"pid":1224506,"tid":1224506,"args":{"ID":1729382256910286851}},{"name":"FR(FeatureA)","cat":"Feature","ph":"E","ts":7000458,"pid":1224506,"tid":1224506,"args":{"ID":1729382256910270467}},{"name":"FR(FeatureA)","cat":"Feature","ph":"B","ts":8000559,"pid":1224506,"tid":1224506,"args":{"ID":1729382256910319619}},{"name":"FR(FeatureB)","cat":"Feature","ph":"B","ts":8000559,"pid":1224506,"tid":1224506,"args":{"ID":1729382256910336003}},{"name":"FR(FeatureB)","cat":"Feature","ph":"E","ts":8000560,"pid":1224506,"tid":1224506,"args":{"ID":1729382256910336003}},{"name":"FR(FeatureA)","cat":"Feature","ph":"E","ts":8000560,"pid":1224506,"tid":1224506,"args":{"ID":1729382256910319619}},{"name":"FR(FeatureC)","cat":"Feature","ph":"E","ts":8000560,"pid":1224506,"tid":1224506,"args":{"ID":1729382256910303235}},{"name":"FR(FeatureB)","cat":"Feature","ph":"E","ts":8000561,"pid":1224506,"tid":1224506,"args":{"ID":1729382256910286851}},{"name":"FR(FeatureA)","cat":"Feature","ph":"E","ts":8000561,"pid":1224506,"tid":1224506,"args":{"ID":1729382256910270467}},{"name":"FR(FeatureB)","cat":"Feature","ph":"E","ts":10000645,"pid":1224506,"tid":1224506,"args":{"ID":1729382256910336003}},{"name":"FR(FeatureC)","cat":"Feature","ph":"B","ts":10000647,"pid":1224506,"tid":1224506,"args":{"ID":1729382256910352387}},{"name":"FR(FeatureC)","cat":"Feature","ph":"E","ts":10000648,"pid":1224506,"tid":1224506,"args":{"ID":1729382256910352387}},{"name":"FR(FeatureA)","cat":"Feature","ph":"E","ts":10000649,"pid":1224506,"tid":1224506,"args":{"ID":1729382256910319619}},{"name":"FR(FeatureC)","cat":"Feature","ph":"E","ts":10000649,"pid":1224506,"tid":1224506,"args":{"ID":1729382256910303235}},{"name":"FR(FeatureB)","cat":"Feature","ph":"E","ts":10000649,"pid":1224506,"tid":1224506,"args":{"ID":1729382256910286851}},{"name":"FR(FeatureA)","cat":"Feature","ph":"E","ts":10000650,"pid":1224506,"tid":1224506,"args":{"ID":1729382256910270467}},{"name":"Base","cat":"Feature","ph":"E","ts":10000650,"pid":1224506,"tid":1224506,"args":{"ID":0}}],"stackFrames":{},"timestampUnit":"us"}