{ "traceEvents":[{"name":"Base","cat":"Feature","ph":"B","ts":0,"pid":1225905,"tid":1225905,"args":{"ID":0}},{"name":"FR(FeatureA)","cat":"Feature","ph":"B","ts":2000084,"pid":1225905,"tid":1225905,"args":{"ID":1729382256910270467}},{"name":"FR(FeatureA)","cat":"Feature","ph":"E","ts":2000084,"pid":1225905,"tid":1225905,"args":{"ID":1729382256910270467}},{"name":"FR(FeatureB)","cat":"Feature","ph":"B","ts":3000171,"pid":1225905,"tid":1225905,"args":{"ID":1729382256910286851}},{"name":"FR(FeatureB)","cat":"Feature","ph":"E","ts":3000172,"pid":1225905,"tid":1225905,"args":{"ID":1729382256910286851}},{"name":"FR(FeatureA)","cat":"Feature","ph":"E","ts":3000179,"pid":1225905,"tid":1225905,"args":{"ID":1729382256910270467}},{"name":"FR(FeatureC)","cat":"Feature","ph":"B","ts":5000274,"pid":1225905,"tid":1225905,"args":{"ID":1729382256910303235}},{"name":"FR(FeatureC)","cat":"Feature","ph":"E","ts":5000276,"pid":1225905,"tid":1225905,"args":{"ID":1729382256910303235}},{"name":"FR(FeatureB)","cat":"Feature","ph":"E","ts":5000276,"pid":1225905,"tid":1225905,"args":{"ID":1729382256910286851}},{"name":"FR(FeatureA)","cat":"Feature","ph":"E","ts":5000277,"pid":1225905,"tid":1225905,"args":{"ID":1729382256910270467}},{"name":"FR(FeatureC)","cat":"Feature","ph":"E","ts":5000277,"pid":1225905,"tid":1225905,"args":{"ID":1729382256910303235}},{"name":"FR(FeatureB)","cat":"Feature","ph":"E","ts":5000278,"pid":1225905,"tid":1225905,"args":{"ID":1729382256910286851}},{"name":"FR(FeatureA)","cat":"Feature","ph":"E","ts":5000278,"pid":1225905,"tid":1225905,"args":{"ID":1729382256910270467}},{"name":"FR(FeatureC)","cat":"Feature","ph":"E","ts":7000369,"pid":1225905,"tid":1225905,"args":{"ID":1729382256910303235}},{"name":"FR(FeatureB)","cat":"Feature","ph":"E","ts":7000370,"pid":1225905,"tid":1225905,"args":{"ID":1729382256910286851}},{"name":"FR(FeatureA)","cat":"Feature","ph":"E","ts":7000370,"pid":1225905,"tid":1225905,"args":{"ID":1729382256910270467}},{"name":"FR(FeatureC)","cat":"Feature","ph":"E","ts":7000371,"pid":1225905,"tid":1225905,"args":{"ID":1729382256910303235}},{"name":"FR(FeatureB)","cat":"Feature","ph":"E","ts":7000371,"pid":1225905,"tid":1225905,"args":{"ID":1729382256910286851}},{"name":"FR(FeatureA)","cat":"Feature","ph":"E","ts":7000372,"pid":1225905,"tid":1225905,"args":{"ID":1729382256910270467}},{"name":"FR(FeatureA)","cat":"Feature","ph":"B","ts":8000451,"pid":1225905,"tid":1225905,"args":{"ID":1729382256910319619}},{"name":"FR(FeatureB)","cat":"Feature","ph":"B","ts":8000452,"pid":1225905,"tid":1225905,"args":{"ID":1729382256910336003}},{"name":"FR(FeatureB)","cat":"Feature","ph":"E","ts":8000452,"pid":1225905,"tid":1225905,"args":{"ID":1729382256910336003}},{"name":"FR(FeatureA)","cat":"Feature","ph":"E","ts":8000453,"pid":1225905,"tid":1225905,"args":{"ID":1729382256910319619}},{"name":"FR(FeatureC)","cat":"Feature","ph":"E","ts":8000453,"pid":1225905,"tid":1225905,"args":{"ID":1729382256910303235}},{"name":"FR(FeatureB)","cat":"Feature","ph":"E","ts":8000453,"pid":1225905,"tid":1225905,"args":{"ID":1729382256910286851}},{"name":"FR(FeatureA)","cat":"Feature","ph":"E","ts":8000454,"pid":1225905,"tid":1225905,"args":{"ID":1729382256910270467}},{"name":"FR(FeatureB)","cat":"Feature","ph":"E","ts":10000500,"pid":1225905,"tid":1225905,"args":{"ID":1729382256910336003}},{"name":"FR(FeatureC)","cat":"Feature","ph":"B","ts":10000502,"pid":1225905,"tid":1225905,"args":{"ID":1729382256910352387}},{"name":"FR(FeatureC)","cat":"Feature","ph":"E","ts":10000502,"pid":1225905,"tid":1225905,"args":{"ID":1729382256910352387}},{"name":"FR(FeatureA)","cat":"Feature","ph":"E","ts":10000503,"pid":1225905,"tid":1225905,"args":{"ID":1729382256910319619}},{"name":"FR(FeatureC)","cat":"Feature","ph":"E","ts":10000503,"pid":1225905,"tid":1225905,"args":{"ID":1729382256910303235}},{"name":"FR(FeatureB)","cat":"Feature","ph":"E","ts":10000503,"pid":1225905,"tid":1225905,"args":{"ID":1729382256910286851}},{"name":"FR(FeatureA)","cat":"Feature","ph":"E","ts":10000504,"pid":1225905,"tid":1225905,"args":{"ID":1729382256910270467}},{"name":"Base","cat":"Feature","ph":"E","ts":10000504,"pid":1225905,"tid":1225905,"args":{"ID":0}}],"stackFrames":{},"timestampUnit":"us"}