{ "traceEvents":[{"name":"Base","cat":"Feature","ph":"B","ts":0,"pid":2030864,"tid":2030864,"args":{"ID":0}},{"name":"FR(FeatureC)","cat":"Feature","ph":"B","ts":2000133,"pid":2030864,"tid":2030864,"args":{"ID":1729382256910303235}},{"name":"FR(FeatureC)","cat":"Feature","ph":"E","ts":3000251,"pid":2030864,"tid":2030864,"args":{"ID":1729382256910303235}},{"name":"FR(FeatureC)","cat":"Feature","ph":"B","ts":3000252,"pid":2030864,"tid":2030864,"args":{"ID":1729382256910368771}},{"name":"FR(FeatureC)","cat":"Feature","ph":"E","ts":3000253,"pid":2030864,"tid":2030864,"args":{"ID":1729382256910368771}},{"name":"Base","cat":"Feature","ph":"E","ts":3000268,"pid":2030864,"tid":2030864,"args":{"ID":0}}],"stackFrames":{},"timestampUnit":"us"}