{ "traceEvents":[{"name":"Base","cat":"Feature","ph":"B","ts":0,"pid":2020498,"tid":2020498,"args":{"ID":0}},{"name":"FR(FeatureC)","cat":"Feature","ph":"B","ts":2000140,"pid":2020498,"tid":2020498,"args":{"ID":1729382256910303235}},{"name":"FR(FeatureC)","cat":"Feature","ph":"E","ts":3000245,"pid":2020498,"tid":2020498,"args":{"ID":1729382256910303235}},{"name":"FR(FeatureC)","cat":"Feature","ph":"B","ts":3000245,"pid":2020498,"tid":2020498,"args":{"ID":1729382256910368771}},{"name":"FR(FeatureC)","cat":"Feature","ph":"E","ts":3000246,"pid":2020498,"tid":2020498,"args":{"ID":1729382256910368771}},{"name":"Base","cat":"Feature","ph":"E","ts":3000259,"pid":2020498,"tid":2020498,"args":{"ID":0}}],"stackFrames":{},"timestampUnit":"us"}