{ "traceEvents":[{"name":"Base","cat":"Feature","ph":"B","ts":0,"pid":2027396,"tid":2027396,"args":{"ID":0}},{"name":"FR(FeatureC)","cat":"Feature","ph":"B","ts":2000121,"pid":2027396,"tid":2027396,"args":{"ID":1729382256910303235}},{"name":"FR(FeatureC)","cat":"Feature","ph":"E","ts":3000246,"pid":2027396,"tid":2027396,"args":{"ID":1729382256910303235}},{"name":"FR(FeatureC)","cat":"Feature","ph":"B","ts":3000247,"pid":2027396,"tid":2027396,"args":{"ID":1729382256910368771}},{"name":"FR(FeatureC)","cat":"Feature","ph":"E","ts":3000248,"pid":2027396,"tid":2027396,"args":{"ID":1729382256910368771}},{"name":"Base","cat":"Feature","ph":"E","ts":3000257,"pid":2027396,"tid":2027396,"args":{"ID":0}}],"stackFrames":{},"timestampUnit":"us"}