{ "traceEvents":[{"name":"Base","cat":"Feature","ph":"B","ts":0,"pid":2008485,"tid":2008485,"args":{"ID":0}},{"name":"FR(FeatureC)","cat":"Feature","ph":"B","ts":2000122,"pid":2008485,"tid":2008485,"args":{"ID":1729382256910303235}},{"name":"FR(FeatureC)","cat":"Feature","ph":"E","ts":3000223,"pid":2008485,"tid":2008485,"args":{"ID":1729382256910303235}},{"name":"FR(FeatureC)","cat":"Feature","ph":"B","ts":3000224,"pid":2008485,"tid":2008485,"args":{"ID":1729382256910368771}},{"name":"FR(FeatureC)","cat":"Feature","ph":"E","ts":3000224,"pid":2008485,"tid":2008485,"args":{"ID":1729382256910368771}},{"name":"Base","cat":"Feature","ph":"E","ts":3000225,"pid":2008485,"tid":2008485,"args":{"ID":0}}],"stackFrames":{},"timestampUnit":"us"}