{ "traceEvents":[{"name":"Base","cat":"Feature","ph":"B","ts":0,"pid":2035293,"tid":2035293,"args":{"ID":0}},{"name":"FR(FeatureC)","cat":"Feature","ph":"B","ts":2000134,"pid":2035293,"tid":2035293,"args":{"ID":1729382256910303235}},{"name":"FR(FeatureC)","cat":"Feature","ph":"E","ts":3000229,"pid":2035293,"tid":2035293,"args":{"ID":1729382256910303235}},{"name":"FR(FeatureC)","cat":"Feature","ph":"B","ts":3000229,"pid":2035293,"tid":2035293,"args":{"ID":1729382256910368771}},{"name":"FR(FeatureC)","cat":"Feature","ph":"E","ts":3000230,"pid":2035293,"tid":2035293,"args":{"ID":1729382256910368771}},{"name":"Base","cat":"Feature","ph":"E","ts":3000237,"pid":2035293,"tid":2035293,"args":{"ID":0}}],"stackFrames":{},"timestampUnit":"us"}