{ "traceEvents":[{"name":"Base","cat":"Feature","ph":"B","ts":0,"pid":2036305,"tid":2036305,"args":{"ID":0}},{"name":"FR(FeatureC)","cat":"Feature","ph":"B","ts":2000116,"pid":2036305,"tid":2036305,"args":{"ID":1729382256910303235}},{"name":"FR(FeatureC)","cat":"Feature","ph":"E","ts":3000218,"pid":2036305,"tid":2036305,"args":{"ID":1729382256910303235}},{"name":"FR(FeatureC)","cat":"Feature","ph":"B","ts":3000219,"pid":2036305,"tid":2036305,"args":{"ID":1729382256910368771}},{"name":"FR(FeatureC)","cat":"Feature","ph":"E","ts":3000220,"pid":2036305,"tid":2036305,"args":{"ID":1729382256910368771}},{"name":"Base","cat":"Feature","ph":"E","ts":3000226,"pid":2036305,"tid":2036305,"args":{"ID":0}}],"stackFrames":{},"timestampUnit":"us"}