{ "traceEvents":[{"name":"Base","cat":"Feature","ph":"B","ts":0,"pid":2025187,"tid":2025187,"args":{"ID":0}},{"name":"FR(FeatureC)","cat":"Feature","ph":"B","ts":2000135,"pid":2025187,"tid":2025187,"args":{"ID":1729382256910303235}},{"name":"FR(FeatureC)","cat":"Feature","ph":"E","ts":3000254,"pid":2025187,"tid":2025187,"args":{"ID":1729382256910303235}},{"name":"FR(FeatureC)","cat":"Feature","ph":"B","ts":3000254,"pid":2025187,"tid":2025187,"args":{"ID":1729382256910368771}},{"name":"FR(FeatureC)","cat":"Feature","ph":"E","ts":3000255,"pid":2025187,"tid":2025187,"args":{"ID":1729382256910368771}},{"name":"Base","cat":"Feature","ph":"E","ts":3000262,"pid":2025187,"tid":2025187,"args":{"ID":0}}],"stackFrames":{},"timestampUnit":"us"}