{ "traceEvents":[{"name":"Base","cat":"Feature","ph":"B","ts":0,"pid":2038677,"tid":2038677,"args":{"ID":0}},{"name":"FR(FeatureC)","cat":"Feature","ph":"B","ts":2000146,"pid":2038677,"tid":2038677,"args":{"ID":1729382256910303235}},{"name":"FR(FeatureC)","cat":"Feature","ph":"E","ts":3000262,"pid":2038677,"tid":2038677,"args":{"ID":1729382256910303235}},{"name":"FR(FeatureC)","cat":"Feature","ph":"B","ts":3000263,"pid":2038677,"tid":2038677,"args":{"ID":1729382256910368771}},{"name":"FR(FeatureC)","cat":"Feature","ph":"E","ts":3000263,"pid":2038677,"tid":2038677,"args":{"ID":1729382256910368771}},{"name":"Base","cat":"Feature","ph":"E","ts":3000271,"pid":2038677,"tid":2038677,"args":{"ID":0}}],"stackFrames":{},"timestampUnit":"us"}