{ "traceEvents":[{"name":"Base","cat":"Feature","ph":"B","ts":0,"pid":2013914,"tid":2013914,"args":{"ID":0}},{"name":"FR(FeatureC)","cat":"Feature","ph":"B","ts":2000152,"pid":2013914,"tid":2013914,"args":{"ID":1729382256910303235}},{"name":"FR(FeatureC)","cat":"Feature","ph":"E","ts":3000286,"pid":2013914,"tid":2013914,"args":{"ID":1729382256910303235}},{"name":"FR(FeatureC)","cat":"Feature","ph":"B","ts":3000287,"pid":2013914,"tid":2013914,"args":{"ID":1729382256910368771}},{"name":"FR(FeatureC)","cat":"Feature","ph":"E","ts":3000287,"pid":2013914,"tid":2013914,"args":{"ID":1729382256910368771}},{"name":"Base","cat":"Feature","ph":"E","ts":3000288,"pid":2013914,"tid":2013914,"args":{"ID":0}}],"stackFrames":{},"timestampUnit":"us"}