{ "traceEvents":[{"name":"Base","cat":"Feature","ph":"B","ts":0,"pid":2019439,"tid":2019439,"args":{"ID":0}},{"name":"FR(FeatureC)","cat":"Feature","ph":"B","ts":2000135,"pid":2019439,"tid":2019439,"args":{"ID":1729382256910303235}},{"name":"FR(FeatureC)","cat":"Feature","ph":"E","ts":3000280,"pid":2019439,"tid":2019439,"args":{"ID":1729382256910303235}},{"name":"FR(FeatureC)","cat":"Feature","ph":"B","ts":3000281,"pid":2019439,"tid":2019439,"args":{"ID":1729382256910368771}},{"name":"FR(FeatureC)","cat":"Feature","ph":"E","ts":3000282,"pid":2019439,"tid":2019439,"args":{"ID":1729382256910368771}},{"name":"Base","cat":"Feature","ph":"E","ts":3000296,"pid":2019439,"tid":2019439,"args":{"ID":0}}],"stackFrames":{},"timestampUnit":"us"}