{ "traceEvents":[{"name":"Base","cat":"Feature","ph":"B","ts":0,"pid":2017378,"tid":2017378,"args":{"ID":0}},{"name":"FR(FeatureC)","cat":"Feature","ph":"B","ts":2000127,"pid":2017378,"tid":2017378,"args":{"ID":1729382256910303235}},{"name":"FR(FeatureC)","cat":"Feature","ph":"E","ts":3000240,"pid":2017378,"tid":2017378,"args":{"ID":1729382256910303235}},{"name":"FR(FeatureC)","cat":"Feature","ph":"B","ts":3000241,"pid":2017378,"tid":2017378,"args":{"ID":1729382256910368771}},{"name":"FR(FeatureC)","cat":"Feature","ph":"E","ts":3000241,"pid":2017378,"tid":2017378,"args":{"ID":1729382256910368771}},{"name":"Base","cat":"Feature","ph":"E","ts":3000250,"pid":2017378,"tid":2017378,"args":{"ID":0}}],"stackFrames":{},"timestampUnit":"us"}