{ "traceEvents":[{"name":"Base","cat":"Feature","ph":"B","ts":0,"pid":2018273,"tid":2018273,"args":{"ID":0}},{"name":"FR(FeatureC)","cat":"Feature","ph":"B","ts":2000157,"pid":2018273,"tid":2018273,"args":{"ID":1729382256910303235}},{"name":"FR(FeatureC)","cat":"Feature","ph":"E","ts":3000292,"pid":2018273,"tid":2018273,"args":{"ID":1729382256910303235}},{"name":"FR(FeatureC)","cat":"Feature","ph":"B","ts":3000293,"pid":2018273,"tid":2018273,"args":{"ID":1729382256910368771}},{"name":"FR(FeatureC)","cat":"Feature","ph":"E","ts":3000293,"pid":2018273,"tid":2018273,"args":{"ID":1729382256910368771}},{"name":"Base","cat":"Feature","ph":"E","ts":3000301,"pid":2018273,"tid":2018273,"args":{"ID":0}}],"stackFrames":{},"timestampUnit":"us"}