{ "traceEvents":[{"name":"Base","cat":"Feature","ph":"B","ts":0,"pid":2029632,"tid":2029632,"args":{"ID":0}},{"name":"FR(FeatureC)","cat":"Feature","ph":"B","ts":2000116,"pid":2029632,"tid":2029632,"args":{"ID":1729382256910303235}},{"name":"FR(FeatureC)","cat":"Feature","ph":"E","ts":3000218,"pid":2029632,"tid":2029632,"args":{"ID":1729382256910303235}},{"name":"FR(FeatureC)","cat":"Feature","ph":"B","ts":3000218,"pid":2029632,"tid":2029632,"args":{"ID":1729382256910368771}},{"name":"FR(FeatureC)","cat":"Feature","ph":"E","ts":3000219,"pid":2029632,"tid":2029632,"args":{"ID":1729382256910368771}},{"name":"Base","cat":"Feature","ph":"E","ts":3000224,"pid":2029632,"tid":2029632,"args":{"ID":0}}],"stackFrames":{},"timestampUnit":"us"}