{ "traceEvents":[{"name":"Base","cat":"Feature","ph":"B","ts":0,"pid":2007296,"tid":2007296,"args":{"ID":0}},{"name":"FR(FeatureC)","cat":"Feature","ph":"B","ts":2000132,"pid":2007296,"tid":2007296,"args":{"ID":1729382256910303235}},{"name":"FR(FeatureC)","cat":"Feature","ph":"E","ts":3000242,"pid":2007296,"tid":2007296,"args":{"ID":1729382256910303235}},{"name":"FR(FeatureC)","cat":"Feature","ph":"B","ts":3000243,"pid":2007296,"tid":2007296,"args":{"ID":1729382256910368771}},{"name":"FR(FeatureC)","cat":"Feature","ph":"E","ts":3000243,"pid":2007296,"tid":2007296,"args":{"ID":1729382256910368771}},{"name":"Base","cat":"Feature","ph":"E","ts":3000243,"pid":2007296,"tid":2007296,"args":{"ID":0}}],"stackFrames":{},"timestampUnit":"us"}