{ "traceEvents":[{"name":"Base","cat":"Feature","ph":"B","ts":0,"pid":2031893,"tid":2031893,"args":{"ID":0}},{"name":"FR(FeatureC)","cat":"Feature","ph":"B","ts":2000105,"pid":2031893,"tid":2031893,"args":{"ID":1729382256910303235}},{"name":"FR(FeatureC)","cat":"Feature","ph":"E","ts":3000196,"pid":2031893,"tid":2031893,"args":{"ID":1729382256910303235}},{"name":"FR(FeatureC)","cat":"Feature","ph":"B","ts":3000197,"pid":2031893,"tid":2031893,"args":{"ID":1729382256910368771}},{"name":"FR(FeatureC)","cat":"Feature","ph":"E","ts":3000197,"pid":2031893,"tid":2031893,"args":{"ID":1729382256910368771}},{"name":"Base","cat":"Feature","ph":"E","ts":3000204,"pid":2031893,"tid":2031893,"args":{"ID":0}}],"stackFrames":{},"timestampUnit":"us"}