{ "traceEvents":[{"name":"Base","cat":"Feature","ph":"B","ts":0,"pid":2015143,"tid":2015143,"args":{"ID":0}},{"name":"FR(FeatureC)","cat":"Feature","ph":"B","ts":2000115,"pid":2015143,"tid":2015143,"args":{"ID":1729382256910303235}},{"name":"FR(FeatureC)","cat":"Feature","ph":"E","ts":3000227,"pid":2015143,"tid":2015143,"args":{"ID":1729382256910303235}},{"name":"FR(FeatureC)","cat":"Feature","ph":"B","ts":3000227,"pid":2015143,"tid":2015143,"args":{"ID":1729382256910368771}},{"name":"FR(FeatureC)","cat":"Feature","ph":"E","ts":3000228,"pid":2015143,"tid":2015143,"args":{"ID":1729382256910368771}},{"name":"Base","cat":"Feature","ph":"E","ts":3000229,"pid":2015143,"tid":2015143,"args":{"ID":0}}],"stackFrames":{},"timestampUnit":"us"}