{ "traceEvents":[{"name":"Base","cat":"Feature","ph":"B","ts":0,"pid":2034096,"tid":2034096,"args":{"ID":0}},{"name":"FR(FeatureC)","cat":"Feature","ph":"B","ts":2000107,"pid":2034096,"tid":2034096,"args":{"ID":1729382256910303235}},{"name":"FR(FeatureC)","cat":"Feature","ph":"E","ts":3000212,"pid":2034096,"tid":2034096,"args":{"ID":1729382256910303235}},{"name":"FR(FeatureC)","cat":"Feature","ph":"B","ts":3000213,"pid":2034096,"tid":2034096,"args":{"ID":1729382256910368771}},{"name":"FR(FeatureC)","cat":"Feature","ph":"E","ts":3000213,"pid":2034096,"tid":2034096,"args":{"ID":1729382256910368771}},{"name":"Base","cat":"Feature","ph":"E","ts":3000219,"pid":2034096,"tid":2034096,"args":{"ID":0}}],"stackFrames":{},"timestampUnit":"us"}