{ "traceEvents":[{"name":"Base","cat":"Feature","ph":"B","ts":0,"pid":1144761,"tid":1144761,"args":{"ID":0}},{"name":"FR(FeatureA)","cat":"Feature","ph":"B","ts":2000110,"pid":1144761,"tid":1144761,"args":{"ID":1729382256910270467}},{"name":"FR(FeatureA)","cat":"Feature","ph":"E","ts":4000193,"pid":1144761,"tid":1144761,"args":{"ID":1729382256910270467}},{"name":"FR(FeatureB)","cat":"Feature","ph":"B","ts":4000193,"pid":1144761,"tid":1144761,"args":{"ID":1729382256910286851}},{"name":"FR(FeatureB)","cat":"Feature","ph":"E","ts":6000287,"pid":1144761,"tid":1144761,"args":{"ID":1729382256910286851}},{"name":"FR(FeatureC)","cat":"Feature","ph":"B","ts":6000292,"pid":1144761,"tid":1144761,"args":{"ID":1729382256910303235}},{"name":"FR(FeatureC)","cat":"Feature","ph":"E","ts":7000398,"pid":1144761,"tid":1144761,"args":{"ID":1729382256910303235}},{"name":"FR(FeatureC)","cat":"Feature","ph":"B","ts":7000399,"pid":1144761,"tid":1144761,"args":{"ID":1729382256910368771}},{"name":"FR(FeatureC)","cat":"Feature","ph":"E","ts":7000400,"pid":1144761,"tid":1144761,"args":{"ID":1729382256910368771}},{"name":"Base","cat":"Feature","ph":"E","ts":7000400,"pid":1144761,"tid":1144761,"args":{"ID":0}}],"stackFrames":{},"timestampUnit":"us"}