{ "traceEvents":[{"name":"Base","cat":"Feature","ph":"B","ts":0,"pid":1192145,"tid":1192145,"args":{"ID":0}},{"name":"FR(FeatureA)","cat":"Feature","ph":"B","ts":2000103,"pid":1192145,"tid":1192145,"args":{"ID":1729382256910270467}},{"name":"FR(FeatureA)","cat":"Feature","ph":"E","ts":4000192,"pid":1192145,"tid":1192145,"args":{"ID":1729382256910270467}},{"name":"FR(FeatureB)","cat":"Feature","ph":"B","ts":4000192,"pid":1192145,"tid":1192145,"args":{"ID":1729382256910286851}},{"name":"FR(FeatureB)","cat":"Feature","ph":"E","ts":6000282,"pid":1192145,"tid":1192145,"args":{"ID":1729382256910286851}},{"name":"FR(FeatureC)","cat":"Feature","ph":"B","ts":6000288,"pid":1192145,"tid":1192145,"args":{"ID":1729382256910303235}},{"name":"FR(FeatureC)","cat":"Feature","ph":"E","ts":7000367,"pid":1192145,"tid":1192145,"args":{"ID":1729382256910303235}},{"name":"FR(FeatureC)","cat":"Feature","ph":"B","ts":7000368,"pid":1192145,"tid":1192145,"args":{"ID":1729382256910368771}},{"name":"FR(FeatureC)","cat":"Feature","ph":"E","ts":7000368,"pid":1192145,"tid":1192145,"args":{"ID":1729382256910368771}},{"name":"Base","cat":"Feature","ph":"E","ts":7000369,"pid":1192145,"tid":1192145,"args":{"ID":0}}],"stackFrames":{},"timestampUnit":"us"}