{ "traceEvents":[{"name":"Base","cat":"Feature","ph":"B","ts":0,"pid":1184953,"tid":1184953,"args":{"ID":0}},{"name":"FR(FeatureA)","cat":"Feature","ph":"B","ts":2000135,"pid":1184953,"tid":1184953,"args":{"ID":1729382256910270467}},{"name":"FR(FeatureA)","cat":"Feature","ph":"E","ts":4000234,"pid":1184953,"tid":1184953,"args":{"ID":1729382256910270467}},{"name":"FR(FeatureB)","cat":"Feature","ph":"B","ts":4000234,"pid":1184953,"tid":1184953,"args":{"ID":1729382256910286851}},{"name":"FR(FeatureB)","cat":"Feature","ph":"E","ts":6000356,"pid":1184953,"tid":1184953,"args":{"ID":1729382256910286851}},{"name":"FR(FeatureC)","cat":"Feature","ph":"B","ts":6000361,"pid":1184953,"tid":1184953,"args":{"ID":1729382256910303235}},{"name":"FR(FeatureC)","cat":"Feature","ph":"E","ts":7000477,"pid":1184953,"tid":1184953,"args":{"ID":1729382256910303235}},{"name":"FR(FeatureC)","cat":"Feature","ph":"B","ts":7000477,"pid":1184953,"tid":1184953,"args":{"ID":1729382256910368771}},{"name":"FR(FeatureC)","cat":"Feature","ph":"E","ts":7000478,"pid":1184953,"tid":1184953,"args":{"ID":1729382256910368771}},{"name":"Base","cat":"Feature","ph":"E","ts":7000479,"pid":1184953,"tid":1184953,"args":{"ID":0}}],"stackFrames":{},"timestampUnit":"us"}