{ "traceEvents":[{"name":"Base","cat":"Feature","ph":"B","ts":0,"pid":1147113,"tid":1147113,"args":{"ID":0}},{"name":"FR(FeatureA)","cat":"Feature","ph":"B","ts":2000103,"pid":1147113,"tid":1147113,"args":{"ID":1729382256910270467}},{"name":"FR(FeatureA)","cat":"Feature","ph":"E","ts":4000191,"pid":1147113,"tid":1147113,"args":{"ID":1729382256910270467}},{"name":"FR(FeatureB)","cat":"Feature","ph":"B","ts":4000191,"pid":1147113,"tid":1147113,"args":{"ID":1729382256910286851}},{"name":"FR(FeatureB)","cat":"Feature","ph":"E","ts":6000295,"pid":1147113,"tid":1147113,"args":{"ID":1729382256910286851}},{"name":"FR(FeatureC)","cat":"Feature","ph":"B","ts":6000303,"pid":1147113,"tid":1147113,"args":{"ID":1729382256910303235}},{"name":"FR(FeatureC)","cat":"Feature","ph":"E","ts":7000391,"pid":1147113,"tid":1147113,"args":{"ID":1729382256910303235}},{"name":"FR(FeatureC)","cat":"Feature","ph":"B","ts":7000391,"pid":1147113,"tid":1147113,"args":{"ID":1729382256910368771}},{"name":"FR(FeatureC)","cat":"Feature","ph":"E","ts":7000392,"pid":1147113,"tid":1147113,"args":{"ID":1729382256910368771}},{"name":"Base","cat":"Feature","ph":"E","ts":7000392,"pid":1147113,"tid":1147113,"args":{"ID":0}}],"stackFrames":{},"timestampUnit":"us"}