{ "traceEvents":[{"name":"Base","cat":"Feature","ph":"B","ts":0,"pid":1166258,"tid":1166258,"args":{"ID":0}},{"name":"FR(FeatureA)","cat":"Feature","ph":"B","ts":2000134,"pid":1166258,"tid":1166258,"args":{"ID":1729382256910270467}},{"name":"FR(FeatureA)","cat":"Feature","ph":"E","ts":4000230,"pid":1166258,"tid":1166258,"args":{"ID":1729382256910270467}},{"name":"FR(FeatureB)","cat":"Feature","ph":"B","ts":4000231,"pid":1166258,"tid":1166258,"args":{"ID":1729382256910286851}},{"name":"FR(FeatureB)","cat":"Feature","ph":"E","ts":6000337,"pid":1166258,"tid":1166258,"args":{"ID":1729382256910286851}},{"name":"FR(FeatureC)","cat":"Feature","ph":"B","ts":6000342,"pid":1166258,"tid":1166258,"args":{"ID":1729382256910303235}},{"name":"FR(FeatureC)","cat":"Feature","ph":"E","ts":7000444,"pid":1166258,"tid":1166258,"args":{"ID":1729382256910303235}},{"name":"FR(FeatureC)","cat":"Feature","ph":"B","ts":7000445,"pid":1166258,"tid":1166258,"args":{"ID":1729382256910368771}},{"name":"FR(FeatureC)","cat":"Feature","ph":"E","ts":7000446,"pid":1166258,"tid":1166258,"args":{"ID":1729382256910368771}},{"name":"Base","cat":"Feature","ph":"E","ts":7000446,"pid":1166258,"tid":1166258,"args":{"ID":0}}],"stackFrames":{},"timestampUnit":"us"}