{ "traceEvents":[{"name":"Base","cat":"Feature","ph":"B","ts":0,"pid":1163753,"tid":1163753,"args":{"ID":0}},{"name":"FR(FeatureA)","cat":"Feature","ph":"B","ts":2000117,"pid":1163753,"tid":1163753,"args":{"ID":1729382256910270467}},{"name":"FR(FeatureA)","cat":"Feature","ph":"E","ts":4000216,"pid":1163753,"tid":1163753,"args":{"ID":1729382256910270467}},{"name":"FR(FeatureB)","cat":"Feature","ph":"B","ts":4000217,"pid":1163753,"tid":1163753,"args":{"ID":1729382256910286851}},{"name":"FR(FeatureB)","cat":"Feature","ph":"E","ts":6000325,"pid":1163753,"tid":1163753,"args":{"ID":1729382256910286851}},{"name":"FR(FeatureC)","cat":"Feature","ph":"B","ts":6000331,"pid":1163753,"tid":1163753,"args":{"ID":1729382256910303235}},{"name":"FR(FeatureC)","cat":"Feature","ph":"E","ts":7000436,"pid":1163753,"tid":1163753,"args":{"ID":1729382256910303235}},{"name":"FR(FeatureC)","cat":"Feature","ph":"B","ts":7000437,"pid":1163753,"tid":1163753,"args":{"ID":1729382256910368771}},{"name":"FR(FeatureC)","cat":"Feature","ph":"E","ts":7000437,"pid":1163753,"tid":1163753,"args":{"ID":1729382256910368771}},{"name":"Base","cat":"Feature","ph":"E","ts":7000438,"pid":1163753,"tid":1163753,"args":{"ID":0}}],"stackFrames":{},"timestampUnit":"us"}