{ "traceEvents":[{"name":"Base","cat":"Feature","ph":"B","ts":0,"pid":1199041,"tid":1199041,"args":{"ID":0}},{"name":"FR(FeatureA)","cat":"Feature","ph":"B","ts":2000140,"pid":1199041,"tid":1199041,"args":{"ID":1729382256910270467}},{"name":"FR(FeatureA)","cat":"Feature","ph":"E","ts":4000256,"pid":1199041,"tid":1199041,"args":{"ID":1729382256910270467}},{"name":"FR(FeatureB)","cat":"Feature","ph":"B","ts":4000257,"pid":1199041,"tid":1199041,"args":{"ID":1729382256910286851}},{"name":"FR(FeatureB)","cat":"Feature","ph":"E","ts":6000368,"pid":1199041,"tid":1199041,"args":{"ID":1729382256910286851}},{"name":"FR(FeatureC)","cat":"Feature","ph":"B","ts":6000375,"pid":1199041,"tid":1199041,"args":{"ID":1729382256910303235}},{"name":"FR(FeatureC)","cat":"Feature","ph":"E","ts":7000477,"pid":1199041,"tid":1199041,"args":{"ID":1729382256910303235}},{"name":"FR(FeatureC)","cat":"Feature","ph":"B","ts":7000478,"pid":1199041,"tid":1199041,"args":{"ID":1729382256910368771}},{"name":"FR(FeatureC)","cat":"Feature","ph":"E","ts":7000479,"pid":1199041,"tid":1199041,"args":{"ID":1729382256910368771}},{"name":"Base","cat":"Feature","ph":"E","ts":7000479,"pid":1199041,"tid":1199041,"args":{"ID":0}}],"stackFrames":{},"timestampUnit":"us"}