{ "traceEvents":[{"name":"Base","cat":"Feature","ph":"B","ts":0,"pid":1137695,"tid":1137695,"args":{"ID":0}},{"name":"FR(FeatureA)","cat":"Feature","ph":"B","ts":2000120,"pid":1137695,"tid":1137695,"args":{"ID":1729382256910270467}},{"name":"FR(FeatureA)","cat":"Feature","ph":"E","ts":4000210,"pid":1137695,"tid":1137695,"args":{"ID":1729382256910270467}},{"name":"FR(FeatureB)","cat":"Feature","ph":"B","ts":4000210,"pid":1137695,"tid":1137695,"args":{"ID":1729382256910286851}},{"name":"FR(FeatureB)","cat":"Feature","ph":"E","ts":6000313,"pid":1137695,"tid":1137695,"args":{"ID":1729382256910286851}},{"name":"FR(FeatureC)","cat":"Feature","ph":"B","ts":6000318,"pid":1137695,"tid":1137695,"args":{"ID":1729382256910303235}},{"name":"FR(FeatureC)","cat":"Feature","ph":"E","ts":7000416,"pid":1137695,"tid":1137695,"args":{"ID":1729382256910303235}},{"name":"FR(FeatureC)","cat":"Feature","ph":"B","ts":7000416,"pid":1137695,"tid":1137695,"args":{"ID":1729382256910368771}},{"name":"FR(FeatureC)","cat":"Feature","ph":"E","ts":7000417,"pid":1137695,"tid":1137695,"args":{"ID":1729382256910368771}},{"name":"Base","cat":"Feature","ph":"E","ts":7000418,"pid":1137695,"tid":1137695,"args":{"ID":0}}],"stackFrames":{},"timestampUnit":"us"}