{ "traceEvents":[{"name":"Base","cat":"Feature","ph":"B","ts":0,"pid":1173249,"tid":1173249,"args":{"ID":0}},{"name":"FR(FeatureA)","cat":"Feature","ph":"B","ts":2000129,"pid":1173249,"tid":1173249,"args":{"ID":1729382256910270467}},{"name":"FR(FeatureA)","cat":"Feature","ph":"E","ts":4000225,"pid":1173249,"tid":1173249,"args":{"ID":1729382256910270467}},{"name":"FR(FeatureB)","cat":"Feature","ph":"B","ts":4000226,"pid":1173249,"tid":1173249,"args":{"ID":1729382256910286851}},{"name":"FR(FeatureB)","cat":"Feature","ph":"E","ts":6000326,"pid":1173249,"tid":1173249,"args":{"ID":1729382256910286851}},{"name":"FR(FeatureC)","cat":"Feature","ph":"B","ts":6000335,"pid":1173249,"tid":1173249,"args":{"ID":1729382256910303235}},{"name":"FR(FeatureC)","cat":"Feature","ph":"E","ts":7000428,"pid":1173249,"tid":1173249,"args":{"ID":1729382256910303235}},{"name":"FR(FeatureC)","cat":"Feature","ph":"B","ts":7000428,"pid":1173249,"tid":1173249,"args":{"ID":1729382256910368771}},{"name":"FR(FeatureC)","cat":"Feature","ph":"E","ts":7000429,"pid":1173249,"tid":1173249,"args":{"ID":1729382256910368771}},{"name":"Base","cat":"Feature","ph":"E","ts":7000429,"pid":1173249,"tid":1173249,"args":{"ID":0}}],"stackFrames":{},"timestampUnit":"us"}