{ "traceEvents":[{"name":"Base","cat":"Feature","ph":"B","ts":0,"pid":1177911,"tid":1177911,"args":{"ID":0}},{"name":"FR(FeatureA)","cat":"Feature","ph":"B","ts":2000126,"pid":1177911,"tid":1177911,"args":{"ID":1729382256910270467}},{"name":"FR(FeatureA)","cat":"Feature","ph":"E","ts":4000218,"pid":1177911,"tid":1177911,"args":{"ID":1729382256910270467}},{"name":"FR(FeatureB)","cat":"Feature","ph":"B","ts":4000219,"pid":1177911,"tid":1177911,"args":{"ID":1729382256910286851}},{"name":"FR(FeatureB)","cat":"Feature","ph":"E","ts":6000320,"pid":1177911,"tid":1177911,"args":{"ID":1729382256910286851}},{"name":"FR(FeatureC)","cat":"Feature","ph":"B","ts":6000326,"pid":1177911,"tid":1177911,"args":{"ID":1729382256910303235}},{"name":"FR(FeatureC)","cat":"Feature","ph":"E","ts":7000421,"pid":1177911,"tid":1177911,"args":{"ID":1729382256910303235}},{"name":"FR(FeatureC)","cat":"Feature","ph":"B","ts":7000421,"pid":1177911,"tid":1177911,"args":{"ID":1729382256910368771}},{"name":"FR(FeatureC)","cat":"Feature","ph":"E","ts":7000422,"pid":1177911,"tid":1177911,"args":{"ID":1729382256910368771}},{"name":"Base","cat":"Feature","ph":"E","ts":7000423,"pid":1177911,"tid":1177911,"args":{"ID":0}}],"stackFrames":{},"timestampUnit":"us"}