{ "traceEvents":[{"name":"Base","cat":"Feature","ph":"B","ts":0,"pid":1142312,"tid":1142312,"args":{"ID":0}},{"name":"FR(FeatureA)","cat":"Feature","ph":"B","ts":2000139,"pid":1142312,"tid":1142312,"args":{"ID":1729382256910270467}},{"name":"FR(FeatureA)","cat":"Feature","ph":"E","ts":4000240,"pid":1142312,"tid":1142312,"args":{"ID":1729382256910270467}},{"name":"FR(FeatureB)","cat":"Feature","ph":"B","ts":4000240,"pid":1142312,"tid":1142312,"args":{"ID":1729382256910286851}},{"name":"FR(FeatureB)","cat":"Feature","ph":"E","ts":6000354,"pid":1142312,"tid":1142312,"args":{"ID":1729382256910286851}},{"name":"FR(FeatureC)","cat":"Feature","ph":"B","ts":6000360,"pid":1142312,"tid":1142312,"args":{"ID":1729382256910303235}},{"name":"FR(FeatureC)","cat":"Feature","ph":"E","ts":7000452,"pid":1142312,"tid":1142312,"args":{"ID":1729382256910303235}},{"name":"FR(FeatureC)","cat":"Feature","ph":"B","ts":7000452,"pid":1142312,"tid":1142312,"args":{"ID":1729382256910368771}},{"name":"FR(FeatureC)","cat":"Feature","ph":"E","ts":7000453,"pid":1142312,"tid":1142312,"args":{"ID":1729382256910368771}},{"name":"Base","cat":"Feature","ph":"E","ts":7000454,"pid":1142312,"tid":1142312,"args":{"ID":0}}],"stackFrames":{},"timestampUnit":"us"}