{ "traceEvents":[{"name":"Base","cat":"Feature","ph":"B","ts":0,"pid":1139928,"tid":1139928,"args":{"ID":0}},{"name":"FR(FeatureA)","cat":"Feature","ph":"B","ts":2000126,"pid":1139928,"tid":1139928,"args":{"ID":1729382256910270467}},{"name":"FR(FeatureA)","cat":"Feature","ph":"E","ts":4000222,"pid":1139928,"tid":1139928,"args":{"ID":1729382256910270467}},{"name":"FR(FeatureB)","cat":"Feature","ph":"B","ts":4000223,"pid":1139928,"tid":1139928,"args":{"ID":1729382256910286851}},{"name":"FR(FeatureB)","cat":"Feature","ph":"E","ts":6000322,"pid":1139928,"tid":1139928,"args":{"ID":1729382256910286851}},{"name":"FR(FeatureC)","cat":"Feature","ph":"B","ts":6000327,"pid":1139928,"tid":1139928,"args":{"ID":1729382256910303235}},{"name":"FR(FeatureC)","cat":"Feature","ph":"E","ts":7000417,"pid":1139928,"tid":1139928,"args":{"ID":1729382256910303235}},{"name":"FR(FeatureC)","cat":"Feature","ph":"B","ts":7000417,"pid":1139928,"tid":1139928,"args":{"ID":1729382256910368771}},{"name":"FR(FeatureC)","cat":"Feature","ph":"E","ts":7000418,"pid":1139928,"tid":1139928,"args":{"ID":1729382256910368771}},{"name":"Base","cat":"Feature","ph":"E","ts":7000418,"pid":1139928,"tid":1139928,"args":{"ID":0}}],"stackFrames":{},"timestampUnit":"us"}