{ "traceEvents":[{"name":"Base","cat":"Feature","ph":"B","ts":0,"pid":1194308,"tid":1194308,"args":{"ID":0}},{"name":"FR(FeatureA)","cat":"Feature","ph":"B","ts":2000122,"pid":1194308,"tid":1194308,"args":{"ID":1729382256910270467}},{"name":"FR(FeatureA)","cat":"Feature","ph":"E","ts":4000229,"pid":1194308,"tid":1194308,"args":{"ID":1729382256910270467}},{"name":"FR(FeatureB)","cat":"Feature","ph":"B","ts":4000229,"pid":1194308,"tid":1194308,"args":{"ID":1729382256910286851}},{"name":"FR(FeatureB)","cat":"Feature","ph":"E","ts":6000335,"pid":1194308,"tid":1194308,"args":{"ID":1729382256910286851}},{"name":"FR(FeatureC)","cat":"Feature","ph":"B","ts":6000340,"pid":1194308,"tid":1194308,"args":{"ID":1729382256910303235}},{"name":"FR(FeatureC)","cat":"Feature","ph":"E","ts":7000435,"pid":1194308,"tid":1194308,"args":{"ID":1729382256910303235}},{"name":"FR(FeatureC)","cat":"Feature","ph":"B","ts":7000436,"pid":1194308,"tid":1194308,"args":{"ID":1729382256910368771}},{"name":"FR(FeatureC)","cat":"Feature","ph":"E","ts":7000436,"pid":1194308,"tid":1194308,"args":{"ID":1729382256910368771}},{"name":"Base","cat":"Feature","ph":"E","ts":7000437,"pid":1194308,"tid":1194308,"args":{"ID":0}}],"stackFrames":{},"timestampUnit":"us"}