{ "traceEvents":[{"name":"Base","cat":"Feature","ph":"B","ts":0,"pid":1154171,"tid":1154171,"args":{"ID":0}},{"name":"FR(FeatureA)","cat":"Feature","ph":"B","ts":2000130,"pid":1154171,"tid":1154171,"args":{"ID":1729382256910270467}},{"name":"FR(FeatureA)","cat":"Feature","ph":"E","ts":4000228,"pid":1154171,"tid":1154171,"args":{"ID":1729382256910270467}},{"name":"FR(FeatureB)","cat":"Feature","ph":"B","ts":4000228,"pid":1154171,"tid":1154171,"args":{"ID":1729382256910286851}},{"name":"FR(FeatureB)","cat":"Feature","ph":"E","ts":6000332,"pid":1154171,"tid":1154171,"args":{"ID":1729382256910286851}},{"name":"FR(FeatureC)","cat":"Feature","ph":"B","ts":6000343,"pid":1154171,"tid":1154171,"args":{"ID":1729382256910303235}},{"name":"FR(FeatureC)","cat":"Feature","ph":"E","ts":7000457,"pid":1154171,"tid":1154171,"args":{"ID":1729382256910303235}},{"name":"FR(FeatureC)","cat":"Feature","ph":"B","ts":7000457,"pid":1154171,"tid":1154171,"args":{"ID":1729382256910368771}},{"name":"FR(FeatureC)","cat":"Feature","ph":"E","ts":7000458,"pid":1154171,"tid":1154171,"args":{"ID":1729382256910368771}},{"name":"Base","cat":"Feature","ph":"E","ts":7000459,"pid":1154171,"tid":1154171,"args":{"ID":0}}],"stackFrames":{},"timestampUnit":"us"}