{ "traceEvents":[{"name":"Base","cat":"Feature","ph":"B","ts":0,"pid":1170820,"tid":1170820,"args":{"ID":0}},{"name":"FR(FeatureA)","cat":"Feature","ph":"B","ts":2000113,"pid":1170820,"tid":1170820,"args":{"ID":1729382256910270467}},{"name":"FR(FeatureA)","cat":"Feature","ph":"E","ts":4000201,"pid":1170820,"tid":1170820,"args":{"ID":1729382256910270467}},{"name":"FR(FeatureB)","cat":"Feature","ph":"B","ts":4000202,"pid":1170820,"tid":1170820,"args":{"ID":1729382256910286851}},{"name":"FR(FeatureB)","cat":"Feature","ph":"E","ts":6000294,"pid":1170820,"tid":1170820,"args":{"ID":1729382256910286851}},{"name":"FR(FeatureC)","cat":"Feature","ph":"B","ts":6000299,"pid":1170820,"tid":1170820,"args":{"ID":1729382256910303235}},{"name":"FR(FeatureC)","cat":"Feature","ph":"E","ts":7000385,"pid":1170820,"tid":1170820,"args":{"ID":1729382256910303235}},{"name":"FR(FeatureC)","cat":"Feature","ph":"B","ts":7000386,"pid":1170820,"tid":1170820,"args":{"ID":1729382256910368771}},{"name":"FR(FeatureC)","cat":"Feature","ph":"E","ts":7000386,"pid":1170820,"tid":1170820,"args":{"ID":1729382256910368771}},{"name":"Base","cat":"Feature","ph":"E","ts":7000387,"pid":1170820,"tid":1170820,"args":{"ID":0}}],"stackFrames":{},"timestampUnit":"us"}