{ "traceEvents":[{"name":"Base","cat":"Feature","ph":"B","ts":0,"pid":1196803,"tid":1196803,"args":{"ID":0}},{"name":"FR(FeatureA)","cat":"Feature","ph":"B","ts":2000116,"pid":1196803,"tid":1196803,"args":{"ID":1729382256910270467}},{"name":"FR(FeatureA)","cat":"Feature","ph":"E","ts":4000213,"pid":1196803,"tid":1196803,"args":{"ID":1729382256910270467}},{"name":"FR(FeatureB)","cat":"Feature","ph":"B","ts":4000214,"pid":1196803,"tid":1196803,"args":{"ID":1729382256910286851}},{"name":"FR(FeatureB)","cat":"Feature","ph":"E","ts":6000317,"pid":1196803,"tid":1196803,"args":{"ID":1729382256910286851}},{"name":"FR(FeatureC)","cat":"Feature","ph":"B","ts":6000322,"pid":1196803,"tid":1196803,"args":{"ID":1729382256910303235}},{"name":"FR(FeatureC)","cat":"Feature","ph":"E","ts":7000421,"pid":1196803,"tid":1196803,"args":{"ID":1729382256910303235}},{"name":"FR(FeatureC)","cat":"Feature","ph":"B","ts":7000422,"pid":1196803,"tid":1196803,"args":{"ID":1729382256910368771}},{"name":"FR(FeatureC)","cat":"Feature","ph":"E","ts":7000423,"pid":1196803,"tid":1196803,"args":{"ID":1729382256910368771}},{"name":"Base","cat":"Feature","ph":"E","ts":7000423,"pid":1196803,"tid":1196803,"args":{"ID":0}}],"stackFrames":{},"timestampUnit":"us"}