{ "traceEvents":[{"name":"Base","cat":"Feature","ph":"B","ts":0,"pid":1180091,"tid":1180091,"args":{"ID":0}},{"name":"FR(FeatureA)","cat":"Feature","ph":"B","ts":2000135,"pid":1180091,"tid":1180091,"args":{"ID":1729382256910270467}},{"name":"FR(FeatureA)","cat":"Feature","ph":"E","ts":4000246,"pid":1180091,"tid":1180091,"args":{"ID":1729382256910270467}},{"name":"FR(FeatureB)","cat":"Feature","ph":"B","ts":4000246,"pid":1180091,"tid":1180091,"args":{"ID":1729382256910286851}},{"name":"FR(FeatureB)","cat":"Feature","ph":"E","ts":6000343,"pid":1180091,"tid":1180091,"args":{"ID":1729382256910286851}},{"name":"FR(FeatureC)","cat":"Feature","ph":"B","ts":6000348,"pid":1180091,"tid":1180091,"args":{"ID":1729382256910303235}},{"name":"FR(FeatureC)","cat":"Feature","ph":"E","ts":7000447,"pid":1180091,"tid":1180091,"args":{"ID":1729382256910303235}},{"name":"FR(FeatureC)","cat":"Feature","ph":"B","ts":7000448,"pid":1180091,"tid":1180091,"args":{"ID":1729382256910368771}},{"name":"FR(FeatureC)","cat":"Feature","ph":"E","ts":7000449,"pid":1180091,"tid":1180091,"args":{"ID":1729382256910368771}},{"name":"Base","cat":"Feature","ph":"E","ts":7000449,"pid":1180091,"tid":1180091,"args":{"ID":0}}],"stackFrames":{},"timestampUnit":"us"}