{ "traceEvents":[{"name":"Base","cat":"Feature","ph":"B","ts":0,"pid":1201546,"tid":1201546,"args":{"ID":0}},{"name":"FR(FeatureA)","cat":"Feature","ph":"B","ts":2000103,"pid":1201546,"tid":1201546,"args":{"ID":1729382256910270467}},{"name":"FR(FeatureA)","cat":"Feature","ph":"E","ts":4000194,"pid":1201546,"tid":1201546,"args":{"ID":1729382256910270467}},{"name":"FR(FeatureB)","cat":"Feature","ph":"B","ts":4000195,"pid":1201546,"tid":1201546,"args":{"ID":1729382256910286851}},{"name":"FR(FeatureB)","cat":"Feature","ph":"E","ts":6000280,"pid":1201546,"tid":1201546,"args":{"ID":1729382256910286851}},{"name":"FR(FeatureC)","cat":"Feature","ph":"B","ts":6000285,"pid":1201546,"tid":1201546,"args":{"ID":1729382256910303235}},{"name":"FR(FeatureC)","cat":"Feature","ph":"E","ts":7000360,"pid":1201546,"tid":1201546,"args":{"ID":1729382256910303235}},{"name":"FR(FeatureC)","cat":"Feature","ph":"B","ts":7000361,"pid":1201546,"tid":1201546,"args":{"ID":1729382256910368771}},{"name":"FR(FeatureC)","cat":"Feature","ph":"E","ts":7000361,"pid":1201546,"tid":1201546,"args":{"ID":1729382256910368771}},{"name":"Base","cat":"Feature","ph":"E","ts":7000361,"pid":1201546,"tid":1201546,"args":{"ID":0}}],"stackFrames":{},"timestampUnit":"us"}