{ "traceEvents":[{"name":"Base","cat":"Feature","ph":"B","ts":0,"pid":1151834,"tid":1151834,"args":{"ID":0}},{"name":"FR(FeatureA)","cat":"Feature","ph":"B","ts":2000127,"pid":1151834,"tid":1151834,"args":{"ID":1729382256910270467}},{"name":"FR(FeatureA)","cat":"Feature","ph":"E","ts":4000221,"pid":1151834,"tid":1151834,"args":{"ID":1729382256910270467}},{"name":"FR(FeatureB)","cat":"Feature","ph":"B","ts":4000222,"pid":1151834,"tid":1151834,"args":{"ID":1729382256910286851}},{"name":"FR(FeatureB)","cat":"Feature","ph":"E","ts":6000324,"pid":1151834,"tid":1151834,"args":{"ID":1729382256910286851}},{"name":"FR(FeatureC)","cat":"Feature","ph":"B","ts":6000329,"pid":1151834,"tid":1151834,"args":{"ID":1729382256910303235}},{"name":"FR(FeatureC)","cat":"Feature","ph":"E","ts":7000427,"pid":1151834,"tid":1151834,"args":{"ID":1729382256910303235}},{"name":"FR(FeatureC)","cat":"Feature","ph":"B","ts":7000427,"pid":1151834,"tid":1151834,"args":{"ID":1729382256910368771}},{"name":"FR(FeatureC)","cat":"Feature","ph":"E","ts":7000428,"pid":1151834,"tid":1151834,"args":{"ID":1729382256910368771}},{"name":"Base","cat":"Feature","ph":"E","ts":7000428,"pid":1151834,"tid":1151834,"args":{"ID":0}}],"stackFrames":{},"timestampUnit":"us"}