{ "traceEvents":[{"name":"Base","cat":"Feature","ph":"B","ts":0,"pid":1187488,"tid":1187488,"args":{"ID":0}},{"name":"FR(FeatureA)","cat":"Feature","ph":"B","ts":2000117,"pid":1187488,"tid":1187488,"args":{"ID":1729382256910270467}},{"name":"FR(FeatureA)","cat":"Feature","ph":"E","ts":4000235,"pid":1187488,"tid":1187488,"args":{"ID":1729382256910270467}},{"name":"FR(FeatureB)","cat":"Feature","ph":"B","ts":4000236,"pid":1187488,"tid":1187488,"args":{"ID":1729382256910286851}},{"name":"FR(FeatureB)","cat":"Feature","ph":"E","ts":6000357,"pid":1187488,"tid":1187488,"args":{"ID":1729382256910286851}},{"name":"FR(FeatureC)","cat":"Feature","ph":"B","ts":6000362,"pid":1187488,"tid":1187488,"args":{"ID":1729382256910303235}},{"name":"FR(FeatureC)","cat":"Feature","ph":"E","ts":7000474,"pid":1187488,"tid":1187488,"args":{"ID":1729382256910303235}},{"name":"FR(FeatureC)","cat":"Feature","ph":"B","ts":7000474,"pid":1187488,"tid":1187488,"args":{"ID":1729382256910368771}},{"name":"FR(FeatureC)","cat":"Feature","ph":"E","ts":7000475,"pid":1187488,"tid":1187488,"args":{"ID":1729382256910368771}},{"name":"Base","cat":"Feature","ph":"E","ts":7000475,"pid":1187488,"tid":1187488,"args":{"ID":0}}],"stackFrames":{},"timestampUnit":"us"}