{ "traceEvents":[{"name":"Base","cat":"Feature","ph":"B","ts":0,"pid":762087,"tid":762087,"args":{"ID":0}},{"name":"FR(FeatureC)","cat":"Feature","ph":"B","ts":2000097,"pid":762087,"tid":762087,"args":{"ID":1729382256910303235}},{"name":"FR(FeatureC)","cat":"Feature","ph":"E","ts":3000186,"pid":762087,"tid":762087,"args":{"ID":1729382256910303235}},{"name":"FR(FeatureC)","cat":"Feature","ph":"B","ts":3000187,"pid":762087,"tid":762087,"args":{"ID":1729382256910368771}},{"name":"FR(FeatureC)","cat":"Feature","ph":"E","ts":3000187,"pid":762087,"tid":762087,"args":{"ID":1729382256910368771}},{"name":"Base","cat":"Feature","ph":"E","ts":3000193,"pid":762087,"tid":762087,"args":{"ID":0}}],"stackFrames":{},"timestampUnit":"us"}