{ "traceEvents":[{"name":"Base","cat":"Feature","ph":"B","ts":0,"pid":783976,"tid":783976,"args":{"ID":0}},{"name":"FR(FeatureC)","cat":"Feature","ph":"B","ts":2000121,"pid":783976,"tid":783976,"args":{"ID":1729382256910303235}},{"name":"FR(FeatureC)","cat":"Feature","ph":"E","ts":3000219,"pid":783976,"tid":783976,"args":{"ID":1729382256910303235}},{"name":"FR(FeatureC)","cat":"Feature","ph":"B","ts":3000220,"pid":783976,"tid":783976,"args":{"ID":1729382256910368771}},{"name":"FR(FeatureC)","cat":"Feature","ph":"E","ts":3000221,"pid":783976,"tid":783976,"args":{"ID":1729382256910368771}},{"name":"Base","cat":"Feature","ph":"E","ts":3000228,"pid":783976,"tid":783976,"args":{"ID":0}}],"stackFrames":{},"timestampUnit":"us"}