{ "traceEvents":[{"name":"Base","cat":"Feature","ph":"B","ts":0,"pid":794708,"tid":794708,"args":{"ID":0}},{"name":"FR(FeatureC)","cat":"Feature","ph":"B","ts":2000117,"pid":794708,"tid":794708,"args":{"ID":1729382256910303235}},{"name":"FR(FeatureC)","cat":"Feature","ph":"E","ts":3000209,"pid":794708,"tid":794708,"args":{"ID":1729382256910303235}},{"name":"FR(FeatureC)","cat":"Feature","ph":"B","ts":3000209,"pid":794708,"tid":794708,"args":{"ID":1729382256910368771}},{"name":"FR(FeatureC)","cat":"Feature","ph":"E","ts":3000210,"pid":794708,"tid":794708,"args":{"ID":1729382256910368771}},{"name":"Base","cat":"Feature","ph":"E","ts":3000227,"pid":794708,"tid":794708,"args":{"ID":0}}],"stackFrames":{},"timestampUnit":"us"}