{ "traceEvents":[{"name":"Base","cat":"Feature","ph":"B","ts":0,"pid":777808,"tid":777808,"args":{"ID":0}},{"name":"FR(FeatureC)","cat":"Feature","ph":"B","ts":2000122,"pid":777808,"tid":777808,"args":{"ID":1729382256910303235}},{"name":"FR(FeatureC)","cat":"Feature","ph":"E","ts":3000215,"pid":777808,"tid":777808,"args":{"ID":1729382256910303235}},{"name":"FR(FeatureC)","cat":"Feature","ph":"B","ts":3000215,"pid":777808,"tid":777808,"args":{"ID":1729382256910368771}},{"name":"FR(FeatureC)","cat":"Feature","ph":"E","ts":3000216,"pid":777808,"tid":777808,"args":{"ID":1729382256910368771}},{"name":"Base","cat":"Feature","ph":"E","ts":3000228,"pid":777808,"tid":777808,"args":{"ID":0}}],"stackFrames":{},"timestampUnit":"us"}