{ "traceEvents":[{"name":"Base","cat":"Feature","ph":"B","ts":0,"pid":796114,"tid":796114,"args":{"ID":0}},{"name":"FR(FeatureC)","cat":"Feature","ph":"B","ts":2000115,"pid":796114,"tid":796114,"args":{"ID":1729382256910303235}},{"name":"FR(FeatureC)","cat":"Feature","ph":"E","ts":3000207,"pid":796114,"tid":796114,"args":{"ID":1729382256910303235}},{"name":"FR(FeatureC)","cat":"Feature","ph":"B","ts":3000208,"pid":796114,"tid":796114,"args":{"ID":1729382256910368771}},{"name":"FR(FeatureC)","cat":"Feature","ph":"E","ts":3000209,"pid":796114,"tid":796114,"args":{"ID":1729382256910368771}},{"name":"Base","cat":"Feature","ph":"E","ts":3000216,"pid":796114,"tid":796114,"args":{"ID":0}}],"stackFrames":{},"timestampUnit":"us"}