{ "traceEvents":[{"name":"Base","cat":"Feature","ph":"B","ts":0,"pid":803871,"tid":803871,"args":{"ID":0}},{"name":"FR(FeatureC)","cat":"Feature","ph":"B","ts":2000120,"pid":803871,"tid":803871,"args":{"ID":1729382256910303235}},{"name":"FR(FeatureC)","cat":"Feature","ph":"E","ts":3000216,"pid":803871,"tid":803871,"args":{"ID":1729382256910303235}},{"name":"FR(FeatureC)","cat":"Feature","ph":"B","ts":3000217,"pid":803871,"tid":803871,"args":{"ID":1729382256910368771}},{"name":"FR(FeatureC)","cat":"Feature","ph":"E","ts":3000218,"pid":803871,"tid":803871,"args":{"ID":1729382256910368771}},{"name":"Base","cat":"Feature","ph":"E","ts":3000226,"pid":803871,"tid":803871,"args":{"ID":0}}],"stackFrames":{},"timestampUnit":"us"}