{ "traceEvents":[{"name":"Base","cat":"Feature","ph":"B","ts":0,"pid":774692,"tid":774692,"args":{"ID":0}},{"name":"FR(FeatureC)","cat":"Feature","ph":"B","ts":2000099,"pid":774692,"tid":774692,"args":{"ID":1729382256910303235}},{"name":"FR(FeatureC)","cat":"Feature","ph":"E","ts":3000194,"pid":774692,"tid":774692,"args":{"ID":1729382256910303235}},{"name":"FR(FeatureC)","cat":"Feature","ph":"B","ts":3000194,"pid":774692,"tid":774692,"args":{"ID":1729382256910368771}},{"name":"FR(FeatureC)","cat":"Feature","ph":"E","ts":3000195,"pid":774692,"tid":774692,"args":{"ID":1729382256910368771}},{"name":"Base","cat":"Feature","ph":"E","ts":3000203,"pid":774692,"tid":774692,"args":{"ID":0}}],"stackFrames":{},"timestampUnit":"us"}