{ "traceEvents":[{"name":"Base","cat":"Feature","ph":"B","ts":0,"pid":785653,"tid":785653,"args":{"ID":0}},{"name":"FR(FeatureC)","cat":"Feature","ph":"B","ts":2000125,"pid":785653,"tid":785653,"args":{"ID":1729382256910303235}},{"name":"FR(FeatureC)","cat":"Feature","ph":"E","ts":3000218,"pid":785653,"tid":785653,"args":{"ID":1729382256910303235}},{"name":"FR(FeatureC)","cat":"Feature","ph":"B","ts":3000218,"pid":785653,"tid":785653,"args":{"ID":1729382256910368771}},{"name":"FR(FeatureC)","cat":"Feature","ph":"E","ts":3000219,"pid":785653,"tid":785653,"args":{"ID":1729382256910368771}},{"name":"Base","cat":"Feature","ph":"E","ts":3000226,"pid":785653,"tid":785653,"args":{"ID":0}}],"stackFrames":{},"timestampUnit":"us"}