{ "traceEvents":[{"name":"Base","cat":"Feature","ph":"B","ts":0,"pid":787047,"tid":787047,"args":{"ID":0}},{"name":"FR(FeatureC)","cat":"Feature","ph":"B","ts":2000102,"pid":787047,"tid":787047,"args":{"ID":1729382256910303235}},{"name":"FR(FeatureC)","cat":"Feature","ph":"E","ts":3000201,"pid":787047,"tid":787047,"args":{"ID":1729382256910303235}},{"name":"FR(FeatureC)","cat":"Feature","ph":"B","ts":3000202,"pid":787047,"tid":787047,"args":{"ID":1729382256910368771}},{"name":"FR(FeatureC)","cat":"Feature","ph":"E","ts":3000202,"pid":787047,"tid":787047,"args":{"ID":1729382256910368771}},{"name":"Base","cat":"Feature","ph":"E","ts":3000209,"pid":787047,"tid":787047,"args":{"ID":0}}],"stackFrames":{},"timestampUnit":"us"}