{ "traceEvents":[{"name":"Base","cat":"Feature","ph":"B","ts":0,"pid":780896,"tid":780896,"args":{"ID":0}},{"name":"FR(FeatureC)","cat":"Feature","ph":"B","ts":2000114,"pid":780896,"tid":780896,"args":{"ID":1729382256910303235}},{"name":"FR(FeatureC)","cat":"Feature","ph":"E","ts":3000203,"pid":780896,"tid":780896,"args":{"ID":1729382256910303235}},{"name":"FR(FeatureC)","cat":"Feature","ph":"B","ts":3000204,"pid":780896,"tid":780896,"args":{"ID":1729382256910368771}},{"name":"FR(FeatureC)","cat":"Feature","ph":"E","ts":3000204,"pid":780896,"tid":780896,"args":{"ID":1729382256910368771}},{"name":"Base","cat":"Feature","ph":"E","ts":3000212,"pid":780896,"tid":780896,"args":{"ID":0}}],"stackFrames":{},"timestampUnit":"us"}