{ "traceEvents":[{"name":"Base","cat":"Feature","ph":"B","ts":0,"pid":773180,"tid":773180,"args":{"ID":0}},{"name":"FR(FeatureC)","cat":"Feature","ph":"B","ts":2000116,"pid":773180,"tid":773180,"args":{"ID":1729382256910303235}},{"name":"FR(FeatureC)","cat":"Feature","ph":"E","ts":3000211,"pid":773180,"tid":773180,"args":{"ID":1729382256910303235}},{"name":"FR(FeatureC)","cat":"Feature","ph":"B","ts":3000211,"pid":773180,"tid":773180,"args":{"ID":1729382256910368771}},{"name":"FR(FeatureC)","cat":"Feature","ph":"E","ts":3000212,"pid":773180,"tid":773180,"args":{"ID":1729382256910368771}},{"name":"Base","cat":"Feature","ph":"E","ts":3000220,"pid":773180,"tid":773180,"args":{"ID":0}}],"stackFrames":{},"timestampUnit":"us"}