{ "traceEvents":[{"name":"Base","cat":"Feature","ph":"B","ts":0,"pid":765153,"tid":765153,"args":{"ID":0}},{"name":"FR(FeatureC)","cat":"Feature","ph":"B","ts":2000094,"pid":765153,"tid":765153,"args":{"ID":1729382256910303235}},{"name":"FR(FeatureC)","cat":"Feature","ph":"E","ts":3000178,"pid":765153,"tid":765153,"args":{"ID":1729382256910303235}},{"name":"FR(FeatureC)","cat":"Feature","ph":"B","ts":3000178,"pid":765153,"tid":765153,"args":{"ID":1729382256910368771}},{"name":"FR(FeatureC)","cat":"Feature","ph":"E","ts":3000178,"pid":765153,"tid":765153,"args":{"ID":1729382256910368771}},{"name":"Base","cat":"Feature","ph":"E","ts":3000191,"pid":765153,"tid":765153,"args":{"ID":0}}],"stackFrames":{},"timestampUnit":"us"}