{ "traceEvents":[{"name":"Base","cat":"Feature","ph":"B","ts":0,"pid":797774,"tid":797774,"args":{"ID":0}},{"name":"FR(FeatureC)","cat":"Feature","ph":"B","ts":2000119,"pid":797774,"tid":797774,"args":{"ID":1729382256910303235}},{"name":"FR(FeatureC)","cat":"Feature","ph":"E","ts":3000214,"pid":797774,"tid":797774,"args":{"ID":1729382256910303235}},{"name":"FR(FeatureC)","cat":"Feature","ph":"B","ts":3000214,"pid":797774,"tid":797774,"args":{"ID":1729382256910368771}},{"name":"FR(FeatureC)","cat":"Feature","ph":"E","ts":3000215,"pid":797774,"tid":797774,"args":{"ID":1729382256910368771}},{"name":"Base","cat":"Feature","ph":"E","ts":3000223,"pid":797774,"tid":797774,"args":{"ID":0}}],"stackFrames":{},"timestampUnit":"us"}