{ "traceEvents":[{"name":"Base","cat":"Feature","ph":"B","ts":0,"pid":769987,"tid":769987,"args":{"ID":0}},{"name":"FR(FeatureC)","cat":"Feature","ph":"B","ts":2000101,"pid":769987,"tid":769987,"args":{"ID":1729382256910303235}},{"name":"FR(FeatureC)","cat":"Feature","ph":"E","ts":3000190,"pid":769987,"tid":769987,"args":{"ID":1729382256910303235}},{"name":"FR(FeatureC)","cat":"Feature","ph":"B","ts":3000191,"pid":769987,"tid":769987,"args":{"ID":1729382256910368771}},{"name":"FR(FeatureC)","cat":"Feature","ph":"E","ts":3000191,"pid":769987,"tid":769987,"args":{"ID":1729382256910368771}},{"name":"Base","cat":"Feature","ph":"E","ts":3000199,"pid":769987,"tid":769987,"args":{"ID":0}}],"stackFrames":{},"timestampUnit":"us"}