{ "traceEvents":[{"name":"Base","cat":"Feature","ph":"B","ts":0,"pid":763768,"tid":763768,"args":{"ID":0}},{"name":"FR(FeatureC)","cat":"Feature","ph":"B","ts":2000106,"pid":763768,"tid":763768,"args":{"ID":1729382256910303235}},{"name":"FR(FeatureC)","cat":"Feature","ph":"E","ts":3000200,"pid":763768,"tid":763768,"args":{"ID":1729382256910303235}},{"name":"FR(FeatureC)","cat":"Feature","ph":"B","ts":3000200,"pid":763768,"tid":763768,"args":{"ID":1729382256910368771}},{"name":"FR(FeatureC)","cat":"Feature","ph":"E","ts":3000201,"pid":763768,"tid":763768,"args":{"ID":1729382256910368771}},{"name":"Base","cat":"Feature","ph":"E","ts":3000209,"pid":763768,"tid":763768,"args":{"ID":0}}],"stackFrames":{},"timestampUnit":"us"}