{ "traceEvents":[{"name":"Base","cat":"Feature","ph":"B","ts":0,"pid":771416,"tid":771416,"args":{"ID":0}},{"name":"FR(FeatureC)","cat":"Feature","ph":"B","ts":2000113,"pid":771416,"tid":771416,"args":{"ID":1729382256910303235}},{"name":"FR(FeatureC)","cat":"Feature","ph":"E","ts":3000201,"pid":771416,"tid":771416,"args":{"ID":1729382256910303235}},{"name":"FR(FeatureC)","cat":"Feature","ph":"B","ts":3000202,"pid":771416,"tid":771416,"args":{"ID":1729382256910368771}},{"name":"FR(FeatureC)","cat":"Feature","ph":"E","ts":3000202,"pid":771416,"tid":771416,"args":{"ID":1729382256910368771}},{"name":"Base","cat":"Feature","ph":"E","ts":3000209,"pid":771416,"tid":771416,"args":{"ID":0}}],"stackFrames":{},"timestampUnit":"us"}