{ "traceEvents":[{"name":"Base","cat":"Feature","ph":"B","ts":0,"pid":768343,"tid":768343,"args":{"ID":0}},{"name":"FR(FeatureC)","cat":"Feature","ph":"B","ts":2000133,"pid":768343,"tid":768343,"args":{"ID":1729382256910303235}},{"name":"FR(FeatureC)","cat":"Feature","ph":"E","ts":3000220,"pid":768343,"tid":768343,"args":{"ID":1729382256910303235}},{"name":"FR(FeatureC)","cat":"Feature","ph":"B","ts":3000221,"pid":768343,"tid":768343,"args":{"ID":1729382256910368771}},{"name":"FR(FeatureC)","cat":"Feature","ph":"E","ts":3000221,"pid":768343,"tid":768343,"args":{"ID":1729382256910368771}},{"name":"Base","cat":"Feature","ph":"E","ts":3000227,"pid":768343,"tid":768343,"args":{"ID":0}}],"stackFrames":{},"timestampUnit":"us"}