{ "traceEvents":[{"name":"Base","cat":"Feature","ph":"B","ts":0,"pid":793201,"tid":793201,"args":{"ID":0}},{"name":"FR(FeatureC)","cat":"Feature","ph":"B","ts":2000131,"pid":793201,"tid":793201,"args":{"ID":1729382256910303235}},{"name":"FR(FeatureC)","cat":"Feature","ph":"E","ts":3000231,"pid":793201,"tid":793201,"args":{"ID":1729382256910303235}},{"name":"FR(FeatureC)","cat":"Feature","ph":"B","ts":3000232,"pid":793201,"tid":793201,"args":{"ID":1729382256910368771}},{"name":"FR(FeatureC)","cat":"Feature","ph":"E","ts":3000232,"pid":793201,"tid":793201,"args":{"ID":1729382256910368771}},{"name":"Base","cat":"Feature","ph":"E","ts":3000239,"pid":793201,"tid":793201,"args":{"ID":0}}],"stackFrames":{},"timestampUnit":"us"}