{ "traceEvents":[{"name":"Base","cat":"Feature","ph":"B","ts":0,"pid":3358555,"tid":3358555,"args":{"ID":0}},{"name":"FR(FeatureA)","cat":"Feature","ph":"B","ts":2000111,"pid":3358555,"tid":3358555,"args":{"ID":1729382256910270467}},{"name":"FR(FeatureA)","cat":"Feature","ph":"E","ts":3000212,"pid":3358555,"tid":3358555,"args":{"ID":1729382256910270467}},{"name":"FR(FeatureC)","cat":"Feature","ph":"B","ts":3000212,"pid":3358555,"tid":3358555,"args":{"ID":1729382256910303235}},{"name":"FR(FeatureC)","cat":"Feature","ph":"E","ts":4000297,"pid":3358555,"tid":3358555,"args":{"ID":1729382256910303235}},{"name":"FR(FeatureD)","cat":"Feature","ph":"B","ts":4000303,"pid":3358555,"tid":3358555,"args":{"ID":1729382256910319619}},{"name":"FR(FeatureD)","cat":"Feature","ph":"E","ts":6000404,"pid":3358555,"tid":3358555,"args":{"ID":1729382256910319619}},{"name":"FR(FeatureA)","cat":"Feature","ph":"B","ts":6000406,"pid":3358555,"tid":3358555,"args":{"ID":1729382256910336003}},{"name":"FR(FeatureA)","cat":"Feature","ph":"E","ts":6000406,"pid":3358555,"tid":3358555,"args":{"ID":1729382256910336003}},{"name":"FR(FeatureC)","cat":"Feature","ph":"B","ts":6000407,"pid":3358555,"tid":3358555,"args":{"ID":1729382256910368771}},{"name":"FR(FeatureD)","cat":"Feature","ph":"B","ts":6000407,"pid":3358555,"tid":3358555,"args":{"ID":1729382256910385155}},{"name":"FR(FeatureC)","cat":"Feature","ph":"E","ts":6000438,"pid":3358555,"tid":3358555,"args":{"ID":1729382256910368771}},{"name":"FR(FeatureD)","cat":"Feature","ph":"E","ts":6000438,"pid":3358555,"tid":3358555,"args":{"ID":1729382256910385155}},{"name":"Base","cat":"Feature","ph":"E","ts":6000439,"pid":3358555,"tid":3358555,"args":{"ID":0}}],"stackFrames":{},"timestampUnit":"us"}