{ "traceEvents":[{"name":"Base","cat":"Feature","ph":"B","ts":0,"pid":3382280,"tid":3382280,"args":{"ID":0}},{"name":"FR(FeatureA)","cat":"Feature","ph":"B","ts":2000134,"pid":3382280,"tid":3382280,"args":{"ID":1729382256910270467}},{"name":"FR(FeatureA)","cat":"Feature","ph":"E","ts":3000224,"pid":3382280,"tid":3382280,"args":{"ID":1729382256910270467}},{"name":"FR(FeatureC)","cat":"Feature","ph":"B","ts":3000225,"pid":3382280,"tid":3382280,"args":{"ID":1729382256910303235}},{"name":"FR(FeatureC)","cat":"Feature","ph":"E","ts":4000311,"pid":3382280,"tid":3382280,"args":{"ID":1729382256910303235}},{"name":"FR(FeatureD)","cat":"Feature","ph":"B","ts":4000323,"pid":3382280,"tid":3382280,"args":{"ID":1729382256910319619}},{"name":"FR(FeatureD)","cat":"Feature","ph":"E","ts":6000424,"pid":3382280,"tid":3382280,"args":{"ID":1729382256910319619}},{"name":"FR(FeatureA)","cat":"Feature","ph":"B","ts":6000427,"pid":3382280,"tid":3382280,"args":{"ID":1729382256910336003}},{"name":"FR(FeatureA)","cat":"Feature","ph":"E","ts":6000427,"pid":3382280,"tid":3382280,"args":{"ID":1729382256910336003}},{"name":"FR(FeatureC)","cat":"Feature","ph":"B","ts":6000428,"pid":3382280,"tid":3382280,"args":{"ID":1729382256910368771}},{"name":"FR(FeatureD)","cat":"Feature","ph":"B","ts":6000428,"pid":3382280,"tid":3382280,"args":{"ID":1729382256910385155}},{"name":"FR(FeatureC)","cat":"Feature","ph":"E","ts":6000454,"pid":3382280,"tid":3382280,"args":{"ID":1729382256910368771}},{"name":"FR(FeatureD)","cat":"Feature","ph":"E","ts":6000454,"pid":3382280,"tid":3382280,"args":{"ID":1729382256910385155}},{"name":"Base","cat":"Feature","ph":"E","ts":6000455,"pid":3382280,"tid":3382280,"args":{"ID":0}}],"stackFrames":{},"timestampUnit":"us"}