{ "traceEvents":[{"name":"Base","cat":"Feature","ph":"B","ts":0,"pid":3385216,"tid":3385216,"args":{"ID":0}},{"name":"FR(FeatureA)","cat":"Feature","ph":"B","ts":2000099,"pid":3385216,"tid":3385216,"args":{"ID":1729382256910270467}},{"name":"FR(FeatureA)","cat":"Feature","ph":"E","ts":3000183,"pid":3385216,"tid":3385216,"args":{"ID":1729382256910270467}},{"name":"FR(FeatureC)","cat":"Feature","ph":"B","ts":3000184,"pid":3385216,"tid":3385216,"args":{"ID":1729382256910303235}},{"name":"FR(FeatureC)","cat":"Feature","ph":"E","ts":4000258,"pid":3385216,"tid":3385216,"args":{"ID":1729382256910303235}},{"name":"FR(FeatureD)","cat":"Feature","ph":"B","ts":4000276,"pid":3385216,"tid":3385216,"args":{"ID":1729382256910319619}},{"name":"FR(FeatureD)","cat":"Feature","ph":"E","ts":6000359,"pid":3385216,"tid":3385216,"args":{"ID":1729382256910319619}},{"name":"FR(FeatureA)","cat":"Feature","ph":"B","ts":6000361,"pid":3385216,"tid":3385216,"args":{"ID":1729382256910336003}},{"name":"FR(FeatureA)","cat":"Feature","ph":"E","ts":6000362,"pid":3385216,"tid":3385216,"args":{"ID":1729382256910336003}},{"name":"FR(FeatureC)","cat":"Feature","ph":"B","ts":6000362,"pid":3385216,"tid":3385216,"args":{"ID":1729382256910368771}},{"name":"FR(FeatureD)","cat":"Feature","ph":"B","ts":6000362,"pid":3385216,"tid":3385216,"args":{"ID":1729382256910385155}},{"name":"FR(FeatureC)","cat":"Feature","ph":"E","ts":6000383,"pid":3385216,"tid":3385216,"args":{"ID":1729382256910368771}},{"name":"FR(FeatureD)","cat":"Feature","ph":"E","ts":6000383,"pid":3385216,"tid":3385216,"args":{"ID":1729382256910385155}},{"name":"Base","cat":"Feature","ph":"E","ts":6000384,"pid":3385216,"tid":3385216,"args":{"ID":0}}],"stackFrames":{},"timestampUnit":"us"}