{ "traceEvents":[{"name":"Base","cat":"Feature","ph":"B","ts":0,"pid":3417025,"tid":3417025,"args":{"ID":0}},{"name":"FR(FeatureA)","cat":"Feature","ph":"B","ts":2000108,"pid":3417025,"tid":3417025,"args":{"ID":1729382256910270467}},{"name":"FR(FeatureA)","cat":"Feature","ph":"E","ts":3000195,"pid":3417025,"tid":3417025,"args":{"ID":1729382256910270467}},{"name":"FR(FeatureC)","cat":"Feature","ph":"B","ts":3000196,"pid":3417025,"tid":3417025,"args":{"ID":1729382256910303235}},{"name":"FR(FeatureC)","cat":"Feature","ph":"E","ts":4000290,"pid":3417025,"tid":3417025,"args":{"ID":1729382256910303235}},{"name":"FR(FeatureD)","cat":"Feature","ph":"B","ts":4000299,"pid":3417025,"tid":3417025,"args":{"ID":1729382256910319619}},{"name":"FR(FeatureD)","cat":"Feature","ph":"E","ts":6000413,"pid":3417025,"tid":3417025,"args":{"ID":1729382256910319619}},{"name":"FR(FeatureA)","cat":"Feature","ph":"B","ts":6000413,"pid":3417025,"tid":3417025,"args":{"ID":1729382256910336003}},{"name":"FR(FeatureA)","cat":"Feature","ph":"E","ts":6000414,"pid":3417025,"tid":3417025,"args":{"ID":1729382256910336003}},{"name":"FR(FeatureC)","cat":"Feature","ph":"B","ts":6000414,"pid":3417025,"tid":3417025,"args":{"ID":1729382256910368771}},{"name":"FR(FeatureD)","cat":"Feature","ph":"B","ts":6000414,"pid":3417025,"tid":3417025,"args":{"ID":1729382256910385155}},{"name":"FR(FeatureC)","cat":"Feature","ph":"E","ts":6000433,"pid":3417025,"tid":3417025,"args":{"ID":1729382256910368771}},{"name":"FR(FeatureD)","cat":"Feature","ph":"E","ts":6000433,"pid":3417025,"tid":3417025,"args":{"ID":1729382256910385155}},{"name":"Base","cat":"Feature","ph":"E","ts":6000434,"pid":3417025,"tid":3417025,"args":{"ID":0}}],"stackFrames":{},"timestampUnit":"us"}