{ "traceEvents":[{"name":"Base","cat":"Feature","ph":"B","ts":0,"pid":3391173,"tid":3391173,"args":{"ID":0}},{"name":"FR(FeatureA)","cat":"Feature","ph":"B","ts":2000115,"pid":3391173,"tid":3391173,"args":{"ID":1729382256910270467}},{"name":"FR(FeatureA)","cat":"Feature","ph":"E","ts":3000210,"pid":3391173,"tid":3391173,"args":{"ID":1729382256910270467}},{"name":"FR(FeatureC)","cat":"Feature","ph":"B","ts":3000211,"pid":3391173,"tid":3391173,"args":{"ID":1729382256910303235}},{"name":"FR(FeatureC)","cat":"Feature","ph":"E","ts":4000293,"pid":3391173,"tid":3391173,"args":{"ID":1729382256910303235}},{"name":"FR(FeatureD)","cat":"Feature","ph":"B","ts":4000299,"pid":3391173,"tid":3391173,"args":{"ID":1729382256910319619}},{"name":"FR(FeatureD)","cat":"Feature","ph":"E","ts":6000387,"pid":3391173,"tid":3391173,"args":{"ID":1729382256910319619}},{"name":"FR(FeatureA)","cat":"Feature","ph":"B","ts":6000388,"pid":3391173,"tid":3391173,"args":{"ID":1729382256910336003}},{"name":"FR(FeatureA)","cat":"Feature","ph":"E","ts":6000389,"pid":3391173,"tid":3391173,"args":{"ID":1729382256910336003}},{"name":"FR(FeatureC)","cat":"Feature","ph":"B","ts":6000389,"pid":3391173,"tid":3391173,"args":{"ID":1729382256910368771}},{"name":"FR(FeatureD)","cat":"Feature","ph":"B","ts":6000390,"pid":3391173,"tid":3391173,"args":{"ID":1729382256910385155}},{"name":"FR(FeatureC)","cat":"Feature","ph":"E","ts":6000412,"pid":3391173,"tid":3391173,"args":{"ID":1729382256910368771}},{"name":"FR(FeatureD)","cat":"Feature","ph":"E","ts":6000412,"pid":3391173,"tid":3391173,"args":{"ID":1729382256910385155}},{"name":"Base","cat":"Feature","ph":"E","ts":6000413,"pid":3391173,"tid":3391173,"args":{"ID":0}}],"stackFrames":{},"timestampUnit":"us"}