{ "traceEvents":[{"name":"Base","cat":"Feature","ph":"B","ts":0,"pid":3428484,"tid":3428484,"args":{"ID":0}},{"name":"FR(FeatureA)","cat":"Feature","ph":"B","ts":2000129,"pid":3428484,"tid":3428484,"args":{"ID":1729382256910270467}},{"name":"FR(FeatureA)","cat":"Feature","ph":"E","ts":3000231,"pid":3428484,"tid":3428484,"args":{"ID":1729382256910270467}},{"name":"FR(FeatureC)","cat":"Feature","ph":"B","ts":3000231,"pid":3428484,"tid":3428484,"args":{"ID":1729382256910303235}},{"name":"FR(FeatureC)","cat":"Feature","ph":"E","ts":4000324,"pid":3428484,"tid":3428484,"args":{"ID":1729382256910303235}},{"name":"FR(FeatureD)","cat":"Feature","ph":"B","ts":4000334,"pid":3428484,"tid":3428484,"args":{"ID":1729382256910319619}},{"name":"FR(FeatureD)","cat":"Feature","ph":"E","ts":6000443,"pid":3428484,"tid":3428484,"args":{"ID":1729382256910319619}},{"name":"FR(FeatureA)","cat":"Feature","ph":"B","ts":6000445,"pid":3428484,"tid":3428484,"args":{"ID":1729382256910336003}},{"name":"FR(FeatureA)","cat":"Feature","ph":"E","ts":6000446,"pid":3428484,"tid":3428484,"args":{"ID":1729382256910336003}},{"name":"FR(FeatureC)","cat":"Feature","ph":"B","ts":6000446,"pid":3428484,"tid":3428484,"args":{"ID":1729382256910368771}},{"name":"FR(FeatureD)","cat":"Feature","ph":"B","ts":6000447,"pid":3428484,"tid":3428484,"args":{"ID":1729382256910385155}},{"name":"FR(FeatureC)","cat":"Feature","ph":"E","ts":6000474,"pid":3428484,"tid":3428484,"args":{"ID":1729382256910368771}},{"name":"FR(FeatureD)","cat":"Feature","ph":"E","ts":6000475,"pid":3428484,"tid":3428484,"args":{"ID":1729382256910385155}},{"name":"Base","cat":"Feature","ph":"E","ts":6000476,"pid":3428484,"tid":3428484,"args":{"ID":0}}],"stackFrames":{},"timestampUnit":"us"}