{ "traceEvents":[{"name":"Base","cat":"Feature","ph":"B","ts":0,"pid":3361594,"tid":3361594,"args":{"ID":0}},{"name":"FR(FeatureA)","cat":"Feature","ph":"B","ts":2000116,"pid":3361594,"tid":3361594,"args":{"ID":1729382256910270467}},{"name":"FR(FeatureA)","cat":"Feature","ph":"E","ts":3000205,"pid":3361594,"tid":3361594,"args":{"ID":1729382256910270467}},{"name":"FR(FeatureC)","cat":"Feature","ph":"B","ts":3000205,"pid":3361594,"tid":3361594,"args":{"ID":1729382256910303235}},{"name":"FR(FeatureC)","cat":"Feature","ph":"E","ts":4000283,"pid":3361594,"tid":3361594,"args":{"ID":1729382256910303235}},{"name":"FR(FeatureD)","cat":"Feature","ph":"B","ts":4000289,"pid":3361594,"tid":3361594,"args":{"ID":1729382256910319619}},{"name":"FR(FeatureD)","cat":"Feature","ph":"E","ts":6000377,"pid":3361594,"tid":3361594,"args":{"ID":1729382256910319619}},{"name":"FR(FeatureA)","cat":"Feature","ph":"B","ts":6000377,"pid":3361594,"tid":3361594,"args":{"ID":1729382256910336003}},{"name":"FR(FeatureA)","cat":"Feature","ph":"E","ts":6000378,"pid":3361594,"tid":3361594,"args":{"ID":1729382256910336003}},{"name":"FR(FeatureC)","cat":"Feature","ph":"B","ts":6000378,"pid":3361594,"tid":3361594,"args":{"ID":1729382256910368771}},{"name":"FR(FeatureD)","cat":"Feature","ph":"B","ts":6000379,"pid":3361594,"tid":3361594,"args":{"ID":1729382256910385155}},{"name":"FR(FeatureC)","cat":"Feature","ph":"E","ts":6000395,"pid":3361594,"tid":3361594,"args":{"ID":1729382256910368771}},{"name":"FR(FeatureD)","cat":"Feature","ph":"E","ts":6000395,"pid":3361594,"tid":3361594,"args":{"ID":1729382256910385155}},{"name":"Base","cat":"Feature","ph":"E","ts":6000395,"pid":3361594,"tid":3361594,"args":{"ID":0}}],"stackFrames":{},"timestampUnit":"us"}