{ "traceEvents":[{"name":"Base","cat":"Feature","ph":"B","ts":0,"pid":3425651,"tid":3425651,"args":{"ID":0}},{"name":"FR(FeatureA)","cat":"Feature","ph":"B","ts":2000135,"pid":3425651,"tid":3425651,"args":{"ID":1729382256910270467}},{"name":"FR(FeatureA)","cat":"Feature","ph":"E","ts":3000237,"pid":3425651,"tid":3425651,"args":{"ID":1729382256910270467}},{"name":"FR(FeatureC)","cat":"Feature","ph":"B","ts":3000238,"pid":3425651,"tid":3425651,"args":{"ID":1729382256910303235}},{"name":"FR(FeatureC)","cat":"Feature","ph":"E","ts":4000326,"pid":3425651,"tid":3425651,"args":{"ID":1729382256910303235}},{"name":"FR(FeatureD)","cat":"Feature","ph":"B","ts":4000333,"pid":3425651,"tid":3425651,"args":{"ID":1729382256910319619}},{"name":"FR(FeatureD)","cat":"Feature","ph":"E","ts":6000422,"pid":3425651,"tid":3425651,"args":{"ID":1729382256910319619}},{"name":"FR(FeatureA)","cat":"Feature","ph":"B","ts":6000424,"pid":3425651,"tid":3425651,"args":{"ID":1729382256910336003}},{"name":"FR(FeatureA)","cat":"Feature","ph":"E","ts":6000425,"pid":3425651,"tid":3425651,"args":{"ID":1729382256910336003}},{"name":"FR(FeatureC)","cat":"Feature","ph":"B","ts":6000425,"pid":3425651,"tid":3425651,"args":{"ID":1729382256910368771}},{"name":"FR(FeatureD)","cat":"Feature","ph":"B","ts":6000425,"pid":3425651,"tid":3425651,"args":{"ID":1729382256910385155}},{"name":"FR(FeatureC)","cat":"Feature","ph":"E","ts":6000448,"pid":3425651,"tid":3425651,"args":{"ID":1729382256910368771}},{"name":"FR(FeatureD)","cat":"Feature","ph":"E","ts":6000449,"pid":3425651,"tid":3425651,"args":{"ID":1729382256910385155}},{"name":"Base","cat":"Feature","ph":"E","ts":6000450,"pid":3425651,"tid":3425651,"args":{"ID":0}}],"stackFrames":{},"timestampUnit":"us"}