{ "traceEvents":[{"name":"Base","cat":"Feature","ph":"B","ts":0,"pid":3352392,"tid":3352392,"args":{"ID":0}},{"name":"FR(FeatureA)","cat":"Feature","ph":"B","ts":2000122,"pid":3352392,"tid":3352392,"args":{"ID":1729382256910270467}},{"name":"FR(FeatureA)","cat":"Feature","ph":"E","ts":3000218,"pid":3352392,"tid":3352392,"args":{"ID":1729382256910270467}},{"name":"FR(FeatureC)","cat":"Feature","ph":"B","ts":3000218,"pid":3352392,"tid":3352392,"args":{"ID":1729382256910303235}},{"name":"FR(FeatureC)","cat":"Feature","ph":"E","ts":4000309,"pid":3352392,"tid":3352392,"args":{"ID":1729382256910303235}},{"name":"FR(FeatureD)","cat":"Feature","ph":"B","ts":4000318,"pid":3352392,"tid":3352392,"args":{"ID":1729382256910319619}},{"name":"FR(FeatureD)","cat":"Feature","ph":"E","ts":6000421,"pid":3352392,"tid":3352392,"args":{"ID":1729382256910319619}},{"name":"FR(FeatureA)","cat":"Feature","ph":"B","ts":6000423,"pid":3352392,"tid":3352392,"args":{"ID":1729382256910336003}},{"name":"FR(FeatureA)","cat":"Feature","ph":"E","ts":6000423,"pid":3352392,"tid":3352392,"args":{"ID":1729382256910336003}},{"name":"FR(FeatureC)","cat":"Feature","ph":"B","ts":6000424,"pid":3352392,"tid":3352392,"args":{"ID":1729382256910368771}},{"name":"FR(FeatureD)","cat":"Feature","ph":"B","ts":6000424,"pid":3352392,"tid":3352392,"args":{"ID":1729382256910385155}},{"name":"FR(FeatureC)","cat":"Feature","ph":"E","ts":6000451,"pid":3352392,"tid":3352392,"args":{"ID":1729382256910368771}},{"name":"FR(FeatureD)","cat":"Feature","ph":"E","ts":6000452,"pid":3352392,"tid":3352392,"args":{"ID":1729382256910385155}},{"name":"Base","cat":"Feature","ph":"E","ts":6000453,"pid":3352392,"tid":3352392,"args":{"ID":0}}],"stackFrames":{},"timestampUnit":"us"}