{ "traceEvents":[{"name":"Base","cat":"Feature","ph":"B","ts":0,"pid":3408419,"tid":3408419,"args":{"ID":0}},{"name":"FR(FeatureA)","cat":"Feature","ph":"B","ts":2000122,"pid":3408419,"tid":3408419,"args":{"ID":1729382256910270467}},{"name":"FR(FeatureA)","cat":"Feature","ph":"E","ts":3000216,"pid":3408419,"tid":3408419,"args":{"ID":1729382256910270467}},{"name":"FR(FeatureC)","cat":"Feature","ph":"B","ts":3000216,"pid":3408419,"tid":3408419,"args":{"ID":1729382256910303235}},{"name":"FR(FeatureC)","cat":"Feature","ph":"E","ts":4000305,"pid":3408419,"tid":3408419,"args":{"ID":1729382256910303235}},{"name":"FR(FeatureD)","cat":"Feature","ph":"B","ts":4000310,"pid":3408419,"tid":3408419,"args":{"ID":1729382256910319619}},{"name":"FR(FeatureD)","cat":"Feature","ph":"E","ts":6000412,"pid":3408419,"tid":3408419,"args":{"ID":1729382256910319619}},{"name":"FR(FeatureA)","cat":"Feature","ph":"B","ts":6000414,"pid":3408419,"tid":3408419,"args":{"ID":1729382256910336003}},{"name":"FR(FeatureA)","cat":"Feature","ph":"E","ts":6000415,"pid":3408419,"tid":3408419,"args":{"ID":1729382256910336003}},{"name":"FR(FeatureC)","cat":"Feature","ph":"B","ts":6000416,"pid":3408419,"tid":3408419,"args":{"ID":1729382256910368771}},{"name":"FR(FeatureD)","cat":"Feature","ph":"B","ts":6000416,"pid":3408419,"tid":3408419,"args":{"ID":1729382256910385155}},{"name":"FR(FeatureC)","cat":"Feature","ph":"E","ts":6000439,"pid":3408419,"tid":3408419,"args":{"ID":1729382256910368771}},{"name":"FR(FeatureD)","cat":"Feature","ph":"E","ts":6000440,"pid":3408419,"tid":3408419,"args":{"ID":1729382256910385155}},{"name":"Base","cat":"Feature","ph":"E","ts":6000440,"pid":3408419,"tid":3408419,"args":{"ID":0}}],"stackFrames":{},"timestampUnit":"us"}