{ "traceEvents":[{"name":"Base","cat":"Feature","ph":"B","ts":0,"pid":3405587,"tid":3405587,"args":{"ID":0}},{"name":"FR(FeatureA)","cat":"Feature","ph":"B","ts":2000122,"pid":3405587,"tid":3405587,"args":{"ID":1729382256910270467}},{"name":"FR(FeatureA)","cat":"Feature","ph":"E","ts":3000229,"pid":3405587,"tid":3405587,"args":{"ID":1729382256910270467}},{"name":"FR(FeatureC)","cat":"Feature","ph":"B","ts":3000229,"pid":3405587,"tid":3405587,"args":{"ID":1729382256910303235}},{"name":"FR(FeatureC)","cat":"Feature","ph":"E","ts":4000332,"pid":3405587,"tid":3405587,"args":{"ID":1729382256910303235}},{"name":"FR(FeatureD)","cat":"Feature","ph":"B","ts":4000339,"pid":3405587,"tid":3405587,"args":{"ID":1729382256910319619}},{"name":"FR(FeatureD)","cat":"Feature","ph":"E","ts":6000452,"pid":3405587,"tid":3405587,"args":{"ID":1729382256910319619}},{"name":"FR(FeatureA)","cat":"Feature","ph":"B","ts":6000454,"pid":3405587,"tid":3405587,"args":{"ID":1729382256910336003}},{"name":"FR(FeatureA)","cat":"Feature","ph":"E","ts":6000454,"pid":3405587,"tid":3405587,"args":{"ID":1729382256910336003}},{"name":"FR(FeatureC)","cat":"Feature","ph":"B","ts":6000455,"pid":3405587,"tid":3405587,"args":{"ID":1729382256910368771}},{"name":"FR(FeatureD)","cat":"Feature","ph":"B","ts":6000455,"pid":3405587,"tid":3405587,"args":{"ID":1729382256910385155}},{"name":"FR(FeatureC)","cat":"Feature","ph":"E","ts":6000481,"pid":3405587,"tid":3405587,"args":{"ID":1729382256910368771}},{"name":"FR(FeatureD)","cat":"Feature","ph":"E","ts":6000482,"pid":3405587,"tid":3405587,"args":{"ID":1729382256910385155}},{"name":"Base","cat":"Feature","ph":"E","ts":6000482,"pid":3405587,"tid":3405587,"args":{"ID":0}}],"stackFrames":{},"timestampUnit":"us"}