{ "traceEvents":[{"name":"Base","cat":"Feature","ph":"B","ts":0,"pid":3349528,"tid":3349528,"args":{"ID":0}},{"name":"FR(FeatureA)","cat":"Feature","ph":"B","ts":2000098,"pid":3349528,"tid":3349528,"args":{"ID":1729382256910270467}},{"name":"FR(FeatureA)","cat":"Feature","ph":"E","ts":3000197,"pid":3349528,"tid":3349528,"args":{"ID":1729382256910270467}},{"name":"FR(FeatureC)","cat":"Feature","ph":"B","ts":3000197,"pid":3349528,"tid":3349528,"args":{"ID":1729382256910303235}},{"name":"FR(FeatureC)","cat":"Feature","ph":"E","ts":4000292,"pid":3349528,"tid":3349528,"args":{"ID":1729382256910303235}},{"name":"FR(FeatureD)","cat":"Feature","ph":"B","ts":4000298,"pid":3349528,"tid":3349528,"args":{"ID":1729382256910319619}},{"name":"FR(FeatureD)","cat":"Feature","ph":"E","ts":6000389,"pid":3349528,"tid":3349528,"args":{"ID":1729382256910319619}},{"name":"FR(FeatureA)","cat":"Feature","ph":"B","ts":6000390,"pid":3349528,"tid":3349528,"args":{"ID":1729382256910336003}},{"name":"FR(FeatureA)","cat":"Feature","ph":"E","ts":6000391,"pid":3349528,"tid":3349528,"args":{"ID":1729382256910336003}},{"name":"FR(FeatureC)","cat":"Feature","ph":"B","ts":6000391,"pid":3349528,"tid":3349528,"args":{"ID":1729382256910368771}},{"name":"FR(FeatureD)","cat":"Feature","ph":"B","ts":6000391,"pid":3349528,"tid":3349528,"args":{"ID":1729382256910385155}},{"name":"FR(FeatureC)","cat":"Feature","ph":"E","ts":6000410,"pid":3349528,"tid":3349528,"args":{"ID":1729382256910368771}},{"name":"FR(FeatureD)","cat":"Feature","ph":"E","ts":6000411,"pid":3349528,"tid":3349528,"args":{"ID":1729382256910385155}},{"name":"Base","cat":"Feature","ph":"E","ts":6000411,"pid":3349528,"tid":3349528,"args":{"ID":0}}],"stackFrames":{},"timestampUnit":"us"}