{ "traceEvents":[{"name":"Base","cat":"Feature","ph":"B","ts":0,"pid":3346413,"tid":3346413,"args":{"ID":0}},{"name":"FR(FeatureA)","cat":"Feature","ph":"B","ts":2000117,"pid":3346413,"tid":3346413,"args":{"ID":1729382256910270467}},{"name":"FR(FeatureA)","cat":"Feature","ph":"E","ts":3000201,"pid":3346413,"tid":3346413,"args":{"ID":1729382256910270467}},{"name":"FR(FeatureC)","cat":"Feature","ph":"B","ts":3000201,"pid":3346413,"tid":3346413,"args":{"ID":1729382256910303235}},{"name":"FR(FeatureC)","cat":"Feature","ph":"E","ts":4000271,"pid":3346413,"tid":3346413,"args":{"ID":1729382256910303235}},{"name":"FR(FeatureD)","cat":"Feature","ph":"B","ts":4000277,"pid":3346413,"tid":3346413,"args":{"ID":1729382256910319619}},{"name":"FR(FeatureD)","cat":"Feature","ph":"E","ts":6000368,"pid":3346413,"tid":3346413,"args":{"ID":1729382256910319619}},{"name":"FR(FeatureA)","cat":"Feature","ph":"B","ts":6000369,"pid":3346413,"tid":3346413,"args":{"ID":1729382256910336003}},{"name":"FR(FeatureA)","cat":"Feature","ph":"E","ts":6000369,"pid":3346413,"tid":3346413,"args":{"ID":1729382256910336003}},{"name":"FR(FeatureC)","cat":"Feature","ph":"B","ts":6000370,"pid":3346413,"tid":3346413,"args":{"ID":1729382256910368771}},{"name":"FR(FeatureD)","cat":"Feature","ph":"B","ts":6000370,"pid":3346413,"tid":3346413,"args":{"ID":1729382256910385155}},{"name":"FR(FeatureC)","cat":"Feature","ph":"E","ts":6000388,"pid":3346413,"tid":3346413,"args":{"ID":1729382256910368771}},{"name":"FR(FeatureD)","cat":"Feature","ph":"E","ts":6000388,"pid":3346413,"tid":3346413,"args":{"ID":1729382256910385155}},{"name":"Base","cat":"Feature","ph":"E","ts":6000389,"pid":3346413,"tid":3346413,"args":{"ID":0}}],"stackFrames":{},"timestampUnit":"us"}