{ "traceEvents":[{"name":"Base","cat":"Feature","ph":"B","ts":0,"pid":3370737,"tid":3370737,"args":{"ID":0}},{"name":"FR(FeatureA)","cat":"Feature","ph":"B","ts":2000116,"pid":3370737,"tid":3370737,"args":{"ID":1729382256910270467}},{"name":"FR(FeatureA)","cat":"Feature","ph":"E","ts":3000223,"pid":3370737,"tid":3370737,"args":{"ID":1729382256910270467}},{"name":"FR(FeatureC)","cat":"Feature","ph":"B","ts":3000224,"pid":3370737,"tid":3370737,"args":{"ID":1729382256910303235}},{"name":"FR(FeatureC)","cat":"Feature","ph":"E","ts":4000317,"pid":3370737,"tid":3370737,"args":{"ID":1729382256910303235}},{"name":"FR(FeatureD)","cat":"Feature","ph":"B","ts":4000324,"pid":3370737,"tid":3370737,"args":{"ID":1729382256910319619}},{"name":"FR(FeatureD)","cat":"Feature","ph":"E","ts":6000426,"pid":3370737,"tid":3370737,"args":{"ID":1729382256910319619}},{"name":"FR(FeatureA)","cat":"Feature","ph":"B","ts":6000429,"pid":3370737,"tid":3370737,"args":{"ID":1729382256910336003}},{"name":"FR(FeatureA)","cat":"Feature","ph":"E","ts":6000430,"pid":3370737,"tid":3370737,"args":{"ID":1729382256910336003}},{"name":"FR(FeatureC)","cat":"Feature","ph":"B","ts":6000430,"pid":3370737,"tid":3370737,"args":{"ID":1729382256910368771}},{"name":"FR(FeatureD)","cat":"Feature","ph":"B","ts":6000431,"pid":3370737,"tid":3370737,"args":{"ID":1729382256910385155}},{"name":"FR(FeatureC)","cat":"Feature","ph":"E","ts":6000457,"pid":3370737,"tid":3370737,"args":{"ID":1729382256910368771}},{"name":"FR(FeatureD)","cat":"Feature","ph":"E","ts":6000458,"pid":3370737,"tid":3370737,"args":{"ID":1729382256910385155}},{"name":"Base","cat":"Feature","ph":"E","ts":6000458,"pid":3370737,"tid":3370737,"args":{"ID":0}}],"stackFrames":{},"timestampUnit":"us"}