{ "traceEvents":[{"name":"Base","cat":"Feature","ph":"B","ts":0,"pid":3414200,"tid":3414200,"args":{"ID":0}},{"name":"FR(FeatureA)","cat":"Feature","ph":"B","ts":2000103,"pid":3414200,"tid":3414200,"args":{"ID":1729382256910270467}},{"name":"FR(FeatureA)","cat":"Feature","ph":"E","ts":3000198,"pid":3414200,"tid":3414200,"args":{"ID":1729382256910270467}},{"name":"FR(FeatureC)","cat":"Feature","ph":"B","ts":3000199,"pid":3414200,"tid":3414200,"args":{"ID":1729382256910303235}},{"name":"FR(FeatureC)","cat":"Feature","ph":"E","ts":4000280,"pid":3414200,"tid":3414200,"args":{"ID":1729382256910303235}},{"name":"FR(FeatureD)","cat":"Feature","ph":"B","ts":4000288,"pid":3414200,"tid":3414200,"args":{"ID":1729382256910319619}},{"name":"FR(FeatureD)","cat":"Feature","ph":"E","ts":6000394,"pid":3414200,"tid":3414200,"args":{"ID":1729382256910319619}},{"name":"FR(FeatureA)","cat":"Feature","ph":"B","ts":6000396,"pid":3414200,"tid":3414200,"args":{"ID":1729382256910336003}},{"name":"FR(FeatureA)","cat":"Feature","ph":"E","ts":6000396,"pid":3414200,"tid":3414200,"args":{"ID":1729382256910336003}},{"name":"FR(FeatureC)","cat":"Feature","ph":"B","ts":6000397,"pid":3414200,"tid":3414200,"args":{"ID":1729382256910368771}},{"name":"FR(FeatureD)","cat":"Feature","ph":"B","ts":6000397,"pid":3414200,"tid":3414200,"args":{"ID":1729382256910385155}},{"name":"FR(FeatureC)","cat":"Feature","ph":"E","ts":6000429,"pid":3414200,"tid":3414200,"args":{"ID":1729382256910368771}},{"name":"FR(FeatureD)","cat":"Feature","ph":"E","ts":6000430,"pid":3414200,"tid":3414200,"args":{"ID":1729382256910385155}},{"name":"Base","cat":"Feature","ph":"E","ts":6000431,"pid":3414200,"tid":3414200,"args":{"ID":0}}],"stackFrames":{},"timestampUnit":"us"}