{ "traceEvents":[{"name":"Base","cat":"Feature","ph":"B","ts":0,"pid":4173214,"tid":4173214,"args":{"ID":0}},{"name":"FR(FeatureA)","cat":"Feature","ph":"B","ts":2000124,"pid":4173214,"tid":4173214,"args":{"ID":1729382256910270467}},{"name":"FR(FeatureA)","cat":"Feature","ph":"E","ts":3000227,"pid":4173214,"tid":4173214,"args":{"ID":1729382256910270467}},{"name":"FR(FeatureB)","cat":"Feature","ph":"B","ts":3000227,"pid":4173214,"tid":4173214,"args":{"ID":1729382256910286851}},{"name":"FR(FeatureB)","cat":"Feature","ph":"E","ts":5000327,"pid":4173214,"tid":4173214,"args":{"ID":1729382256910286851}},{"name":"FR(FeatureC)","cat":"Feature","ph":"B","ts":5000333,"pid":4173214,"tid":4173214,"args":{"ID":1729382256910303235}},{"name":"FR(FeatureC)","cat":"Feature","ph":"E","ts":6000459,"pid":4173214,"tid":4173214,"args":{"ID":1729382256910303235}},{"name":"FR(FeatureD)","cat":"Feature","ph":"B","ts":6000459,"pid":4173214,"tid":4173214,"args":{"ID":1729382256910319619}},{"name":"FR(FeatureD)","cat":"Feature","ph":"E","ts":8000570,"pid":4173214,"tid":4173214,"args":{"ID":1729382256910319619}},{"name":"FR(FeatureA)","cat":"Feature","ph":"B","ts":8000571,"pid":4173214,"tid":4173214,"args":{"ID":1729382256910336003}},{"name":"FR(FeatureB)","cat":"Feature","ph":"B","ts":8000572,"pid":4173214,"tid":4173214,"args":{"ID":1729382256910352387}},{"name":"FR(FeatureA)","cat":"Feature","ph":"E","ts":10000681,"pid":4173214,"tid":4173214,"args":{"ID":1729382256910336003}},{"name":"FR(FeatureB)","cat":"Feature","ph":"E","ts":10000683,"pid":4173214,"tid":4173214,"args":{"ID":1729382256910352387}},{"name":"FR(FeatureC)","cat":"Feature","ph":"B","ts":10000683,"pid":4173214,"tid":4173214,"args":{"ID":1729382256910368771}},{"name":"FR(FeatureD)","cat":"Feature","ph":"B","ts":10000684,"pid":4173214,"tid":4173214,"args":{"ID":1729382256910385155}},{"name":"FR(FeatureC)","cat":"Feature","ph":"E","ts":10000708,"pid":4173214,"tid":4173214,"args":{"ID":1729382256910368771}},{"name":"FR(FeatureD)","cat":"Feature","ph":"E","ts":10000709,"pid":4173214,"tid":4173214,"args":{"ID":1729382256910385155}},{"name":"Base","cat":"Feature","ph":"E","ts":10000710,"pid":4173214,"tid":4173214,"args":{"ID":0}}],"stackFrames":{},"timestampUnit":"us"}