{ "traceEvents":[{"name":"Base","cat":"Feature","ph":"B","ts":0,"pid":4162235,"tid":4162235,"args":{"ID":0}},{"name":"FR(FeatureA)","cat":"Feature","ph":"B","ts":2000121,"pid":4162235,"tid":4162235,"args":{"ID":1729382256910270467}},{"name":"FR(FeatureA)","cat":"Feature","ph":"E","ts":3000222,"pid":4162235,"tid":4162235,"args":{"ID":1729382256910270467}},{"name":"FR(FeatureB)","cat":"Feature","ph":"B","ts":3000222,"pid":4162235,"tid":4162235,"args":{"ID":1729382256910286851}},{"name":"FR(FeatureB)","cat":"Feature","ph":"E","ts":5000328,"pid":4162235,"tid":4162235,"args":{"ID":1729382256910286851}},{"name":"FR(FeatureC)","cat":"Feature","ph":"B","ts":5000333,"pid":4162235,"tid":4162235,"args":{"ID":1729382256910303235}},{"name":"FR(FeatureC)","cat":"Feature","ph":"E","ts":6000443,"pid":4162235,"tid":4162235,"args":{"ID":1729382256910303235}},{"name":"FR(FeatureD)","cat":"Feature","ph":"B","ts":6000445,"pid":4162235,"tid":4162235,"args":{"ID":1729382256910319619}},{"name":"FR(FeatureD)","cat":"Feature","ph":"E","ts":8000564,"pid":4162235,"tid":4162235,"args":{"ID":1729382256910319619}},{"name":"FR(FeatureA)","cat":"Feature","ph":"B","ts":8000566,"pid":4162235,"tid":4162235,"args":{"ID":1729382256910336003}},{"name":"FR(FeatureB)","cat":"Feature","ph":"B","ts":8000567,"pid":4162235,"tid":4162235,"args":{"ID":1729382256910352387}},{"name":"FR(FeatureA)","cat":"Feature","ph":"E","ts":10000680,"pid":4162235,"tid":4162235,"args":{"ID":1729382256910336003}},{"name":"FR(FeatureB)","cat":"Feature","ph":"E","ts":10000683,"pid":4162235,"tid":4162235,"args":{"ID":1729382256910352387}},{"name":"FR(FeatureC)","cat":"Feature","ph":"B","ts":10000683,"pid":4162235,"tid":4162235,"args":{"ID":1729382256910368771}},{"name":"FR(FeatureD)","cat":"Feature","ph":"B","ts":10000684,"pid":4162235,"tid":4162235,"args":{"ID":1729382256910385155}},{"name":"FR(FeatureC)","cat":"Feature","ph":"E","ts":10000712,"pid":4162235,"tid":4162235,"args":{"ID":1729382256910368771}},{"name":"FR(FeatureD)","cat":"Feature","ph":"E","ts":10000713,"pid":4162235,"tid":4162235,"args":{"ID":1729382256910385155}},{"name":"Base","cat":"Feature","ph":"E","ts":10000714,"pid":4162235,"tid":4162235,"args":{"ID":0}}],"stackFrames":{},"timestampUnit":"us"}