{ "traceEvents":[{"name":"Base","cat":"Feature","ph":"B","ts":0,"pid":4142209,"tid":4142209,"args":{"ID":0}},{"name":"FR(FeatureA)","cat":"Feature","ph":"B","ts":2000081,"pid":4142209,"tid":4142209,"args":{"ID":1729382256910270467}},{"name":"FR(FeatureA)","cat":"Feature","ph":"E","ts":3000177,"pid":4142209,"tid":4142209,"args":{"ID":1729382256910270467}},{"name":"FR(FeatureB)","cat":"Feature","ph":"B","ts":3000178,"pid":4142209,"tid":4142209,"args":{"ID":1729382256910286851}},{"name":"FR(FeatureB)","cat":"Feature","ph":"E","ts":5000277,"pid":4142209,"tid":4142209,"args":{"ID":1729382256910286851}},{"name":"FR(FeatureC)","cat":"Feature","ph":"B","ts":5000282,"pid":4142209,"tid":4142209,"args":{"ID":1729382256910303235}},{"name":"FR(FeatureC)","cat":"Feature","ph":"E","ts":6000373,"pid":4142209,"tid":4142209,"args":{"ID":1729382256910303235}},{"name":"FR(FeatureD)","cat":"Feature","ph":"B","ts":6000374,"pid":4142209,"tid":4142209,"args":{"ID":1729382256910319619}},{"name":"FR(FeatureD)","cat":"Feature","ph":"E","ts":8000495,"pid":4142209,"tid":4142209,"args":{"ID":1729382256910319619}},{"name":"FR(FeatureA)","cat":"Feature","ph":"B","ts":8000496,"pid":4142209,"tid":4142209,"args":{"ID":1729382256910336003}},{"name":"FR(FeatureB)","cat":"Feature","ph":"B","ts":8000497,"pid":4142209,"tid":4142209,"args":{"ID":1729382256910352387}},{"name":"FR(FeatureA)","cat":"Feature","ph":"E","ts":10000606,"pid":4142209,"tid":4142209,"args":{"ID":1729382256910336003}},{"name":"FR(FeatureB)","cat":"Feature","ph":"E","ts":10000607,"pid":4142209,"tid":4142209,"args":{"ID":1729382256910352387}},{"name":"FR(FeatureC)","cat":"Feature","ph":"B","ts":10000608,"pid":4142209,"tid":4142209,"args":{"ID":1729382256910368771}},{"name":"FR(FeatureD)","cat":"Feature","ph":"B","ts":10000608,"pid":4142209,"tid":4142209,"args":{"ID":1729382256910385155}},{"name":"FR(FeatureC)","cat":"Feature","ph":"E","ts":10000628,"pid":4142209,"tid":4142209,"args":{"ID":1729382256910368771}},{"name":"FR(FeatureD)","cat":"Feature","ph":"E","ts":10000628,"pid":4142209,"tid":4142209,"args":{"ID":1729382256910385155}},{"name":"Base","cat":"Feature","ph":"E","ts":10000629,"pid":4142209,"tid":4142209,"args":{"ID":0}}],"stackFrames":{},"timestampUnit":"us"}