{ "traceEvents":[{"name":"Base","cat":"Feature","ph":"B","ts":0,"pid":4191395,"tid":4191395,"args":{"ID":0}},{"name":"FR(FeatureA)","cat":"Feature","ph":"B","ts":2000102,"pid":4191395,"tid":4191395,"args":{"ID":1729382256910270467}},{"name":"FR(FeatureA)","cat":"Feature","ph":"E","ts":3000195,"pid":4191395,"tid":4191395,"args":{"ID":1729382256910270467}},{"name":"FR(FeatureB)","cat":"Feature","ph":"B","ts":3000195,"pid":4191395,"tid":4191395,"args":{"ID":1729382256910286851}},{"name":"FR(FeatureB)","cat":"Feature","ph":"E","ts":5000290,"pid":4191395,"tid":4191395,"args":{"ID":1729382256910286851}},{"name":"FR(FeatureC)","cat":"Feature","ph":"B","ts":5000295,"pid":4191395,"tid":4191395,"args":{"ID":1729382256910303235}},{"name":"FR(FeatureC)","cat":"Feature","ph":"E","ts":6000402,"pid":4191395,"tid":4191395,"args":{"ID":1729382256910303235}},{"name":"FR(FeatureD)","cat":"Feature","ph":"B","ts":6000404,"pid":4191395,"tid":4191395,"args":{"ID":1729382256910319619}},{"name":"FR(FeatureD)","cat":"Feature","ph":"E","ts":8000529,"pid":4191395,"tid":4191395,"args":{"ID":1729382256910319619}},{"name":"FR(FeatureA)","cat":"Feature","ph":"B","ts":8000530,"pid":4191395,"tid":4191395,"args":{"ID":1729382256910336003}},{"name":"FR(FeatureB)","cat":"Feature","ph":"B","ts":8000531,"pid":4191395,"tid":4191395,"args":{"ID":1729382256910352387}},{"name":"FR(FeatureA)","cat":"Feature","ph":"E","ts":10000641,"pid":4191395,"tid":4191395,"args":{"ID":1729382256910336003}},{"name":"FR(FeatureB)","cat":"Feature","ph":"E","ts":10000642,"pid":4191395,"tid":4191395,"args":{"ID":1729382256910352387}},{"name":"FR(FeatureC)","cat":"Feature","ph":"B","ts":10000643,"pid":4191395,"tid":4191395,"args":{"ID":1729382256910368771}},{"name":"FR(FeatureD)","cat":"Feature","ph":"B","ts":10000643,"pid":4191395,"tid":4191395,"args":{"ID":1729382256910385155}},{"name":"FR(FeatureC)","cat":"Feature","ph":"E","ts":10000665,"pid":4191395,"tid":4191395,"args":{"ID":1729382256910368771}},{"name":"FR(FeatureD)","cat":"Feature","ph":"E","ts":10000665,"pid":4191395,"tid":4191395,"args":{"ID":1729382256910385155}},{"name":"Base","cat":"Feature","ph":"E","ts":10000666,"pid":4191395,"tid":4191395,"args":{"ID":0}}],"stackFrames":{},"timestampUnit":"us"}