{ "traceEvents":[{"name":"Base","cat":"Feature","ph":"B","ts":0,"pid":4187764,"tid":4187764,"args":{"ID":0}},{"name":"FR(FeatureA)","cat":"Feature","ph":"B","ts":2000105,"pid":4187764,"tid":4187764,"args":{"ID":1729382256910270467}},{"name":"FR(FeatureA)","cat":"Feature","ph":"E","ts":3000180,"pid":4187764,"tid":4187764,"args":{"ID":1729382256910270467}},{"name":"FR(FeatureB)","cat":"Feature","ph":"B","ts":3000180,"pid":4187764,"tid":4187764,"args":{"ID":1729382256910286851}},{"name":"FR(FeatureB)","cat":"Feature","ph":"E","ts":5000276,"pid":4187764,"tid":4187764,"args":{"ID":1729382256910286851}},{"name":"FR(FeatureC)","cat":"Feature","ph":"B","ts":5000281,"pid":4187764,"tid":4187764,"args":{"ID":1729382256910303235}},{"name":"FR(FeatureC)","cat":"Feature","ph":"E","ts":6000380,"pid":4187764,"tid":4187764,"args":{"ID":1729382256910303235}},{"name":"FR(FeatureD)","cat":"Feature","ph":"B","ts":6000380,"pid":4187764,"tid":4187764,"args":{"ID":1729382256910319619}},{"name":"FR(FeatureD)","cat":"Feature","ph":"E","ts":8000489,"pid":4187764,"tid":4187764,"args":{"ID":1729382256910319619}},{"name":"FR(FeatureA)","cat":"Feature","ph":"B","ts":8000491,"pid":4187764,"tid":4187764,"args":{"ID":1729382256910336003}},{"name":"FR(FeatureB)","cat":"Feature","ph":"B","ts":8000491,"pid":4187764,"tid":4187764,"args":{"ID":1729382256910352387}},{"name":"FR(FeatureA)","cat":"Feature","ph":"E","ts":10000598,"pid":4187764,"tid":4187764,"args":{"ID":1729382256910336003}},{"name":"FR(FeatureB)","cat":"Feature","ph":"E","ts":10000599,"pid":4187764,"tid":4187764,"args":{"ID":1729382256910352387}},{"name":"FR(FeatureC)","cat":"Feature","ph":"B","ts":10000600,"pid":4187764,"tid":4187764,"args":{"ID":1729382256910368771}},{"name":"FR(FeatureD)","cat":"Feature","ph":"B","ts":10000600,"pid":4187764,"tid":4187764,"args":{"ID":1729382256910385155}},{"name":"FR(FeatureC)","cat":"Feature","ph":"E","ts":10000613,"pid":4187764,"tid":4187764,"args":{"ID":1729382256910368771}},{"name":"FR(FeatureD)","cat":"Feature","ph":"E","ts":10000613,"pid":4187764,"tid":4187764,"args":{"ID":1729382256910385155}},{"name":"Base","cat":"Feature","ph":"E","ts":10000614,"pid":4187764,"tid":4187764,"args":{"ID":0}}],"stackFrames":{},"timestampUnit":"us"}