{ "traceEvents":[{"name":"Base","cat":"Feature","ph":"B","ts":0,"pid":1122100,"tid":1122100,"args":{"ID":0}},{"name":"FR(FeatureA)","cat":"Feature","ph":"B","ts":2000114,"pid":1122100,"tid":1122100,"args":{"ID":1729382256910270467}},{"name":"FR(FeatureB)","cat":"Feature","ph":"B","ts":2000114,"pid":1122100,"tid":1122100,"args":{"ID":1729382256910286851}},{"name":"FR(FeatureC)","cat":"Feature","ph":"B","ts":2000115,"pid":1122100,"tid":1122100,"args":{"ID":1729382256910303235}},{"name":"FR(FeatureC)","cat":"Feature","ph":"E","ts":2000115,"pid":1122100,"tid":1122100,"args":{"ID":1729382256910303235}},{"name":"FR(FeatureB)","cat":"Feature","ph":"E","ts":2000120,"pid":1122100,"tid":1122100,"args":{"ID":1729382256910286851}},{"name":"FR(FeatureA)","cat":"Feature","ph":"E","ts":2000120,"pid":1122100,"tid":1122100,"args":{"ID":1729382256910270467}},{"name":"FR(FeatureC)","cat":"Feature","ph":"E","ts":3000225,"pid":1122100,"tid":1122100,"args":{"ID":1729382256910303235}},{"name":"FR(FeatureB)","cat":"Feature","ph":"E","ts":3000226,"pid":1122100,"tid":1122100,"args":{"ID":1729382256910286851}},{"name":"FR(FeatureA)","cat":"Feature","ph":"E","ts":3000226,"pid":1122100,"tid":1122100,"args":{"ID":1729382256910270467}},{"name":"FR(FeatureC)","cat":"Feature","ph":"E","ts":3000228,"pid":1122100,"tid":1122100,"args":{"ID":1729382256910303235}},{"name":"FR(FeatureB)","cat":"Feature","ph":"E","ts":3000228,"pid":1122100,"tid":1122100,"args":{"ID":1729382256910286851}},{"name":"FR(FeatureA)","cat":"Feature","ph":"E","ts":3000229,"pid":1122100,"tid":1122100,"args":{"ID":1729382256910270467}},{"name":"FR(FeatureC)","cat":"Feature","ph":"E","ts":5000333,"pid":1122100,"tid":1122100,"args":{"ID":1729382256910303235}},{"name":"FR(FeatureB)","cat":"Feature","ph":"E","ts":5000335,"pid":1122100,"tid":1122100,"args":{"ID":1729382256910286851}},{"name":"FR(FeatureA)","cat":"Feature","ph":"E","ts":5000336,"pid":1122100,"tid":1122100,"args":{"ID":1729382256910270467}},{"name":"FR(FeatureC)","cat":"Feature","ph":"B","ts":5000337,"pid":1122100,"tid":1122100,"args":{"ID":1729382256910352387}},{"name":"FR(FeatureC)","cat":"Feature","ph":"E","ts":5000337,"pid":1122100,"tid":1122100,"args":{"ID":1729382256910352387}},{"name":"FR(FeatureA)","cat":"Feature","ph":"E","ts":5000337,"pid":1122100,"tid":1122100,"args":{"ID":1729382256910319619}},{"name":"FR(FeatureC)","cat":"Feature","ph":"E","ts":5000338,"pid":1122100,"tid":1122100,"args":{"ID":1729382256910303235}},{"name":"FR(FeatureB)","cat":"Feature","ph":"E","ts":5000338,"pid":1122100,"tid":1122100,"args":{"ID":1729382256910286851}},{"name":"FR(FeatureA)","cat":"Feature","ph":"E","ts":5000338,"pid":1122100,"tid":1122100,"args":{"ID":1729382256910270467}},{"name":"FR(FeatureC)","cat":"Feature","ph":"E","ts":5000339,"pid":1122100,"tid":1122100,"args":{"ID":1729382256910352387}},{"name":"FR(FeatureA)","cat":"Feature","ph":"E","ts":5000339,"pid":1122100,"tid":1122100,"args":{"ID":1729382256910319619}},{"name":"FR(FeatureC)","cat":"Feature","ph":"E","ts":5000339,"pid":1122100,"tid":1122100,"args":{"ID":1729382256910303235}},{"name":"FR(FeatureB)","cat":"Feature","ph":"E","ts":5000340,"pid":1122100,"tid":1122100,"args":{"ID":1729382256910286851}},{"name":"FR(FeatureA)","cat":"Feature","ph":"E","ts":5000340,"pid":1122100,"tid":1122100,"args":{"ID":1729382256910270467}},{"name":"FR(FeatureC)","cat":"Feature","ph":"E","ts":5000369,"pid":1122100,"tid":1122100,"args":{"ID":1729382256910352387}},{"name":"FR(FeatureA)","cat":"Feature","ph":"E","ts":5000370,"pid":1122100,"tid":1122100,"args":{"ID":1729382256910319619}},{"name":"FR(FeatureC)","cat":"Feature","ph":"E","ts":5000370,"pid":1122100,"tid":1122100,"args":{"ID":1729382256910303235}},{"name":"FR(FeatureB)","cat":"Feature","ph":"E","ts":5000371,"pid":1122100,"tid":1122100,"args":{"ID":1729382256910286851}},{"name":"FR(FeatureA)","cat":"Feature","ph":"E","ts":5000372,"pid":1122100,"tid":1122100,"args":{"ID":1729382256910270467}},{"name":"Base","cat":"Feature","ph":"E","ts":5000373,"pid":1122100,"tid":1122100,"args":{"ID":0}}],"stackFrames":{},"timestampUnit":"us"}