{ "traceEvents":[{"name":"Base","cat":"Feature","ph":"B","ts":0,"pid":1120692,"tid":1120692,"args":{"ID":0}},{"name":"FR(FeatureA)","cat":"Feature","ph":"B","ts":2000114,"pid":1120692,"tid":1120692,"args":{"ID":1729382256910270467}},{"name":"FR(FeatureB)","cat":"Feature","ph":"B","ts":2000114,"pid":1120692,"tid":1120692,"args":{"ID":1729382256910286851}},{"name":"FR(FeatureC)","cat":"Feature","ph":"B","ts":2000115,"pid":1120692,"tid":1120692,"args":{"ID":1729382256910303235}},{"name":"FR(FeatureC)","cat":"Feature","ph":"E","ts":2000116,"pid":1120692,"tid":1120692,"args":{"ID":1729382256910303235}},{"name":"FR(FeatureB)","cat":"Feature","ph":"E","ts":2000123,"pid":1120692,"tid":1120692,"args":{"ID":1729382256910286851}},{"name":"FR(FeatureA)","cat":"Feature","ph":"E","ts":2000124,"pid":1120692,"tid":1120692,"args":{"ID":1729382256910270467}},{"name":"FR(FeatureC)","cat":"Feature","ph":"E","ts":3000226,"pid":1120692,"tid":1120692,"args":{"ID":1729382256910303235}},{"name":"FR(FeatureB)","cat":"Feature","ph":"E","ts":3000226,"pid":1120692,"tid":1120692,"args":{"ID":1729382256910286851}},{"name":"FR(FeatureA)","cat":"Feature","ph":"E","ts":3000227,"pid":1120692,"tid":1120692,"args":{"ID":1729382256910270467}},{"name":"FR(FeatureC)","cat":"Feature","ph":"E","ts":3000227,"pid":1120692,"tid":1120692,"args":{"ID":1729382256910303235}},{"name":"FR(FeatureB)","cat":"Feature","ph":"E","ts":3000228,"pid":1120692,"tid":1120692,"args":{"ID":1729382256910286851}},{"name":"FR(FeatureA)","cat":"Feature","ph":"E","ts":3000228,"pid":1120692,"tid":1120692,"args":{"ID":1729382256910270467}},{"name":"FR(FeatureC)","cat":"Feature","ph":"E","ts":5000327,"pid":1120692,"tid":1120692,"args":{"ID":1729382256910303235}},{"name":"FR(FeatureB)","cat":"Feature","ph":"E","ts":5000328,"pid":1120692,"tid":1120692,"args":{"ID":1729382256910286851}},{"name":"FR(FeatureA)","cat":"Feature","ph":"E","ts":5000329,"pid":1120692,"tid":1120692,"args":{"ID":1729382256910270467}},{"name":"FR(FeatureC)","cat":"Feature","ph":"B","ts":5000330,"pid":1120692,"tid":1120692,"args":{"ID":1729382256910352387}},{"name":"FR(FeatureC)","cat":"Feature","ph":"E","ts":5000330,"pid":1120692,"tid":1120692,"args":{"ID":1729382256910352387}},{"name":"FR(FeatureA)","cat":"Feature","ph":"E","ts":5000331,"pid":1120692,"tid":1120692,"args":{"ID":1729382256910319619}},{"name":"FR(FeatureC)","cat":"Feature","ph":"E","ts":5000331,"pid":1120692,"tid":1120692,"args":{"ID":1729382256910303235}},{"name":"FR(FeatureB)","cat":"Feature","ph":"E","ts":5000331,"pid":1120692,"tid":1120692,"args":{"ID":1729382256910286851}},{"name":"FR(FeatureA)","cat":"Feature","ph":"E","ts":5000332,"pid":1120692,"tid":1120692,"args":{"ID":1729382256910270467}},{"name":"FR(FeatureC)","cat":"Feature","ph":"E","ts":5000332,"pid":1120692,"tid":1120692,"args":{"ID":1729382256910352387}},{"name":"FR(FeatureA)","cat":"Feature","ph":"E","ts":5000332,"pid":1120692,"tid":1120692,"args":{"ID":1729382256910319619}},{"name":"FR(FeatureC)","cat":"Feature","ph":"E","ts":5000333,"pid":1120692,"tid":1120692,"args":{"ID":1729382256910303235}},{"name":"FR(FeatureB)","cat":"Feature","ph":"E","ts":5000333,"pid":1120692,"tid":1120692,"args":{"ID":1729382256910286851}},{"name":"FR(FeatureA)","cat":"Feature","ph":"E","ts":5000334,"pid":1120692,"tid":1120692,"args":{"ID":1729382256910270467}},{"name":"FR(FeatureC)","cat":"Feature","ph":"E","ts":5000357,"pid":1120692,"tid":1120692,"args":{"ID":1729382256910352387}},{"name":"FR(FeatureA)","cat":"Feature","ph":"E","ts":5000358,"pid":1120692,"tid":1120692,"args":{"ID":1729382256910319619}},{"name":"FR(FeatureC)","cat":"Feature","ph":"E","ts":5000358,"pid":1120692,"tid":1120692,"args":{"ID":1729382256910303235}},{"name":"FR(FeatureB)","cat":"Feature","ph":"E","ts":5000359,"pid":1120692,"tid":1120692,"args":{"ID":1729382256910286851}},{"name":"FR(FeatureA)","cat":"Feature","ph":"E","ts":5000360,"pid":1120692,"tid":1120692,"args":{"ID":1729382256910270467}},{"name":"Base","cat":"Feature","ph":"E","ts":5000361,"pid":1120692,"tid":1120692,"args":{"ID":0}}],"stackFrames":{},"timestampUnit":"us"}