{ "traceEvents":[{"name":"Base","cat":"Feature","ph":"B","ts":0,"pid":1119852,"tid":1119852,"args":{"ID":0}},{"name":"FR(FeatureA)","cat":"Feature","ph":"B","ts":2000108,"pid":1119852,"tid":1119852,"args":{"ID":1729382256910270467}},{"name":"FR(FeatureB)","cat":"Feature","ph":"B","ts":2000109,"pid":1119852,"tid":1119852,"args":{"ID":1729382256910286851}},{"name":"FR(FeatureC)","cat":"Feature","ph":"B","ts":2000110,"pid":1119852,"tid":1119852,"args":{"ID":1729382256910303235}},{"name":"FR(FeatureC)","cat":"Feature","ph":"E","ts":2000110,"pid":1119852,"tid":1119852,"args":{"ID":1729382256910303235}},{"name":"FR(FeatureB)","cat":"Feature","ph":"E","ts":2000119,"pid":1119852,"tid":1119852,"args":{"ID":1729382256910286851}},{"name":"FR(FeatureA)","cat":"Feature","ph":"E","ts":2000119,"pid":1119852,"tid":1119852,"args":{"ID":1729382256910270467}},{"name":"FR(FeatureC)","cat":"Feature","ph":"E","ts":3000217,"pid":1119852,"tid":1119852,"args":{"ID":1729382256910303235}},{"name":"FR(FeatureB)","cat":"Feature","ph":"E","ts":3000218,"pid":1119852,"tid":1119852,"args":{"ID":1729382256910286851}},{"name":"FR(FeatureA)","cat":"Feature","ph":"E","ts":3000219,"pid":1119852,"tid":1119852,"args":{"ID":1729382256910270467}},{"name":"FR(FeatureC)","cat":"Feature","ph":"E","ts":3000220,"pid":1119852,"tid":1119852,"args":{"ID":1729382256910303235}},{"name":"FR(FeatureB)","cat":"Feature","ph":"E","ts":3000220,"pid":1119852,"tid":1119852,"args":{"ID":1729382256910286851}},{"name":"FR(FeatureA)","cat":"Feature","ph":"E","ts":3000221,"pid":1119852,"tid":1119852,"args":{"ID":1729382256910270467}},{"name":"FR(FeatureC)","cat":"Feature","ph":"E","ts":5000324,"pid":1119852,"tid":1119852,"args":{"ID":1729382256910303235}},{"name":"FR(FeatureB)","cat":"Feature","ph":"E","ts":5000326,"pid":1119852,"tid":1119852,"args":{"ID":1729382256910286851}},{"name":"FR(FeatureA)","cat":"Feature","ph":"E","ts":5000327,"pid":1119852,"tid":1119852,"args":{"ID":1729382256910270467}},{"name":"FR(FeatureC)","cat":"Feature","ph":"B","ts":5000328,"pid":1119852,"tid":1119852,"args":{"ID":1729382256910352387}},{"name":"FR(FeatureC)","cat":"Feature","ph":"E","ts":5000329,"pid":1119852,"tid":1119852,"args":{"ID":1729382256910352387}},{"name":"FR(FeatureA)","cat":"Feature","ph":"E","ts":5000329,"pid":1119852,"tid":1119852,"args":{"ID":1729382256910319619}},{"name":"FR(FeatureC)","cat":"Feature","ph":"E","ts":5000329,"pid":1119852,"tid":1119852,"args":{"ID":1729382256910303235}},{"name":"FR(FeatureB)","cat":"Feature","ph":"E","ts":5000330,"pid":1119852,"tid":1119852,"args":{"ID":1729382256910286851}},{"name":"FR(FeatureA)","cat":"Feature","ph":"E","ts":5000330,"pid":1119852,"tid":1119852,"args":{"ID":1729382256910270467}},{"name":"FR(FeatureC)","cat":"Feature","ph":"E","ts":5000330,"pid":1119852,"tid":1119852,"args":{"ID":1729382256910352387}},{"name":"FR(FeatureA)","cat":"Feature","ph":"E","ts":5000331,"pid":1119852,"tid":1119852,"args":{"ID":1729382256910319619}},{"name":"FR(FeatureC)","cat":"Feature","ph":"E","ts":5000331,"pid":1119852,"tid":1119852,"args":{"ID":1729382256910303235}},{"name":"FR(FeatureB)","cat":"Feature","ph":"E","ts":5000331,"pid":1119852,"tid":1119852,"args":{"ID":1729382256910286851}},{"name":"FR(FeatureA)","cat":"Feature","ph":"E","ts":5000332,"pid":1119852,"tid":1119852,"args":{"ID":1729382256910270467}},{"name":"FR(FeatureC)","cat":"Feature","ph":"E","ts":5000360,"pid":1119852,"tid":1119852,"args":{"ID":1729382256910352387}},{"name":"FR(FeatureA)","cat":"Feature","ph":"E","ts":5000361,"pid":1119852,"tid":1119852,"args":{"ID":1729382256910319619}},{"name":"FR(FeatureC)","cat":"Feature","ph":"E","ts":5000362,"pid":1119852,"tid":1119852,"args":{"ID":1729382256910303235}},{"name":"FR(FeatureB)","cat":"Feature","ph":"E","ts":5000363,"pid":1119852,"tid":1119852,"args":{"ID":1729382256910286851}},{"name":"FR(FeatureA)","cat":"Feature","ph":"E","ts":5000363,"pid":1119852,"tid":1119852,"args":{"ID":1729382256910270467}},{"name":"Base","cat":"Feature","ph":"E","ts":5000364,"pid":1119852,"tid":1119852,"args":{"ID":0}}],"stackFrames":{},"timestampUnit":"us"}