{ "traceEvents":[{"name":"Base","cat":"Feature","ph":"B","ts":0,"pid":1122791,"tid":1122791,"args":{"ID":0}},{"name":"FR(FeatureA)","cat":"Feature","ph":"B","ts":2000118,"pid":1122791,"tid":1122791,"args":{"ID":1729382256910270467}},{"name":"FR(FeatureB)","cat":"Feature","ph":"B","ts":2000119,"pid":1122791,"tid":1122791,"args":{"ID":1729382256910286851}},{"name":"FR(FeatureC)","cat":"Feature","ph":"B","ts":2000120,"pid":1122791,"tid":1122791,"args":{"ID":1729382256910303235}},{"name":"FR(FeatureC)","cat":"Feature","ph":"E","ts":2000120,"pid":1122791,"tid":1122791,"args":{"ID":1729382256910303235}},{"name":"FR(FeatureB)","cat":"Feature","ph":"E","ts":2000128,"pid":1122791,"tid":1122791,"args":{"ID":1729382256910286851}},{"name":"FR(FeatureA)","cat":"Feature","ph":"E","ts":2000128,"pid":1122791,"tid":1122791,"args":{"ID":1729382256910270467}},{"name":"FR(FeatureC)","cat":"Feature","ph":"E","ts":3000232,"pid":1122791,"tid":1122791,"args":{"ID":1729382256910303235}},{"name":"FR(FeatureB)","cat":"Feature","ph":"E","ts":3000233,"pid":1122791,"tid":1122791,"args":{"ID":1729382256910286851}},{"name":"FR(FeatureA)","cat":"Feature","ph":"E","ts":3000233,"pid":1122791,"tid":1122791,"args":{"ID":1729382256910270467}},{"name":"FR(FeatureC)","cat":"Feature","ph":"E","ts":3000234,"pid":1122791,"tid":1122791,"args":{"ID":1729382256910303235}},{"name":"FR(FeatureB)","cat":"Feature","ph":"E","ts":3000235,"pid":1122791,"tid":1122791,"args":{"ID":1729382256910286851}},{"name":"FR(FeatureA)","cat":"Feature","ph":"E","ts":3000236,"pid":1122791,"tid":1122791,"args":{"ID":1729382256910270467}},{"name":"FR(FeatureC)","cat":"Feature","ph":"E","ts":5000320,"pid":1122791,"tid":1122791,"args":{"ID":1729382256910303235}},{"name":"FR(FeatureB)","cat":"Feature","ph":"E","ts":5000321,"pid":1122791,"tid":1122791,"args":{"ID":1729382256910286851}},{"name":"FR(FeatureA)","cat":"Feature","ph":"E","ts":5000321,"pid":1122791,"tid":1122791,"args":{"ID":1729382256910270467}},{"name":"FR(FeatureC)","cat":"Feature","ph":"B","ts":5000322,"pid":1122791,"tid":1122791,"args":{"ID":1729382256910352387}},{"name":"FR(FeatureC)","cat":"Feature","ph":"E","ts":5000323,"pid":1122791,"tid":1122791,"args":{"ID":1729382256910352387}},{"name":"FR(FeatureA)","cat":"Feature","ph":"E","ts":5000323,"pid":1122791,"tid":1122791,"args":{"ID":1729382256910319619}},{"name":"FR(FeatureC)","cat":"Feature","ph":"E","ts":5000324,"pid":1122791,"tid":1122791,"args":{"ID":1729382256910303235}},{"name":"FR(FeatureB)","cat":"Feature","ph":"E","ts":5000325,"pid":1122791,"tid":1122791,"args":{"ID":1729382256910286851}},{"name":"FR(FeatureA)","cat":"Feature","ph":"E","ts":5000325,"pid":1122791,"tid":1122791,"args":{"ID":1729382256910270467}},{"name":"FR(FeatureC)","cat":"Feature","ph":"E","ts":5000326,"pid":1122791,"tid":1122791,"args":{"ID":1729382256910352387}},{"name":"FR(FeatureA)","cat":"Feature","ph":"E","ts":5000326,"pid":1122791,"tid":1122791,"args":{"ID":1729382256910319619}},{"name":"FR(FeatureC)","cat":"Feature","ph":"E","ts":5000327,"pid":1122791,"tid":1122791,"args":{"ID":1729382256910303235}},{"name":"FR(FeatureB)","cat":"Feature","ph":"E","ts":5000328,"pid":1122791,"tid":1122791,"args":{"ID":1729382256910286851}},{"name":"FR(FeatureA)","cat":"Feature","ph":"E","ts":5000328,"pid":1122791,"tid":1122791,"args":{"ID":1729382256910270467}},{"name":"FR(FeatureC)","cat":"Feature","ph":"E","ts":5000345,"pid":1122791,"tid":1122791,"args":{"ID":1729382256910352387}},{"name":"FR(FeatureA)","cat":"Feature","ph":"E","ts":5000345,"pid":1122791,"tid":1122791,"args":{"ID":1729382256910319619}},{"name":"FR(FeatureC)","cat":"Feature","ph":"E","ts":5000346,"pid":1122791,"tid":1122791,"args":{"ID":1729382256910303235}},{"name":"FR(FeatureB)","cat":"Feature","ph":"E","ts":5000347,"pid":1122791,"tid":1122791,"args":{"ID":1729382256910286851}},{"name":"FR(FeatureA)","cat":"Feature","ph":"E","ts":5000348,"pid":1122791,"tid":1122791,"args":{"ID":1729382256910270467}},{"name":"Base","cat":"Feature","ph":"E","ts":5000348,"pid":1122791,"tid":1122791,"args":{"ID":0}}],"stackFrames":{},"timestampUnit":"us"}