{ "traceEvents":[{"name":"Base","cat":"Feature","ph":"B","ts":0,"pid":2876547,"tid":2876547,"args":{"ID":0}},{"name":"FR(FeatureA)","cat":"Feature","ph":"B","ts":2000136,"pid":2876547,"tid":2876547,"args":{"ID":1729382256910270467}},{"name":"FR(FeatureA)","cat":"Feature","ph":"E","ts":3000231,"pid":2876547,"tid":2876547,"args":{"ID":1729382256910270467}},{"name":"FR(FeatureC)","cat":"Feature","ph":"B","ts":3000232,"pid":2876547,"tid":2876547,"args":{"ID":1729382256910303235}},{"name":"FR(FeatureC)","cat":"Feature","ph":"E","ts":4000338,"pid":2876547,"tid":2876547,"args":{"ID":1729382256910303235}},{"name":"FR(FeatureD)","cat":"Feature","ph":"B","ts":4000346,"pid":2876547,"tid":2876547,"args":{"ID":1729382256910319619}},{"name":"FR(FeatureD)","cat":"Feature","ph":"E","ts":6000469,"pid":2876547,"tid":2876547,"args":{"ID":1729382256910319619}},{"name":"FR(FeatureA)","cat":"Feature","ph":"B","ts":6000471,"pid":2876547,"tid":2876547,"args":{"ID":1729382256910336003}},{"name":"FR(FeatureA)","cat":"Feature","ph":"E","ts":6000472,"pid":2876547,"tid":2876547,"args":{"ID":1729382256910336003}},{"name":"FR(FeatureC)","cat":"Feature","ph":"B","ts":6000472,"pid":2876547,"tid":2876547,"args":{"ID":1729382256910368771}},{"name":"FR(FeatureD)","cat":"Feature","ph":"B","ts":6000473,"pid":2876547,"tid":2876547,"args":{"ID":1729382256910385155}},{"name":"FR(FeatureC)","cat":"Feature","ph":"E","ts":6000502,"pid":2876547,"tid":2876547,"args":{"ID":1729382256910368771}},{"name":"FR(FeatureD)","cat":"Feature","ph":"E","ts":6000503,"pid":2876547,"tid":2876547,"args":{"ID":1729382256910385155}},{"name":"Base","cat":"Feature","ph":"E","ts":6000503,"pid":2876547,"tid":2876547,"args":{"ID":0}}],"stackFrames":{},"timestampUnit":"us"}