{ "traceEvents":[{"name":"Base","cat":"Feature","ph":"B","ts":0,"pid":2857238,"tid":2857238,"args":{"ID":0}},{"name":"FR(FeatureA)","cat":"Feature","ph":"B","ts":2000101,"pid":2857238,"tid":2857238,"args":{"ID":1729382256910270467}},{"name":"FR(FeatureA)","cat":"Feature","ph":"E","ts":3000200,"pid":2857238,"tid":2857238,"args":{"ID":1729382256910270467}},{"name":"FR(FeatureC)","cat":"Feature","ph":"B","ts":3000200,"pid":2857238,"tid":2857238,"args":{"ID":1729382256910303235}},{"name":"FR(FeatureC)","cat":"Feature","ph":"E","ts":4000286,"pid":2857238,"tid":2857238,"args":{"ID":1729382256910303235}},{"name":"FR(FeatureD)","cat":"Feature","ph":"B","ts":4000300,"pid":2857238,"tid":2857238,"args":{"ID":1729382256910319619}},{"name":"FR(FeatureD)","cat":"Feature","ph":"E","ts":6000407,"pid":2857238,"tid":2857238,"args":{"ID":1729382256910319619}},{"name":"FR(FeatureA)","cat":"Feature","ph":"B","ts":6000408,"pid":2857238,"tid":2857238,"args":{"ID":1729382256910336003}},{"name":"FR(FeatureA)","cat":"Feature","ph":"E","ts":6000409,"pid":2857238,"tid":2857238,"args":{"ID":1729382256910336003}},{"name":"FR(FeatureC)","cat":"Feature","ph":"B","ts":6000409,"pid":2857238,"tid":2857238,"args":{"ID":1729382256910368771}},{"name":"FR(FeatureD)","cat":"Feature","ph":"B","ts":6000409,"pid":2857238,"tid":2857238,"args":{"ID":1729382256910385155}},{"name":"FR(FeatureC)","cat":"Feature","ph":"E","ts":6000435,"pid":2857238,"tid":2857238,"args":{"ID":1729382256910368771}},{"name":"FR(FeatureD)","cat":"Feature","ph":"E","ts":6000436,"pid":2857238,"tid":2857238,"args":{"ID":1729382256910385155}},{"name":"Base","cat":"Feature","ph":"E","ts":6000436,"pid":2857238,"tid":2857238,"args":{"ID":0}}],"stackFrames":{},"timestampUnit":"us"}