{ "traceEvents":[{"name":"Base","cat":"Feature","ph":"B","ts":0,"pid":2811957,"tid":2811957,"args":{"ID":0}},{"name":"FR(FeatureA)","cat":"Feature","ph":"B","ts":2000124,"pid":2811957,"tid":2811957,"args":{"ID":1729382256910270467}},{"name":"FR(FeatureA)","cat":"Feature","ph":"E","ts":3000248,"pid":2811957,"tid":2811957,"args":{"ID":1729382256910270467}},{"name":"FR(FeatureC)","cat":"Feature","ph":"B","ts":3000249,"pid":2811957,"tid":2811957,"args":{"ID":1729382256910303235}},{"name":"FR(FeatureC)","cat":"Feature","ph":"E","ts":4000338,"pid":2811957,"tid":2811957,"args":{"ID":1729382256910303235}},{"name":"FR(FeatureD)","cat":"Feature","ph":"B","ts":4000343,"pid":2811957,"tid":2811957,"args":{"ID":1729382256910319619}},{"name":"FR(FeatureD)","cat":"Feature","ph":"E","ts":6000460,"pid":2811957,"tid":2811957,"args":{"ID":1729382256910319619}},{"name":"FR(FeatureA)","cat":"Feature","ph":"B","ts":6000463,"pid":2811957,"tid":2811957,"args":{"ID":1729382256910336003}},{"name":"FR(FeatureA)","cat":"Feature","ph":"E","ts":6000464,"pid":2811957,"tid":2811957,"args":{"ID":1729382256910336003}},{"name":"FR(FeatureC)","cat":"Feature","ph":"B","ts":6000464,"pid":2811957,"tid":2811957,"args":{"ID":1729382256910368771}},{"name":"FR(FeatureD)","cat":"Feature","ph":"B","ts":6000465,"pid":2811957,"tid":2811957,"args":{"ID":1729382256910385155}},{"name":"FR(FeatureC)","cat":"Feature","ph":"E","ts":6000494,"pid":2811957,"tid":2811957,"args":{"ID":1729382256910368771}},{"name":"FR(FeatureD)","cat":"Feature","ph":"E","ts":6000495,"pid":2811957,"tid":2811957,"args":{"ID":1729382256910385155}},{"name":"Base","cat":"Feature","ph":"E","ts":6000495,"pid":2811957,"tid":2811957,"args":{"ID":0}}],"stackFrames":{},"timestampUnit":"us"}