{ "traceEvents":[{"name":"Base","cat":"Feature","ph":"B","ts":0,"pid":2821190,"tid":2821190,"args":{"ID":0}},{"name":"FR(FeatureA)","cat":"Feature","ph":"B","ts":2000100,"pid":2821190,"tid":2821190,"args":{"ID":1729382256910270467}},{"name":"FR(FeatureA)","cat":"Feature","ph":"E","ts":3000232,"pid":2821190,"tid":2821190,"args":{"ID":1729382256910270467}},{"name":"FR(FeatureC)","cat":"Feature","ph":"B","ts":3000233,"pid":2821190,"tid":2821190,"args":{"ID":1729382256910303235}},{"name":"FR(FeatureC)","cat":"Feature","ph":"E","ts":4000332,"pid":2821190,"tid":2821190,"args":{"ID":1729382256910303235}},{"name":"FR(FeatureD)","cat":"Feature","ph":"B","ts":4000342,"pid":2821190,"tid":2821190,"args":{"ID":1729382256910319619}},{"name":"FR(FeatureD)","cat":"Feature","ph":"E","ts":6000459,"pid":2821190,"tid":2821190,"args":{"ID":1729382256910319619}},{"name":"FR(FeatureA)","cat":"Feature","ph":"B","ts":6000460,"pid":2821190,"tid":2821190,"args":{"ID":1729382256910336003}},{"name":"FR(FeatureA)","cat":"Feature","ph":"E","ts":6000461,"pid":2821190,"tid":2821190,"args":{"ID":1729382256910336003}},{"name":"FR(FeatureC)","cat":"Feature","ph":"B","ts":6000461,"pid":2821190,"tid":2821190,"args":{"ID":1729382256910368771}},{"name":"FR(FeatureD)","cat":"Feature","ph":"B","ts":6000461,"pid":2821190,"tid":2821190,"args":{"ID":1729382256910385155}},{"name":"FR(FeatureC)","cat":"Feature","ph":"E","ts":6000493,"pid":2821190,"tid":2821190,"args":{"ID":1729382256910368771}},{"name":"FR(FeatureD)","cat":"Feature","ph":"E","ts":6000493,"pid":2821190,"tid":2821190,"args":{"ID":1729382256910385155}},{"name":"Base","cat":"Feature","ph":"E","ts":6000494,"pid":2821190,"tid":2821190,"args":{"ID":0}}],"stackFrames":{},"timestampUnit":"us"}