{ "traceEvents":[{"name":"Base","cat":"Feature","ph":"B","ts":0,"pid":2818619,"tid":2818619,"args":{"ID":0}},{"name":"FR(FeatureA)","cat":"Feature","ph":"B","ts":2000114,"pid":2818619,"tid":2818619,"args":{"ID":1729382256910270467}},{"name":"FR(FeatureA)","cat":"Feature","ph":"E","ts":3000209,"pid":2818619,"tid":2818619,"args":{"ID":1729382256910270467}},{"name":"FR(FeatureC)","cat":"Feature","ph":"B","ts":3000209,"pid":2818619,"tid":2818619,"args":{"ID":1729382256910303235}},{"name":"FR(FeatureC)","cat":"Feature","ph":"E","ts":4000303,"pid":2818619,"tid":2818619,"args":{"ID":1729382256910303235}},{"name":"FR(FeatureD)","cat":"Feature","ph":"B","ts":4000311,"pid":2818619,"tid":2818619,"args":{"ID":1729382256910319619}},{"name":"FR(FeatureD)","cat":"Feature","ph":"E","ts":6000448,"pid":2818619,"tid":2818619,"args":{"ID":1729382256910319619}},{"name":"FR(FeatureA)","cat":"Feature","ph":"B","ts":6000450,"pid":2818619,"tid":2818619,"args":{"ID":1729382256910336003}},{"name":"FR(FeatureA)","cat":"Feature","ph":"E","ts":6000450,"pid":2818619,"tid":2818619,"args":{"ID":1729382256910336003}},{"name":"FR(FeatureC)","cat":"Feature","ph":"B","ts":6000451,"pid":2818619,"tid":2818619,"args":{"ID":1729382256910368771}},{"name":"FR(FeatureD)","cat":"Feature","ph":"B","ts":6000451,"pid":2818619,"tid":2818619,"args":{"ID":1729382256910385155}},{"name":"FR(FeatureC)","cat":"Feature","ph":"E","ts":6000486,"pid":2818619,"tid":2818619,"args":{"ID":1729382256910368771}},{"name":"FR(FeatureD)","cat":"Feature","ph":"E","ts":6000486,"pid":2818619,"tid":2818619,"args":{"ID":1729382256910385155}},{"name":"Base","cat":"Feature","ph":"E","ts":6000487,"pid":2818619,"tid":2818619,"args":{"ID":0}}],"stackFrames":{},"timestampUnit":"us"}