{ "traceEvents":[{"name":"Base","cat":"Feature","ph":"B","ts":0,"pid":2867402,"tid":2867402,"args":{"ID":0}},{"name":"FR(FeatureA)","cat":"Feature","ph":"B","ts":2000137,"pid":2867402,"tid":2867402,"args":{"ID":1729382256910270467}},{"name":"FR(FeatureA)","cat":"Feature","ph":"E","ts":3000252,"pid":2867402,"tid":2867402,"args":{"ID":1729382256910270467}},{"name":"FR(FeatureC)","cat":"Feature","ph":"B","ts":3000253,"pid":2867402,"tid":2867402,"args":{"ID":1729382256910303235}},{"name":"FR(FeatureC)","cat":"Feature","ph":"E","ts":4000352,"pid":2867402,"tid":2867402,"args":{"ID":1729382256910303235}},{"name":"FR(FeatureD)","cat":"Feature","ph":"B","ts":4000359,"pid":2867402,"tid":2867402,"args":{"ID":1729382256910319619}},{"name":"FR(FeatureD)","cat":"Feature","ph":"E","ts":6000480,"pid":2867402,"tid":2867402,"args":{"ID":1729382256910319619}},{"name":"FR(FeatureA)","cat":"Feature","ph":"B","ts":6000482,"pid":2867402,"tid":2867402,"args":{"ID":1729382256910336003}},{"name":"FR(FeatureA)","cat":"Feature","ph":"E","ts":6000482,"pid":2867402,"tid":2867402,"args":{"ID":1729382256910336003}},{"name":"FR(FeatureC)","cat":"Feature","ph":"B","ts":6000483,"pid":2867402,"tid":2867402,"args":{"ID":1729382256910368771}},{"name":"FR(FeatureD)","cat":"Feature","ph":"B","ts":6000483,"pid":2867402,"tid":2867402,"args":{"ID":1729382256910385155}},{"name":"FR(FeatureC)","cat":"Feature","ph":"E","ts":6000508,"pid":2867402,"tid":2867402,"args":{"ID":1729382256910368771}},{"name":"FR(FeatureD)","cat":"Feature","ph":"E","ts":6000509,"pid":2867402,"tid":2867402,"args":{"ID":1729382256910385155}},{"name":"Base","cat":"Feature","ph":"E","ts":6000509,"pid":2867402,"tid":2867402,"args":{"ID":0}}],"stackFrames":{},"timestampUnit":"us"}