{ "traceEvents":[{"name":"Base","cat":"Feature","ph":"B","ts":0,"pid":2854385,"tid":2854385,"args":{"ID":0}},{"name":"FR(FeatureA)","cat":"Feature","ph":"B","ts":2000113,"pid":2854385,"tid":2854385,"args":{"ID":1729382256910270467}},{"name":"FR(FeatureA)","cat":"Feature","ph":"E","ts":3000221,"pid":2854385,"tid":2854385,"args":{"ID":1729382256910270467}},{"name":"FR(FeatureC)","cat":"Feature","ph":"B","ts":3000221,"pid":2854385,"tid":2854385,"args":{"ID":1729382256910303235}},{"name":"FR(FeatureC)","cat":"Feature","ph":"E","ts":4000310,"pid":2854385,"tid":2854385,"args":{"ID":1729382256910303235}},{"name":"FR(FeatureD)","cat":"Feature","ph":"B","ts":4000319,"pid":2854385,"tid":2854385,"args":{"ID":1729382256910319619}},{"name":"FR(FeatureD)","cat":"Feature","ph":"E","ts":6000427,"pid":2854385,"tid":2854385,"args":{"ID":1729382256910319619}},{"name":"FR(FeatureA)","cat":"Feature","ph":"B","ts":6000428,"pid":2854385,"tid":2854385,"args":{"ID":1729382256910336003}},{"name":"FR(FeatureA)","cat":"Feature","ph":"E","ts":6000428,"pid":2854385,"tid":2854385,"args":{"ID":1729382256910336003}},{"name":"FR(FeatureC)","cat":"Feature","ph":"B","ts":6000429,"pid":2854385,"tid":2854385,"args":{"ID":1729382256910368771}},{"name":"FR(FeatureD)","cat":"Feature","ph":"B","ts":6000429,"pid":2854385,"tid":2854385,"args":{"ID":1729382256910385155}},{"name":"FR(FeatureC)","cat":"Feature","ph":"E","ts":6000458,"pid":2854385,"tid":2854385,"args":{"ID":1729382256910368771}},{"name":"FR(FeatureD)","cat":"Feature","ph":"E","ts":6000458,"pid":2854385,"tid":2854385,"args":{"ID":1729382256910385155}},{"name":"Base","cat":"Feature","ph":"E","ts":6000459,"pid":2854385,"tid":2854385,"args":{"ID":0}}],"stackFrames":{},"timestampUnit":"us"}