{ "traceEvents":[{"name":"Base","cat":"Feature","ph":"B","ts":0,"pid":2871773,"tid":2871773,"args":{"ID":0}},{"name":"FR(FeatureA)","cat":"Feature","ph":"B","ts":2000112,"pid":2871773,"tid":2871773,"args":{"ID":1729382256910270467}},{"name":"FR(FeatureA)","cat":"Feature","ph":"E","ts":3000202,"pid":2871773,"tid":2871773,"args":{"ID":1729382256910270467}},{"name":"FR(FeatureC)","cat":"Feature","ph":"B","ts":3000203,"pid":2871773,"tid":2871773,"args":{"ID":1729382256910303235}},{"name":"FR(FeatureC)","cat":"Feature","ph":"E","ts":4000288,"pid":2871773,"tid":2871773,"args":{"ID":1729382256910303235}},{"name":"FR(FeatureD)","cat":"Feature","ph":"B","ts":4000296,"pid":2871773,"tid":2871773,"args":{"ID":1729382256910319619}},{"name":"FR(FeatureD)","cat":"Feature","ph":"E","ts":6000406,"pid":2871773,"tid":2871773,"args":{"ID":1729382256910319619}},{"name":"FR(FeatureA)","cat":"Feature","ph":"B","ts":6000406,"pid":2871773,"tid":2871773,"args":{"ID":1729382256910336003}},{"name":"FR(FeatureA)","cat":"Feature","ph":"E","ts":6000407,"pid":2871773,"tid":2871773,"args":{"ID":1729382256910336003}},{"name":"FR(FeatureC)","cat":"Feature","ph":"B","ts":6000407,"pid":2871773,"tid":2871773,"args":{"ID":1729382256910368771}},{"name":"FR(FeatureD)","cat":"Feature","ph":"B","ts":6000408,"pid":2871773,"tid":2871773,"args":{"ID":1729382256910385155}},{"name":"FR(FeatureC)","cat":"Feature","ph":"E","ts":6000431,"pid":2871773,"tid":2871773,"args":{"ID":1729382256910368771}},{"name":"FR(FeatureD)","cat":"Feature","ph":"E","ts":6000431,"pid":2871773,"tid":2871773,"args":{"ID":1729382256910385155}},{"name":"Base","cat":"Feature","ph":"E","ts":6000432,"pid":2871773,"tid":2871773,"args":{"ID":0}}],"stackFrames":{},"timestampUnit":"us"}