{ "traceEvents":[{"name":"Base","cat":"Feature","ph":"B","ts":0,"pid":2859822,"tid":2859822,"args":{"ID":0}},{"name":"FR(FeatureA)","cat":"Feature","ph":"B","ts":2000114,"pid":2859822,"tid":2859822,"args":{"ID":1729382256910270467}},{"name":"FR(FeatureA)","cat":"Feature","ph":"E","ts":3000217,"pid":2859822,"tid":2859822,"args":{"ID":1729382256910270467}},{"name":"FR(FeatureC)","cat":"Feature","ph":"B","ts":3000218,"pid":2859822,"tid":2859822,"args":{"ID":1729382256910303235}},{"name":"FR(FeatureC)","cat":"Feature","ph":"E","ts":4000324,"pid":2859822,"tid":2859822,"args":{"ID":1729382256910303235}},{"name":"FR(FeatureD)","cat":"Feature","ph":"B","ts":4000331,"pid":2859822,"tid":2859822,"args":{"ID":1729382256910319619}},{"name":"FR(FeatureD)","cat":"Feature","ph":"E","ts":6000438,"pid":2859822,"tid":2859822,"args":{"ID":1729382256910319619}},{"name":"FR(FeatureA)","cat":"Feature","ph":"B","ts":6000439,"pid":2859822,"tid":2859822,"args":{"ID":1729382256910336003}},{"name":"FR(FeatureA)","cat":"Feature","ph":"E","ts":6000440,"pid":2859822,"tid":2859822,"args":{"ID":1729382256910336003}},{"name":"FR(FeatureC)","cat":"Feature","ph":"B","ts":6000441,"pid":2859822,"tid":2859822,"args":{"ID":1729382256910368771}},{"name":"FR(FeatureD)","cat":"Feature","ph":"B","ts":6000441,"pid":2859822,"tid":2859822,"args":{"ID":1729382256910385155}},{"name":"FR(FeatureC)","cat":"Feature","ph":"E","ts":6000465,"pid":2859822,"tid":2859822,"args":{"ID":1729382256910368771}},{"name":"FR(FeatureD)","cat":"Feature","ph":"E","ts":6000466,"pid":2859822,"tid":2859822,"args":{"ID":1729382256910385155}},{"name":"Base","cat":"Feature","ph":"E","ts":6000466,"pid":2859822,"tid":2859822,"args":{"ID":0}}],"stackFrames":{},"timestampUnit":"us"}