{ "traceEvents":[{"name":"Base","cat":"Feature","ph":"B","ts":0,"pid":2833681,"tid":2833681,"args":{"ID":0}},{"name":"FR(FeatureA)","cat":"Feature","ph":"B","ts":2000148,"pid":2833681,"tid":2833681,"args":{"ID":1729382256910270467}},{"name":"FR(FeatureA)","cat":"Feature","ph":"E","ts":3000262,"pid":2833681,"tid":2833681,"args":{"ID":1729382256910270467}},{"name":"FR(FeatureC)","cat":"Feature","ph":"B","ts":3000262,"pid":2833681,"tid":2833681,"args":{"ID":1729382256910303235}},{"name":"FR(FeatureC)","cat":"Feature","ph":"E","ts":4000348,"pid":2833681,"tid":2833681,"args":{"ID":1729382256910303235}},{"name":"FR(FeatureD)","cat":"Feature","ph":"B","ts":4000355,"pid":2833681,"tid":2833681,"args":{"ID":1729382256910319619}},{"name":"FR(FeatureD)","cat":"Feature","ph":"E","ts":6000486,"pid":2833681,"tid":2833681,"args":{"ID":1729382256910319619}},{"name":"FR(FeatureA)","cat":"Feature","ph":"B","ts":6000488,"pid":2833681,"tid":2833681,"args":{"ID":1729382256910336003}},{"name":"FR(FeatureA)","cat":"Feature","ph":"E","ts":6000489,"pid":2833681,"tid":2833681,"args":{"ID":1729382256910336003}},{"name":"FR(FeatureC)","cat":"Feature","ph":"B","ts":6000489,"pid":2833681,"tid":2833681,"args":{"ID":1729382256910368771}},{"name":"FR(FeatureD)","cat":"Feature","ph":"B","ts":6000490,"pid":2833681,"tid":2833681,"args":{"ID":1729382256910385155}},{"name":"FR(FeatureC)","cat":"Feature","ph":"E","ts":6000523,"pid":2833681,"tid":2833681,"args":{"ID":1729382256910368771}},{"name":"FR(FeatureD)","cat":"Feature","ph":"E","ts":6000524,"pid":2833681,"tid":2833681,"args":{"ID":1729382256910385155}},{"name":"Base","cat":"Feature","ph":"E","ts":6000524,"pid":2833681,"tid":2833681,"args":{"ID":0}}],"stackFrames":{},"timestampUnit":"us"}