{ "traceEvents":[{"name":"Base","cat":"Feature","ph":"B","ts":0,"pid":2865070,"tid":2865070,"args":{"ID":0}},{"name":"FR(FeatureA)","cat":"Feature","ph":"B","ts":2000120,"pid":2865070,"tid":2865070,"args":{"ID":1729382256910270467}},{"name":"FR(FeatureA)","cat":"Feature","ph":"E","ts":3000238,"pid":2865070,"tid":2865070,"args":{"ID":1729382256910270467}},{"name":"FR(FeatureC)","cat":"Feature","ph":"B","ts":3000239,"pid":2865070,"tid":2865070,"args":{"ID":1729382256910303235}},{"name":"FR(FeatureC)","cat":"Feature","ph":"E","ts":4000344,"pid":2865070,"tid":2865070,"args":{"ID":1729382256910303235}},{"name":"FR(FeatureD)","cat":"Feature","ph":"B","ts":4000351,"pid":2865070,"tid":2865070,"args":{"ID":1729382256910319619}},{"name":"FR(FeatureD)","cat":"Feature","ph":"E","ts":6000464,"pid":2865070,"tid":2865070,"args":{"ID":1729382256910319619}},{"name":"FR(FeatureA)","cat":"Feature","ph":"B","ts":6000466,"pid":2865070,"tid":2865070,"args":{"ID":1729382256910336003}},{"name":"FR(FeatureA)","cat":"Feature","ph":"E","ts":6000467,"pid":2865070,"tid":2865070,"args":{"ID":1729382256910336003}},{"name":"FR(FeatureC)","cat":"Feature","ph":"B","ts":6000468,"pid":2865070,"tid":2865070,"args":{"ID":1729382256910368771}},{"name":"FR(FeatureD)","cat":"Feature","ph":"B","ts":6000468,"pid":2865070,"tid":2865070,"args":{"ID":1729382256910385155}},{"name":"FR(FeatureC)","cat":"Feature","ph":"E","ts":6000497,"pid":2865070,"tid":2865070,"args":{"ID":1729382256910368771}},{"name":"FR(FeatureD)","cat":"Feature","ph":"E","ts":6000497,"pid":2865070,"tid":2865070,"args":{"ID":1729382256910385155}},{"name":"Base","cat":"Feature","ph":"E","ts":6000498,"pid":2865070,"tid":2865070,"args":{"ID":0}}],"stackFrames":{},"timestampUnit":"us"}