{ "traceEvents":[{"name":"Base","cat":"Feature","ph":"B","ts":0,"pid":2847473,"tid":2847473,"args":{"ID":0}},{"name":"FR(FeatureA)","cat":"Feature","ph":"B","ts":2000139,"pid":2847473,"tid":2847473,"args":{"ID":1729382256910270467}},{"name":"FR(FeatureA)","cat":"Feature","ph":"E","ts":3000246,"pid":2847473,"tid":2847473,"args":{"ID":1729382256910270467}},{"name":"FR(FeatureC)","cat":"Feature","ph":"B","ts":3000246,"pid":2847473,"tid":2847473,"args":{"ID":1729382256910303235}},{"name":"FR(FeatureC)","cat":"Feature","ph":"E","ts":4000333,"pid":2847473,"tid":2847473,"args":{"ID":1729382256910303235}},{"name":"FR(FeatureD)","cat":"Feature","ph":"B","ts":4000338,"pid":2847473,"tid":2847473,"args":{"ID":1729382256910319619}},{"name":"FR(FeatureD)","cat":"Feature","ph":"E","ts":6000432,"pid":2847473,"tid":2847473,"args":{"ID":1729382256910319619}},{"name":"FR(FeatureA)","cat":"Feature","ph":"B","ts":6000432,"pid":2847473,"tid":2847473,"args":{"ID":1729382256910336003}},{"name":"FR(FeatureA)","cat":"Feature","ph":"E","ts":6000433,"pid":2847473,"tid":2847473,"args":{"ID":1729382256910336003}},{"name":"FR(FeatureC)","cat":"Feature","ph":"B","ts":6000433,"pid":2847473,"tid":2847473,"args":{"ID":1729382256910368771}},{"name":"FR(FeatureD)","cat":"Feature","ph":"B","ts":6000434,"pid":2847473,"tid":2847473,"args":{"ID":1729382256910385155}},{"name":"FR(FeatureC)","cat":"Feature","ph":"E","ts":6000458,"pid":2847473,"tid":2847473,"args":{"ID":1729382256910368771}},{"name":"FR(FeatureD)","cat":"Feature","ph":"E","ts":6000459,"pid":2847473,"tid":2847473,"args":{"ID":1729382256910385155}},{"name":"Base","cat":"Feature","ph":"E","ts":6000459,"pid":2847473,"tid":2847473,"args":{"ID":0}}],"stackFrames":{},"timestampUnit":"us"}