{ "traceEvents":[{"name":"Base","cat":"Feature","ph":"B","ts":0,"pid":2835695,"tid":2835695,"args":{"ID":0}},{"name":"FR(FeatureA)","cat":"Feature","ph":"B","ts":2000110,"pid":2835695,"tid":2835695,"args":{"ID":1729382256910270467}},{"name":"FR(FeatureA)","cat":"Feature","ph":"E","ts":3000217,"pid":2835695,"tid":2835695,"args":{"ID":1729382256910270467}},{"name":"FR(FeatureC)","cat":"Feature","ph":"B","ts":3000217,"pid":2835695,"tid":2835695,"args":{"ID":1729382256910303235}},{"name":"FR(FeatureC)","cat":"Feature","ph":"E","ts":4000308,"pid":2835695,"tid":2835695,"args":{"ID":1729382256910303235}},{"name":"FR(FeatureD)","cat":"Feature","ph":"B","ts":4000320,"pid":2835695,"tid":2835695,"args":{"ID":1729382256910319619}},{"name":"FR(FeatureD)","cat":"Feature","ph":"E","ts":6000448,"pid":2835695,"tid":2835695,"args":{"ID":1729382256910319619}},{"name":"FR(FeatureA)","cat":"Feature","ph":"B","ts":6000448,"pid":2835695,"tid":2835695,"args":{"ID":1729382256910336003}},{"name":"FR(FeatureA)","cat":"Feature","ph":"E","ts":6000449,"pid":2835695,"tid":2835695,"args":{"ID":1729382256910336003}},{"name":"FR(FeatureC)","cat":"Feature","ph":"B","ts":6000449,"pid":2835695,"tid":2835695,"args":{"ID":1729382256910368771}},{"name":"FR(FeatureD)","cat":"Feature","ph":"B","ts":6000450,"pid":2835695,"tid":2835695,"args":{"ID":1729382256910385155}},{"name":"FR(FeatureC)","cat":"Feature","ph":"E","ts":6000476,"pid":2835695,"tid":2835695,"args":{"ID":1729382256910368771}},{"name":"FR(FeatureD)","cat":"Feature","ph":"E","ts":6000477,"pid":2835695,"tid":2835695,"args":{"ID":1729382256910385155}},{"name":"Base","cat":"Feature","ph":"E","ts":6000477,"pid":2835695,"tid":2835695,"args":{"ID":0}}],"stackFrames":{},"timestampUnit":"us"}