{ "traceEvents":[{"name":"Base","cat":"Feature","ph":"B","ts":0,"pid":2824144,"tid":2824144,"args":{"ID":0}},{"name":"FR(FeatureA)","cat":"Feature","ph":"B","ts":2000152,"pid":2824144,"tid":2824144,"args":{"ID":1729382256910270467}},{"name":"FR(FeatureA)","cat":"Feature","ph":"E","ts":3000263,"pid":2824144,"tid":2824144,"args":{"ID":1729382256910270467}},{"name":"FR(FeatureC)","cat":"Feature","ph":"B","ts":3000264,"pid":2824144,"tid":2824144,"args":{"ID":1729382256910303235}},{"name":"FR(FeatureC)","cat":"Feature","ph":"E","ts":4000373,"pid":2824144,"tid":2824144,"args":{"ID":1729382256910303235}},{"name":"FR(FeatureD)","cat":"Feature","ph":"B","ts":4000383,"pid":2824144,"tid":2824144,"args":{"ID":1729382256910319619}},{"name":"FR(FeatureD)","cat":"Feature","ph":"E","ts":6000496,"pid":2824144,"tid":2824144,"args":{"ID":1729382256910319619}},{"name":"FR(FeatureA)","cat":"Feature","ph":"B","ts":6000498,"pid":2824144,"tid":2824144,"args":{"ID":1729382256910336003}},{"name":"FR(FeatureA)","cat":"Feature","ph":"E","ts":6000499,"pid":2824144,"tid":2824144,"args":{"ID":1729382256910336003}},{"name":"FR(FeatureC)","cat":"Feature","ph":"B","ts":6000499,"pid":2824144,"tid":2824144,"args":{"ID":1729382256910368771}},{"name":"FR(FeatureD)","cat":"Feature","ph":"B","ts":6000500,"pid":2824144,"tid":2824144,"args":{"ID":1729382256910385155}},{"name":"FR(FeatureC)","cat":"Feature","ph":"E","ts":6000535,"pid":2824144,"tid":2824144,"args":{"ID":1729382256910368771}},{"name":"FR(FeatureD)","cat":"Feature","ph":"E","ts":6000536,"pid":2824144,"tid":2824144,"args":{"ID":1729382256910385155}},{"name":"Base","cat":"Feature","ph":"E","ts":6000537,"pid":2824144,"tid":2824144,"args":{"ID":0}}],"stackFrames":{},"timestampUnit":"us"}