{ "traceEvents":[{"name":"Base","cat":"Feature","ph":"B","ts":0,"pid":2840862,"tid":2840862,"args":{"ID":0}},{"name":"FR(FeatureA)","cat":"Feature","ph":"B","ts":2000108,"pid":2840862,"tid":2840862,"args":{"ID":1729382256910270467}},{"name":"FR(FeatureA)","cat":"Feature","ph":"E","ts":3000215,"pid":2840862,"tid":2840862,"args":{"ID":1729382256910270467}},{"name":"FR(FeatureC)","cat":"Feature","ph":"B","ts":3000215,"pid":2840862,"tid":2840862,"args":{"ID":1729382256910303235}},{"name":"FR(FeatureC)","cat":"Feature","ph":"E","ts":4000318,"pid":2840862,"tid":2840862,"args":{"ID":1729382256910303235}},{"name":"FR(FeatureD)","cat":"Feature","ph":"B","ts":4000325,"pid":2840862,"tid":2840862,"args":{"ID":1729382256910319619}},{"name":"FR(FeatureD)","cat":"Feature","ph":"E","ts":6000426,"pid":2840862,"tid":2840862,"args":{"ID":1729382256910319619}},{"name":"FR(FeatureA)","cat":"Feature","ph":"B","ts":6000428,"pid":2840862,"tid":2840862,"args":{"ID":1729382256910336003}},{"name":"FR(FeatureA)","cat":"Feature","ph":"E","ts":6000429,"pid":2840862,"tid":2840862,"args":{"ID":1729382256910336003}},{"name":"FR(FeatureC)","cat":"Feature","ph":"B","ts":6000429,"pid":2840862,"tid":2840862,"args":{"ID":1729382256910368771}},{"name":"FR(FeatureD)","cat":"Feature","ph":"B","ts":6000429,"pid":2840862,"tid":2840862,"args":{"ID":1729382256910385155}},{"name":"FR(FeatureC)","cat":"Feature","ph":"E","ts":6000459,"pid":2840862,"tid":2840862,"args":{"ID":1729382256910368771}},{"name":"FR(FeatureD)","cat":"Feature","ph":"E","ts":6000460,"pid":2840862,"tid":2840862,"args":{"ID":1729382256910385155}},{"name":"Base","cat":"Feature","ph":"E","ts":6000460,"pid":2840862,"tid":2840862,"args":{"ID":0}}],"stackFrames":{},"timestampUnit":"us"}