{ "traceEvents":[{"name":"Base","cat":"Feature","ph":"B","ts":0,"pid":2862672,"tid":2862672,"args":{"ID":0}},{"name":"FR(FeatureA)","cat":"Feature","ph":"B","ts":2000106,"pid":2862672,"tid":2862672,"args":{"ID":1729382256910270467}},{"name":"FR(FeatureA)","cat":"Feature","ph":"E","ts":3000196,"pid":2862672,"tid":2862672,"args":{"ID":1729382256910270467}},{"name":"FR(FeatureC)","cat":"Feature","ph":"B","ts":3000197,"pid":2862672,"tid":2862672,"args":{"ID":1729382256910303235}},{"name":"FR(FeatureC)","cat":"Feature","ph":"E","ts":4000284,"pid":2862672,"tid":2862672,"args":{"ID":1729382256910303235}},{"name":"FR(FeatureD)","cat":"Feature","ph":"B","ts":4000299,"pid":2862672,"tid":2862672,"args":{"ID":1729382256910319619}},{"name":"FR(FeatureD)","cat":"Feature","ph":"E","ts":6000433,"pid":2862672,"tid":2862672,"args":{"ID":1729382256910319619}},{"name":"FR(FeatureA)","cat":"Feature","ph":"B","ts":6000435,"pid":2862672,"tid":2862672,"args":{"ID":1729382256910336003}},{"name":"FR(FeatureA)","cat":"Feature","ph":"E","ts":6000436,"pid":2862672,"tid":2862672,"args":{"ID":1729382256910336003}},{"name":"FR(FeatureC)","cat":"Feature","ph":"B","ts":6000436,"pid":2862672,"tid":2862672,"args":{"ID":1729382256910368771}},{"name":"FR(FeatureD)","cat":"Feature","ph":"B","ts":6000436,"pid":2862672,"tid":2862672,"args":{"ID":1729382256910385155}},{"name":"FR(FeatureC)","cat":"Feature","ph":"E","ts":6000485,"pid":2862672,"tid":2862672,"args":{"ID":1729382256910368771}},{"name":"FR(FeatureD)","cat":"Feature","ph":"E","ts":6000486,"pid":2862672,"tid":2862672,"args":{"ID":1729382256910385155}},{"name":"Base","cat":"Feature","ph":"E","ts":6000486,"pid":2862672,"tid":2862672,"args":{"ID":0}}],"stackFrames":{},"timestampUnit":"us"}