{ "traceEvents":[{"name":"Base","cat":"Feature","ph":"B","ts":0,"pid":2831399,"tid":2831399,"args":{"ID":0}},{"name":"FR(FeatureA)","cat":"Feature","ph":"B","ts":2000122,"pid":2831399,"tid":2831399,"args":{"ID":1729382256910270467}},{"name":"FR(FeatureA)","cat":"Feature","ph":"E","ts":3000240,"pid":2831399,"tid":2831399,"args":{"ID":1729382256910270467}},{"name":"FR(FeatureC)","cat":"Feature","ph":"B","ts":3000241,"pid":2831399,"tid":2831399,"args":{"ID":1729382256910303235}},{"name":"FR(FeatureC)","cat":"Feature","ph":"E","ts":4000341,"pid":2831399,"tid":2831399,"args":{"ID":1729382256910303235}},{"name":"FR(FeatureD)","cat":"Feature","ph":"B","ts":4000358,"pid":2831399,"tid":2831399,"args":{"ID":1729382256910319619}},{"name":"FR(FeatureD)","cat":"Feature","ph":"E","ts":6000443,"pid":2831399,"tid":2831399,"args":{"ID":1729382256910319619}},{"name":"FR(FeatureA)","cat":"Feature","ph":"B","ts":6000444,"pid":2831399,"tid":2831399,"args":{"ID":1729382256910336003}},{"name":"FR(FeatureA)","cat":"Feature","ph":"E","ts":6000445,"pid":2831399,"tid":2831399,"args":{"ID":1729382256910336003}},{"name":"FR(FeatureC)","cat":"Feature","ph":"B","ts":6000445,"pid":2831399,"tid":2831399,"args":{"ID":1729382256910368771}},{"name":"FR(FeatureD)","cat":"Feature","ph":"B","ts":6000445,"pid":2831399,"tid":2831399,"args":{"ID":1729382256910385155}},{"name":"FR(FeatureC)","cat":"Feature","ph":"E","ts":6000470,"pid":2831399,"tid":2831399,"args":{"ID":1729382256910368771}},{"name":"FR(FeatureD)","cat":"Feature","ph":"E","ts":6000471,"pid":2831399,"tid":2831399,"args":{"ID":1729382256910385155}},{"name":"Base","cat":"Feature","ph":"E","ts":6000471,"pid":2831399,"tid":2831399,"args":{"ID":0}}],"stackFrames":{},"timestampUnit":"us"}