{ "traceEvents":[{"name":"Base","cat":"Feature","ph":"B","ts":0,"pid":2838213,"tid":2838213,"args":{"ID":0}},{"name":"FR(FeatureA)","cat":"Feature","ph":"B","ts":2000138,"pid":2838213,"tid":2838213,"args":{"ID":1729382256910270467}},{"name":"FR(FeatureA)","cat":"Feature","ph":"E","ts":3000235,"pid":2838213,"tid":2838213,"args":{"ID":1729382256910270467}},{"name":"FR(FeatureC)","cat":"Feature","ph":"B","ts":3000236,"pid":2838213,"tid":2838213,"args":{"ID":1729382256910303235}},{"name":"FR(FeatureC)","cat":"Feature","ph":"E","ts":4000321,"pid":2838213,"tid":2838213,"args":{"ID":1729382256910303235}},{"name":"FR(FeatureD)","cat":"Feature","ph":"B","ts":4000330,"pid":2838213,"tid":2838213,"args":{"ID":1729382256910319619}},{"name":"FR(FeatureD)","cat":"Feature","ph":"E","ts":6000470,"pid":2838213,"tid":2838213,"args":{"ID":1729382256910319619}},{"name":"FR(FeatureA)","cat":"Feature","ph":"B","ts":6000472,"pid":2838213,"tid":2838213,"args":{"ID":1729382256910336003}},{"name":"FR(FeatureA)","cat":"Feature","ph":"E","ts":6000473,"pid":2838213,"tid":2838213,"args":{"ID":1729382256910336003}},{"name":"FR(FeatureC)","cat":"Feature","ph":"B","ts":6000473,"pid":2838213,"tid":2838213,"args":{"ID":1729382256910368771}},{"name":"FR(FeatureD)","cat":"Feature","ph":"B","ts":6000473,"pid":2838213,"tid":2838213,"args":{"ID":1729382256910385155}},{"name":"FR(FeatureC)","cat":"Feature","ph":"E","ts":6000506,"pid":2838213,"tid":2838213,"args":{"ID":1729382256910368771}},{"name":"FR(FeatureD)","cat":"Feature","ph":"E","ts":6000507,"pid":2838213,"tid":2838213,"args":{"ID":1729382256910385155}},{"name":"Base","cat":"Feature","ph":"E","ts":6000507,"pid":2838213,"tid":2838213,"args":{"ID":0}}],"stackFrames":{},"timestampUnit":"us"}