{ "traceEvents":[{"name":"Base","cat":"Feature","ph":"B","ts":0,"pid":2814227,"tid":2814227,"args":{"ID":0}},{"name":"FR(FeatureA)","cat":"Feature","ph":"B","ts":2000117,"pid":2814227,"tid":2814227,"args":{"ID":1729382256910270467}},{"name":"FR(FeatureA)","cat":"Feature","ph":"E","ts":3000218,"pid":2814227,"tid":2814227,"args":{"ID":1729382256910270467}},{"name":"FR(FeatureC)","cat":"Feature","ph":"B","ts":3000219,"pid":2814227,"tid":2814227,"args":{"ID":1729382256910303235}},{"name":"FR(FeatureC)","cat":"Feature","ph":"E","ts":4000314,"pid":2814227,"tid":2814227,"args":{"ID":1729382256910303235}},{"name":"FR(FeatureD)","cat":"Feature","ph":"B","ts":4000321,"pid":2814227,"tid":2814227,"args":{"ID":1729382256910319619}},{"name":"FR(FeatureD)","cat":"Feature","ph":"E","ts":6000423,"pid":2814227,"tid":2814227,"args":{"ID":1729382256910319619}},{"name":"FR(FeatureA)","cat":"Feature","ph":"B","ts":6000423,"pid":2814227,"tid":2814227,"args":{"ID":1729382256910336003}},{"name":"FR(FeatureA)","cat":"Feature","ph":"E","ts":6000424,"pid":2814227,"tid":2814227,"args":{"ID":1729382256910336003}},{"name":"FR(FeatureC)","cat":"Feature","ph":"B","ts":6000424,"pid":2814227,"tid":2814227,"args":{"ID":1729382256910368771}},{"name":"FR(FeatureD)","cat":"Feature","ph":"B","ts":6000424,"pid":2814227,"tid":2814227,"args":{"ID":1729382256910385155}},{"name":"FR(FeatureC)","cat":"Feature","ph":"E","ts":6000450,"pid":2814227,"tid":2814227,"args":{"ID":1729382256910368771}},{"name":"FR(FeatureD)","cat":"Feature","ph":"E","ts":6000451,"pid":2814227,"tid":2814227,"args":{"ID":1729382256910385155}},{"name":"Base","cat":"Feature","ph":"E","ts":6000451,"pid":2814227,"tid":2814227,"args":{"ID":0}}],"stackFrames":{},"timestampUnit":"us"}