{ "traceEvents":[{"name":"Base","cat":"Feature","ph":"B","ts":0,"pid":2826659,"tid":2826659,"args":{"ID":0}},{"name":"FR(FeatureA)","cat":"Feature","ph":"B","ts":2000100,"pid":2826659,"tid":2826659,"args":{"ID":1729382256910270467}},{"name":"FR(FeatureA)","cat":"Feature","ph":"E","ts":3000190,"pid":2826659,"tid":2826659,"args":{"ID":1729382256910270467}},{"name":"FR(FeatureC)","cat":"Feature","ph":"B","ts":3000190,"pid":2826659,"tid":2826659,"args":{"ID":1729382256910303235}},{"name":"FR(FeatureC)","cat":"Feature","ph":"E","ts":4000283,"pid":2826659,"tid":2826659,"args":{"ID":1729382256910303235}},{"name":"FR(FeatureD)","cat":"Feature","ph":"B","ts":4000297,"pid":2826659,"tid":2826659,"args":{"ID":1729382256910319619}},{"name":"FR(FeatureD)","cat":"Feature","ph":"E","ts":6000401,"pid":2826659,"tid":2826659,"args":{"ID":1729382256910319619}},{"name":"FR(FeatureA)","cat":"Feature","ph":"B","ts":6000402,"pid":2826659,"tid":2826659,"args":{"ID":1729382256910336003}},{"name":"FR(FeatureA)","cat":"Feature","ph":"E","ts":6000403,"pid":2826659,"tid":2826659,"args":{"ID":1729382256910336003}},{"name":"FR(FeatureC)","cat":"Feature","ph":"B","ts":6000403,"pid":2826659,"tid":2826659,"args":{"ID":1729382256910368771}},{"name":"FR(FeatureD)","cat":"Feature","ph":"B","ts":6000403,"pid":2826659,"tid":2826659,"args":{"ID":1729382256910385155}},{"name":"FR(FeatureC)","cat":"Feature","ph":"E","ts":6000426,"pid":2826659,"tid":2826659,"args":{"ID":1729382256910368771}},{"name":"FR(FeatureD)","cat":"Feature","ph":"E","ts":6000427,"pid":2826659,"tid":2826659,"args":{"ID":1729382256910385155}},{"name":"Base","cat":"Feature","ph":"E","ts":6000427,"pid":2826659,"tid":2826659,"args":{"ID":0}}],"stackFrames":{},"timestampUnit":"us"}