{ "traceEvents":[{"name":"Base","cat":"Feature","ph":"B","ts":0,"pid":2843016,"tid":2843016,"args":{"ID":0}},{"name":"FR(FeatureA)","cat":"Feature","ph":"B","ts":2000142,"pid":2843016,"tid":2843016,"args":{"ID":1729382256910270467}},{"name":"FR(FeatureA)","cat":"Feature","ph":"E","ts":3000249,"pid":2843016,"tid":2843016,"args":{"ID":1729382256910270467}},{"name":"FR(FeatureC)","cat":"Feature","ph":"B","ts":3000249,"pid":2843016,"tid":2843016,"args":{"ID":1729382256910303235}},{"name":"FR(FeatureC)","cat":"Feature","ph":"E","ts":4000332,"pid":2843016,"tid":2843016,"args":{"ID":1729382256910303235}},{"name":"FR(FeatureD)","cat":"Feature","ph":"B","ts":4000339,"pid":2843016,"tid":2843016,"args":{"ID":1729382256910319619}},{"name":"FR(FeatureD)","cat":"Feature","ph":"E","ts":6000446,"pid":2843016,"tid":2843016,"args":{"ID":1729382256910319619}},{"name":"FR(FeatureA)","cat":"Feature","ph":"B","ts":6000449,"pid":2843016,"tid":2843016,"args":{"ID":1729382256910336003}},{"name":"FR(FeatureA)","cat":"Feature","ph":"E","ts":6000450,"pid":2843016,"tid":2843016,"args":{"ID":1729382256910336003}},{"name":"FR(FeatureC)","cat":"Feature","ph":"B","ts":6000450,"pid":2843016,"tid":2843016,"args":{"ID":1729382256910368771}},{"name":"FR(FeatureD)","cat":"Feature","ph":"B","ts":6000451,"pid":2843016,"tid":2843016,"args":{"ID":1729382256910385155}},{"name":"FR(FeatureC)","cat":"Feature","ph":"E","ts":6000478,"pid":2843016,"tid":2843016,"args":{"ID":1729382256910368771}},{"name":"FR(FeatureD)","cat":"Feature","ph":"E","ts":6000478,"pid":2843016,"tid":2843016,"args":{"ID":1729382256910385155}},{"name":"Base","cat":"Feature","ph":"E","ts":6000479,"pid":2843016,"tid":2843016,"args":{"ID":0}}],"stackFrames":{},"timestampUnit":"us"}