{ "traceEvents":[{"name":"Base","cat":"Feature","ph":"B","ts":0,"pid":2829573,"tid":2829573,"args":{"ID":0}},{"name":"FR(FeatureA)","cat":"Feature","ph":"B","ts":2000105,"pid":2829573,"tid":2829573,"args":{"ID":1729382256910270467}},{"name":"FR(FeatureA)","cat":"Feature","ph":"E","ts":3000208,"pid":2829573,"tid":2829573,"args":{"ID":1729382256910270467}},{"name":"FR(FeatureC)","cat":"Feature","ph":"B","ts":3000208,"pid":2829573,"tid":2829573,"args":{"ID":1729382256910303235}},{"name":"FR(FeatureC)","cat":"Feature","ph":"E","ts":4000288,"pid":2829573,"tid":2829573,"args":{"ID":1729382256910303235}},{"name":"FR(FeatureD)","cat":"Feature","ph":"B","ts":4000295,"pid":2829573,"tid":2829573,"args":{"ID":1729382256910319619}},{"name":"FR(FeatureD)","cat":"Feature","ph":"E","ts":6000391,"pid":2829573,"tid":2829573,"args":{"ID":1729382256910319619}},{"name":"FR(FeatureA)","cat":"Feature","ph":"B","ts":6000391,"pid":2829573,"tid":2829573,"args":{"ID":1729382256910336003}},{"name":"FR(FeatureA)","cat":"Feature","ph":"E","ts":6000392,"pid":2829573,"tid":2829573,"args":{"ID":1729382256910336003}},{"name":"FR(FeatureC)","cat":"Feature","ph":"B","ts":6000392,"pid":2829573,"tid":2829573,"args":{"ID":1729382256910368771}},{"name":"FR(FeatureD)","cat":"Feature","ph":"B","ts":6000392,"pid":2829573,"tid":2829573,"args":{"ID":1729382256910385155}},{"name":"FR(FeatureC)","cat":"Feature","ph":"E","ts":6000409,"pid":2829573,"tid":2829573,"args":{"ID":1729382256910368771}},{"name":"FR(FeatureD)","cat":"Feature","ph":"E","ts":6000409,"pid":2829573,"tid":2829573,"args":{"ID":1729382256910385155}},{"name":"Base","cat":"Feature","ph":"E","ts":6000410,"pid":2829573,"tid":2829573,"args":{"ID":0}}],"stackFrames":{},"timestampUnit":"us"}