{ "traceEvents":[{"name":"Base","cat":"Feature","ph":"B","ts":0,"pid":3457733,"tid":3457733,"args":{"ID":0}},{"name":"FR(FeatureA)","cat":"Feature","ph":"B","ts":2000129,"pid":3457733,"tid":3457733,"args":{"ID":1729382256910270467}},{"name":"FR(FeatureA)","cat":"Feature","ph":"E","ts":3000235,"pid":3457733,"tid":3457733,"args":{"ID":1729382256910270467}},{"name":"FR(FeatureC)","cat":"Feature","ph":"B","ts":3000236,"pid":3457733,"tid":3457733,"args":{"ID":1729382256910303235}},{"name":"FR(FeatureC)","cat":"Feature","ph":"E","ts":4000336,"pid":3457733,"tid":3457733,"args":{"ID":1729382256910303235}},{"name":"FR(FeatureD)","cat":"Feature","ph":"B","ts":4000344,"pid":3457733,"tid":3457733,"args":{"ID":1729382256910319619}},{"name":"FR(FeatureD)","cat":"Feature","ph":"E","ts":6000446,"pid":3457733,"tid":3457733,"args":{"ID":1729382256910319619}},{"name":"FR(FeatureA)","cat":"Feature","ph":"B","ts":6000448,"pid":3457733,"tid":3457733,"args":{"ID":1729382256910336003}},{"name":"FR(FeatureA)","cat":"Feature","ph":"E","ts":6000449,"pid":3457733,"tid":3457733,"args":{"ID":1729382256910336003}},{"name":"FR(FeatureC)","cat":"Feature","ph":"B","ts":6000449,"pid":3457733,"tid":3457733,"args":{"ID":1729382256910368771}},{"name":"FR(FeatureD)","cat":"Feature","ph":"B","ts":6000450,"pid":3457733,"tid":3457733,"args":{"ID":1729382256910385155}},{"name":"FR(FeatureC)","cat":"Feature","ph":"E","ts":6000476,"pid":3457733,"tid":3457733,"args":{"ID":1729382256910368771}},{"name":"FR(FeatureD)","cat":"Feature","ph":"E","ts":6000477,"pid":3457733,"tid":3457733,"args":{"ID":1729382256910385155}},{"name":"Base","cat":"Feature","ph":"E","ts":6000477,"pid":3457733,"tid":3457733,"args":{"ID":0}}],"stackFrames":{},"timestampUnit":"us"}