{ "traceEvents":[{"name":"Base","cat":"Feature","ph":"B","ts":0,"pid":3448939,"tid":3448939,"args":{"ID":0}},{"name":"FR(FeatureA)","cat":"Feature","ph":"B","ts":2000118,"pid":3448939,"tid":3448939,"args":{"ID":1729382256910270467}},{"name":"FR(FeatureA)","cat":"Feature","ph":"E","ts":3000213,"pid":3448939,"tid":3448939,"args":{"ID":1729382256910270467}},{"name":"FR(FeatureC)","cat":"Feature","ph":"B","ts":3000214,"pid":3448939,"tid":3448939,"args":{"ID":1729382256910303235}},{"name":"FR(FeatureC)","cat":"Feature","ph":"E","ts":4000298,"pid":3448939,"tid":3448939,"args":{"ID":1729382256910303235}},{"name":"FR(FeatureD)","cat":"Feature","ph":"B","ts":4000304,"pid":3448939,"tid":3448939,"args":{"ID":1729382256910319619}},{"name":"FR(FeatureD)","cat":"Feature","ph":"E","ts":6000406,"pid":3448939,"tid":3448939,"args":{"ID":1729382256910319619}},{"name":"FR(FeatureA)","cat":"Feature","ph":"B","ts":6000408,"pid":3448939,"tid":3448939,"args":{"ID":1729382256910336003}},{"name":"FR(FeatureA)","cat":"Feature","ph":"E","ts":6000408,"pid":3448939,"tid":3448939,"args":{"ID":1729382256910336003}},{"name":"FR(FeatureC)","cat":"Feature","ph":"B","ts":6000409,"pid":3448939,"tid":3448939,"args":{"ID":1729382256910368771}},{"name":"FR(FeatureD)","cat":"Feature","ph":"B","ts":6000409,"pid":3448939,"tid":3448939,"args":{"ID":1729382256910385155}},{"name":"FR(FeatureC)","cat":"Feature","ph":"E","ts":6000436,"pid":3448939,"tid":3448939,"args":{"ID":1729382256910368771}},{"name":"FR(FeatureD)","cat":"Feature","ph":"E","ts":6000437,"pid":3448939,"tid":3448939,"args":{"ID":1729382256910385155}},{"name":"Base","cat":"Feature","ph":"E","ts":6000437,"pid":3448939,"tid":3448939,"args":{"ID":0}}],"stackFrames":{},"timestampUnit":"us"}