{ "traceEvents":[{"name":"Base","cat":"Feature","ph":"B","ts":0,"pid":3431391,"tid":3431391,"args":{"ID":0}},{"name":"FR(FeatureA)","cat":"Feature","ph":"B","ts":2000109,"pid":3431391,"tid":3431391,"args":{"ID":1729382256910270467}},{"name":"FR(FeatureA)","cat":"Feature","ph":"E","ts":3000196,"pid":3431391,"tid":3431391,"args":{"ID":1729382256910270467}},{"name":"FR(FeatureC)","cat":"Feature","ph":"B","ts":3000197,"pid":3431391,"tid":3431391,"args":{"ID":1729382256910303235}},{"name":"FR(FeatureC)","cat":"Feature","ph":"E","ts":4000269,"pid":3431391,"tid":3431391,"args":{"ID":1729382256910303235}},{"name":"FR(FeatureD)","cat":"Feature","ph":"B","ts":4000275,"pid":3431391,"tid":3431391,"args":{"ID":1729382256910319619}},{"name":"FR(FeatureD)","cat":"Feature","ph":"E","ts":6000374,"pid":3431391,"tid":3431391,"args":{"ID":1729382256910319619}},{"name":"FR(FeatureA)","cat":"Feature","ph":"B","ts":6000378,"pid":3431391,"tid":3431391,"args":{"ID":1729382256910336003}},{"name":"FR(FeatureA)","cat":"Feature","ph":"E","ts":6000379,"pid":3431391,"tid":3431391,"args":{"ID":1729382256910336003}},{"name":"FR(FeatureC)","cat":"Feature","ph":"B","ts":6000379,"pid":3431391,"tid":3431391,"args":{"ID":1729382256910368771}},{"name":"FR(FeatureD)","cat":"Feature","ph":"B","ts":6000379,"pid":3431391,"tid":3431391,"args":{"ID":1729382256910385155}},{"name":"FR(FeatureC)","cat":"Feature","ph":"E","ts":6000407,"pid":3431391,"tid":3431391,"args":{"ID":1729382256910368771}},{"name":"FR(FeatureD)","cat":"Feature","ph":"E","ts":6000408,"pid":3431391,"tid":3431391,"args":{"ID":1729382256910385155}},{"name":"Base","cat":"Feature","ph":"E","ts":6000408,"pid":3431391,"tid":3431391,"args":{"ID":0}}],"stackFrames":{},"timestampUnit":"us"}