{ "traceEvents":[{"name":"Base","cat":"Feature","ph":"B","ts":0,"pid":3474647,"tid":3474647,"args":{"ID":0}},{"name":"FR(FeatureA)","cat":"Feature","ph":"B","ts":2000124,"pid":3474647,"tid":3474647,"args":{"ID":1729382256910270467}},{"name":"FR(FeatureA)","cat":"Feature","ph":"E","ts":3000218,"pid":3474647,"tid":3474647,"args":{"ID":1729382256910270467}},{"name":"FR(FeatureC)","cat":"Feature","ph":"B","ts":3000218,"pid":3474647,"tid":3474647,"args":{"ID":1729382256910303235}},{"name":"FR(FeatureC)","cat":"Feature","ph":"E","ts":4000296,"pid":3474647,"tid":3474647,"args":{"ID":1729382256910303235}},{"name":"FR(FeatureD)","cat":"Feature","ph":"B","ts":4000305,"pid":3474647,"tid":3474647,"args":{"ID":1729382256910319619}},{"name":"FR(FeatureD)","cat":"Feature","ph":"E","ts":6000409,"pid":3474647,"tid":3474647,"args":{"ID":1729382256910319619}},{"name":"FR(FeatureA)","cat":"Feature","ph":"B","ts":6000410,"pid":3474647,"tid":3474647,"args":{"ID":1729382256910336003}},{"name":"FR(FeatureA)","cat":"Feature","ph":"E","ts":6000410,"pid":3474647,"tid":3474647,"args":{"ID":1729382256910336003}},{"name":"FR(FeatureC)","cat":"Feature","ph":"B","ts":6000411,"pid":3474647,"tid":3474647,"args":{"ID":1729382256910368771}},{"name":"FR(FeatureD)","cat":"Feature","ph":"B","ts":6000411,"pid":3474647,"tid":3474647,"args":{"ID":1729382256910385155}},{"name":"FR(FeatureC)","cat":"Feature","ph":"E","ts":6000438,"pid":3474647,"tid":3474647,"args":{"ID":1729382256910368771}},{"name":"FR(FeatureD)","cat":"Feature","ph":"E","ts":6000439,"pid":3474647,"tid":3474647,"args":{"ID":1729382256910385155}},{"name":"Base","cat":"Feature","ph":"E","ts":6000440,"pid":3474647,"tid":3474647,"args":{"ID":0}}],"stackFrames":{},"timestampUnit":"us"}