{ "traceEvents":[{"name":"Base","cat":"Feature","ph":"B","ts":0,"pid":3434229,"tid":3434229,"args":{"ID":0}},{"name":"FR(FeatureA)","cat":"Feature","ph":"B","ts":2000118,"pid":3434229,"tid":3434229,"args":{"ID":1729382256910270467}},{"name":"FR(FeatureA)","cat":"Feature","ph":"E","ts":3000222,"pid":3434229,"tid":3434229,"args":{"ID":1729382256910270467}},{"name":"FR(FeatureC)","cat":"Feature","ph":"B","ts":3000223,"pid":3434229,"tid":3434229,"args":{"ID":1729382256910303235}},{"name":"FR(FeatureC)","cat":"Feature","ph":"E","ts":4000299,"pid":3434229,"tid":3434229,"args":{"ID":1729382256910303235}},{"name":"FR(FeatureD)","cat":"Feature","ph":"B","ts":4000307,"pid":3434229,"tid":3434229,"args":{"ID":1729382256910319619}},{"name":"FR(FeatureD)","cat":"Feature","ph":"E","ts":6000413,"pid":3434229,"tid":3434229,"args":{"ID":1729382256910319619}},{"name":"FR(FeatureA)","cat":"Feature","ph":"B","ts":6000414,"pid":3434229,"tid":3434229,"args":{"ID":1729382256910336003}},{"name":"FR(FeatureA)","cat":"Feature","ph":"E","ts":6000415,"pid":3434229,"tid":3434229,"args":{"ID":1729382256910336003}},{"name":"FR(FeatureC)","cat":"Feature","ph":"B","ts":6000415,"pid":3434229,"tid":3434229,"args":{"ID":1729382256910368771}},{"name":"FR(FeatureD)","cat":"Feature","ph":"B","ts":6000416,"pid":3434229,"tid":3434229,"args":{"ID":1729382256910385155}},{"name":"FR(FeatureC)","cat":"Feature","ph":"E","ts":6000444,"pid":3434229,"tid":3434229,"args":{"ID":1729382256910368771}},{"name":"FR(FeatureD)","cat":"Feature","ph":"E","ts":6000444,"pid":3434229,"tid":3434229,"args":{"ID":1729382256910385155}},{"name":"Base","cat":"Feature","ph":"E","ts":6000445,"pid":3434229,"tid":3434229,"args":{"ID":0}}],"stackFrames":{},"timestampUnit":"us"}