{ "traceEvents":[{"name":"Base","cat":"Feature","ph":"B","ts":0,"pid":3440199,"tid":3440199,"args":{"ID":0}},{"name":"FR(FeatureA)","cat":"Feature","ph":"B","ts":2000107,"pid":3440199,"tid":3440199,"args":{"ID":1729382256910270467}},{"name":"FR(FeatureA)","cat":"Feature","ph":"E","ts":3000208,"pid":3440199,"tid":3440199,"args":{"ID":1729382256910270467}},{"name":"FR(FeatureC)","cat":"Feature","ph":"B","ts":3000209,"pid":3440199,"tid":3440199,"args":{"ID":1729382256910303235}},{"name":"FR(FeatureC)","cat":"Feature","ph":"E","ts":4000297,"pid":3440199,"tid":3440199,"args":{"ID":1729382256910303235}},{"name":"FR(FeatureD)","cat":"Feature","ph":"B","ts":4000306,"pid":3440199,"tid":3440199,"args":{"ID":1729382256910319619}},{"name":"FR(FeatureD)","cat":"Feature","ph":"E","ts":6000413,"pid":3440199,"tid":3440199,"args":{"ID":1729382256910319619}},{"name":"FR(FeatureA)","cat":"Feature","ph":"B","ts":6000414,"pid":3440199,"tid":3440199,"args":{"ID":1729382256910336003}},{"name":"FR(FeatureA)","cat":"Feature","ph":"E","ts":6000414,"pid":3440199,"tid":3440199,"args":{"ID":1729382256910336003}},{"name":"FR(FeatureC)","cat":"Feature","ph":"B","ts":6000415,"pid":3440199,"tid":3440199,"args":{"ID":1729382256910368771}},{"name":"FR(FeatureD)","cat":"Feature","ph":"B","ts":6000415,"pid":3440199,"tid":3440199,"args":{"ID":1729382256910385155}},{"name":"FR(FeatureC)","cat":"Feature","ph":"E","ts":6000448,"pid":3440199,"tid":3440199,"args":{"ID":1729382256910368771}},{"name":"FR(FeatureD)","cat":"Feature","ph":"E","ts":6000448,"pid":3440199,"tid":3440199,"args":{"ID":1729382256910385155}},{"name":"Base","cat":"Feature","ph":"E","ts":6000449,"pid":3440199,"tid":3440199,"args":{"ID":0}}],"stackFrames":{},"timestampUnit":"us"}