{ "traceEvents":[{"name":"Base","cat":"Feature","ph":"B","ts":0,"pid":3468926,"tid":3468926,"args":{"ID":0}},{"name":"FR(FeatureA)","cat":"Feature","ph":"B","ts":2000116,"pid":3468926,"tid":3468926,"args":{"ID":1729382256910270467}},{"name":"FR(FeatureA)","cat":"Feature","ph":"E","ts":3000227,"pid":3468926,"tid":3468926,"args":{"ID":1729382256910270467}},{"name":"FR(FeatureC)","cat":"Feature","ph":"B","ts":3000228,"pid":3468926,"tid":3468926,"args":{"ID":1729382256910303235}},{"name":"FR(FeatureC)","cat":"Feature","ph":"E","ts":4000319,"pid":3468926,"tid":3468926,"args":{"ID":1729382256910303235}},{"name":"FR(FeatureD)","cat":"Feature","ph":"B","ts":4000327,"pid":3468926,"tid":3468926,"args":{"ID":1729382256910319619}},{"name":"FR(FeatureD)","cat":"Feature","ph":"E","ts":6000428,"pid":3468926,"tid":3468926,"args":{"ID":1729382256910319619}},{"name":"FR(FeatureA)","cat":"Feature","ph":"B","ts":6000428,"pid":3468926,"tid":3468926,"args":{"ID":1729382256910336003}},{"name":"FR(FeatureA)","cat":"Feature","ph":"E","ts":6000429,"pid":3468926,"tid":3468926,"args":{"ID":1729382256910336003}},{"name":"FR(FeatureC)","cat":"Feature","ph":"B","ts":6000429,"pid":3468926,"tid":3468926,"args":{"ID":1729382256910368771}},{"name":"FR(FeatureD)","cat":"Feature","ph":"B","ts":6000430,"pid":3468926,"tid":3468926,"args":{"ID":1729382256910385155}},{"name":"FR(FeatureC)","cat":"Feature","ph":"E","ts":6000454,"pid":3468926,"tid":3468926,"args":{"ID":1729382256910368771}},{"name":"FR(FeatureD)","cat":"Feature","ph":"E","ts":6000455,"pid":3468926,"tid":3468926,"args":{"ID":1729382256910385155}},{"name":"Base","cat":"Feature","ph":"E","ts":6000456,"pid":3468926,"tid":3468926,"args":{"ID":0}}],"stackFrames":{},"timestampUnit":"us"}