{ "traceEvents":[{"name":"Base","cat":"Feature","ph":"B","ts":0,"pid":3463351,"tid":3463351,"args":{"ID":0}},{"name":"FR(FeatureA)","cat":"Feature","ph":"B","ts":2000120,"pid":3463351,"tid":3463351,"args":{"ID":1729382256910270467}},{"name":"FR(FeatureA)","cat":"Feature","ph":"E","ts":3000230,"pid":3463351,"tid":3463351,"args":{"ID":1729382256910270467}},{"name":"FR(FeatureC)","cat":"Feature","ph":"B","ts":3000231,"pid":3463351,"tid":3463351,"args":{"ID":1729382256910303235}},{"name":"FR(FeatureC)","cat":"Feature","ph":"E","ts":4000345,"pid":3463351,"tid":3463351,"args":{"ID":1729382256910303235}},{"name":"FR(FeatureD)","cat":"Feature","ph":"B","ts":4000356,"pid":3463351,"tid":3463351,"args":{"ID":1729382256910319619}},{"name":"FR(FeatureD)","cat":"Feature","ph":"E","ts":6000466,"pid":3463351,"tid":3463351,"args":{"ID":1729382256910319619}},{"name":"FR(FeatureA)","cat":"Feature","ph":"B","ts":6000468,"pid":3463351,"tid":3463351,"args":{"ID":1729382256910336003}},{"name":"FR(FeatureA)","cat":"Feature","ph":"E","ts":6000468,"pid":3463351,"tid":3463351,"args":{"ID":1729382256910336003}},{"name":"FR(FeatureC)","cat":"Feature","ph":"B","ts":6000469,"pid":3463351,"tid":3463351,"args":{"ID":1729382256910368771}},{"name":"FR(FeatureD)","cat":"Feature","ph":"B","ts":6000469,"pid":3463351,"tid":3463351,"args":{"ID":1729382256910385155}},{"name":"FR(FeatureC)","cat":"Feature","ph":"E","ts":6000495,"pid":3463351,"tid":3463351,"args":{"ID":1729382256910368771}},{"name":"FR(FeatureD)","cat":"Feature","ph":"E","ts":6000496,"pid":3463351,"tid":3463351,"args":{"ID":1729382256910385155}},{"name":"Base","cat":"Feature","ph":"E","ts":6000496,"pid":3463351,"tid":3463351,"args":{"ID":0}}],"stackFrames":{},"timestampUnit":"us"}