{ "traceEvents":[{"name":"Base","cat":"Feature","ph":"B","ts":0,"pid":3483100,"tid":3483100,"args":{"ID":0}},{"name":"FR(FeatureA)","cat":"Feature","ph":"B","ts":2000117,"pid":3483100,"tid":3483100,"args":{"ID":1729382256910270467}},{"name":"FR(FeatureA)","cat":"Feature","ph":"E","ts":3000210,"pid":3483100,"tid":3483100,"args":{"ID":1729382256910270467}},{"name":"FR(FeatureC)","cat":"Feature","ph":"B","ts":3000211,"pid":3483100,"tid":3483100,"args":{"ID":1729382256910303235}},{"name":"FR(FeatureC)","cat":"Feature","ph":"E","ts":4000298,"pid":3483100,"tid":3483100,"args":{"ID":1729382256910303235}},{"name":"FR(FeatureD)","cat":"Feature","ph":"B","ts":4000305,"pid":3483100,"tid":3483100,"args":{"ID":1729382256910319619}},{"name":"FR(FeatureD)","cat":"Feature","ph":"E","ts":6000402,"pid":3483100,"tid":3483100,"args":{"ID":1729382256910319619}},{"name":"FR(FeatureA)","cat":"Feature","ph":"B","ts":6000403,"pid":3483100,"tid":3483100,"args":{"ID":1729382256910336003}},{"name":"FR(FeatureA)","cat":"Feature","ph":"E","ts":6000403,"pid":3483100,"tid":3483100,"args":{"ID":1729382256910336003}},{"name":"FR(FeatureC)","cat":"Feature","ph":"B","ts":6000404,"pid":3483100,"tid":3483100,"args":{"ID":1729382256910368771}},{"name":"FR(FeatureD)","cat":"Feature","ph":"B","ts":6000404,"pid":3483100,"tid":3483100,"args":{"ID":1729382256910385155}},{"name":"FR(FeatureC)","cat":"Feature","ph":"E","ts":6000432,"pid":3483100,"tid":3483100,"args":{"ID":1729382256910368771}},{"name":"FR(FeatureD)","cat":"Feature","ph":"E","ts":6000433,"pid":3483100,"tid":3483100,"args":{"ID":1729382256910385155}},{"name":"Base","cat":"Feature","ph":"E","ts":6000434,"pid":3483100,"tid":3483100,"args":{"ID":0}}],"stackFrames":{},"timestampUnit":"us"}