{ "traceEvents":[{"name":"Base","cat":"Feature","ph":"B","ts":0,"pid":3488774,"tid":3488774,"args":{"ID":0}},{"name":"FR(FeatureA)","cat":"Feature","ph":"B","ts":2000137,"pid":3488774,"tid":3488774,"args":{"ID":1729382256910270467}},{"name":"FR(FeatureA)","cat":"Feature","ph":"E","ts":3000240,"pid":3488774,"tid":3488774,"args":{"ID":1729382256910270467}},{"name":"FR(FeatureC)","cat":"Feature","ph":"B","ts":3000241,"pid":3488774,"tid":3488774,"args":{"ID":1729382256910303235}},{"name":"FR(FeatureC)","cat":"Feature","ph":"E","ts":4000334,"pid":3488774,"tid":3488774,"args":{"ID":1729382256910303235}},{"name":"FR(FeatureD)","cat":"Feature","ph":"B","ts":4000340,"pid":3488774,"tid":3488774,"args":{"ID":1729382256910319619}},{"name":"FR(FeatureD)","cat":"Feature","ph":"E","ts":6000463,"pid":3488774,"tid":3488774,"args":{"ID":1729382256910319619}},{"name":"FR(FeatureA)","cat":"Feature","ph":"B","ts":6000465,"pid":3488774,"tid":3488774,"args":{"ID":1729382256910336003}},{"name":"FR(FeatureA)","cat":"Feature","ph":"E","ts":6000466,"pid":3488774,"tid":3488774,"args":{"ID":1729382256910336003}},{"name":"FR(FeatureC)","cat":"Feature","ph":"B","ts":6000466,"pid":3488774,"tid":3488774,"args":{"ID":1729382256910368771}},{"name":"FR(FeatureD)","cat":"Feature","ph":"B","ts":6000467,"pid":3488774,"tid":3488774,"args":{"ID":1729382256910385155}},{"name":"FR(FeatureC)","cat":"Feature","ph":"E","ts":6000501,"pid":3488774,"tid":3488774,"args":{"ID":1729382256910368771}},{"name":"FR(FeatureD)","cat":"Feature","ph":"E","ts":6000502,"pid":3488774,"tid":3488774,"args":{"ID":1729382256910385155}},{"name":"Base","cat":"Feature","ph":"E","ts":6000502,"pid":3488774,"tid":3488774,"args":{"ID":0}}],"stackFrames":{},"timestampUnit":"us"}