{ "traceEvents":[{"name":"Base","cat":"Feature","ph":"B","ts":0,"pid":3454636,"tid":3454636,"args":{"ID":0}},{"name":"FR(FeatureA)","cat":"Feature","ph":"B","ts":2000101,"pid":3454636,"tid":3454636,"args":{"ID":1729382256910270467}},{"name":"FR(FeatureA)","cat":"Feature","ph":"E","ts":3000196,"pid":3454636,"tid":3454636,"args":{"ID":1729382256910270467}},{"name":"FR(FeatureC)","cat":"Feature","ph":"B","ts":3000196,"pid":3454636,"tid":3454636,"args":{"ID":1729382256910303235}},{"name":"FR(FeatureC)","cat":"Feature","ph":"E","ts":4000285,"pid":3454636,"tid":3454636,"args":{"ID":1729382256910303235}},{"name":"FR(FeatureD)","cat":"Feature","ph":"B","ts":4000295,"pid":3454636,"tid":3454636,"args":{"ID":1729382256910319619}},{"name":"FR(FeatureD)","cat":"Feature","ph":"E","ts":6000392,"pid":3454636,"tid":3454636,"args":{"ID":1729382256910319619}},{"name":"FR(FeatureA)","cat":"Feature","ph":"B","ts":6000392,"pid":3454636,"tid":3454636,"args":{"ID":1729382256910336003}},{"name":"FR(FeatureA)","cat":"Feature","ph":"E","ts":6000392,"pid":3454636,"tid":3454636,"args":{"ID":1729382256910336003}},{"name":"FR(FeatureC)","cat":"Feature","ph":"B","ts":6000393,"pid":3454636,"tid":3454636,"args":{"ID":1729382256910368771}},{"name":"FR(FeatureD)","cat":"Feature","ph":"B","ts":6000393,"pid":3454636,"tid":3454636,"args":{"ID":1729382256910385155}},{"name":"FR(FeatureC)","cat":"Feature","ph":"E","ts":6000416,"pid":3454636,"tid":3454636,"args":{"ID":1729382256910368771}},{"name":"FR(FeatureD)","cat":"Feature","ph":"E","ts":6000416,"pid":3454636,"tid":3454636,"args":{"ID":1729382256910385155}},{"name":"Base","cat":"Feature","ph":"E","ts":6000417,"pid":3454636,"tid":3454636,"args":{"ID":0}}],"stackFrames":{},"timestampUnit":"us"}