{ "traceEvents":[{"name":"Base","cat":"Feature","ph":"B","ts":0,"pid":3460623,"tid":3460623,"args":{"ID":0}},{"name":"FR(FeatureA)","cat":"Feature","ph":"B","ts":2000116,"pid":3460623,"tid":3460623,"args":{"ID":1729382256910270467}},{"name":"FR(FeatureA)","cat":"Feature","ph":"E","ts":3000207,"pid":3460623,"tid":3460623,"args":{"ID":1729382256910270467}},{"name":"FR(FeatureC)","cat":"Feature","ph":"B","ts":3000208,"pid":3460623,"tid":3460623,"args":{"ID":1729382256910303235}},{"name":"FR(FeatureC)","cat":"Feature","ph":"E","ts":4000287,"pid":3460623,"tid":3460623,"args":{"ID":1729382256910303235}},{"name":"FR(FeatureD)","cat":"Feature","ph":"B","ts":4000293,"pid":3460623,"tid":3460623,"args":{"ID":1729382256910319619}},{"name":"FR(FeatureD)","cat":"Feature","ph":"E","ts":6000397,"pid":3460623,"tid":3460623,"args":{"ID":1729382256910319619}},{"name":"FR(FeatureA)","cat":"Feature","ph":"B","ts":6000400,"pid":3460623,"tid":3460623,"args":{"ID":1729382256910336003}},{"name":"FR(FeatureA)","cat":"Feature","ph":"E","ts":6000400,"pid":3460623,"tid":3460623,"args":{"ID":1729382256910336003}},{"name":"FR(FeatureC)","cat":"Feature","ph":"B","ts":6000401,"pid":3460623,"tid":3460623,"args":{"ID":1729382256910368771}},{"name":"FR(FeatureD)","cat":"Feature","ph":"B","ts":6000401,"pid":3460623,"tid":3460623,"args":{"ID":1729382256910385155}},{"name":"FR(FeatureC)","cat":"Feature","ph":"E","ts":6000426,"pid":3460623,"tid":3460623,"args":{"ID":1729382256910368771}},{"name":"FR(FeatureD)","cat":"Feature","ph":"E","ts":6000427,"pid":3460623,"tid":3460623,"args":{"ID":1729382256910385155}},{"name":"Base","cat":"Feature","ph":"E","ts":6000427,"pid":3460623,"tid":3460623,"args":{"ID":0}}],"stackFrames":{},"timestampUnit":"us"}