{ "traceEvents":[{"name":"Base","cat":"Feature","ph":"B","ts":0,"pid":3446137,"tid":3446137,"args":{"ID":0}},{"name":"FR(FeatureA)","cat":"Feature","ph":"B","ts":2000120,"pid":3446137,"tid":3446137,"args":{"ID":1729382256910270467}},{"name":"FR(FeatureA)","cat":"Feature","ph":"E","ts":3000212,"pid":3446137,"tid":3446137,"args":{"ID":1729382256910270467}},{"name":"FR(FeatureC)","cat":"Feature","ph":"B","ts":3000213,"pid":3446137,"tid":3446137,"args":{"ID":1729382256910303235}},{"name":"FR(FeatureC)","cat":"Feature","ph":"E","ts":4000307,"pid":3446137,"tid":3446137,"args":{"ID":1729382256910303235}},{"name":"FR(FeatureD)","cat":"Feature","ph":"B","ts":4000316,"pid":3446137,"tid":3446137,"args":{"ID":1729382256910319619}},{"name":"FR(FeatureD)","cat":"Feature","ph":"E","ts":6000417,"pid":3446137,"tid":3446137,"args":{"ID":1729382256910319619}},{"name":"FR(FeatureA)","cat":"Feature","ph":"B","ts":6000417,"pid":3446137,"tid":3446137,"args":{"ID":1729382256910336003}},{"name":"FR(FeatureA)","cat":"Feature","ph":"E","ts":6000418,"pid":3446137,"tid":3446137,"args":{"ID":1729382256910336003}},{"name":"FR(FeatureC)","cat":"Feature","ph":"B","ts":6000419,"pid":3446137,"tid":3446137,"args":{"ID":1729382256910368771}},{"name":"FR(FeatureD)","cat":"Feature","ph":"B","ts":6000419,"pid":3446137,"tid":3446137,"args":{"ID":1729382256910385155}},{"name":"FR(FeatureC)","cat":"Feature","ph":"E","ts":6000445,"pid":3446137,"tid":3446137,"args":{"ID":1729382256910368771}},{"name":"FR(FeatureD)","cat":"Feature","ph":"E","ts":6000445,"pid":3446137,"tid":3446137,"args":{"ID":1729382256910385155}},{"name":"Base","cat":"Feature","ph":"E","ts":6000446,"pid":3446137,"tid":3446137,"args":{"ID":0}}],"stackFrames":{},"timestampUnit":"us"}