{ "traceEvents":[{"name":"Base","cat":"Feature","ph":"B","ts":0,"pid":3497303,"tid":3497303,"args":{"ID":0}},{"name":"FR(FeatureA)","cat":"Feature","ph":"B","ts":2000114,"pid":3497303,"tid":3497303,"args":{"ID":1729382256910270467}},{"name":"FR(FeatureA)","cat":"Feature","ph":"E","ts":3000213,"pid":3497303,"tid":3497303,"args":{"ID":1729382256910270467}},{"name":"FR(FeatureC)","cat":"Feature","ph":"B","ts":3000213,"pid":3497303,"tid":3497303,"args":{"ID":1729382256910303235}},{"name":"FR(FeatureC)","cat":"Feature","ph":"E","ts":4000297,"pid":3497303,"tid":3497303,"args":{"ID":1729382256910303235}},{"name":"FR(FeatureD)","cat":"Feature","ph":"B","ts":4000310,"pid":3497303,"tid":3497303,"args":{"ID":1729382256910319619}},{"name":"FR(FeatureD)","cat":"Feature","ph":"E","ts":6000410,"pid":3497303,"tid":3497303,"args":{"ID":1729382256910319619}},{"name":"FR(FeatureA)","cat":"Feature","ph":"B","ts":6000411,"pid":3497303,"tid":3497303,"args":{"ID":1729382256910336003}},{"name":"FR(FeatureA)","cat":"Feature","ph":"E","ts":6000412,"pid":3497303,"tid":3497303,"args":{"ID":1729382256910336003}},{"name":"FR(FeatureC)","cat":"Feature","ph":"B","ts":6000412,"pid":3497303,"tid":3497303,"args":{"ID":1729382256910368771}},{"name":"FR(FeatureD)","cat":"Feature","ph":"B","ts":6000412,"pid":3497303,"tid":3497303,"args":{"ID":1729382256910385155}},{"name":"FR(FeatureC)","cat":"Feature","ph":"E","ts":6000442,"pid":3497303,"tid":3497303,"args":{"ID":1729382256910368771}},{"name":"FR(FeatureD)","cat":"Feature","ph":"E","ts":6000442,"pid":3497303,"tid":3497303,"args":{"ID":1729382256910385155}},{"name":"Base","cat":"Feature","ph":"E","ts":6000443,"pid":3497303,"tid":3497303,"args":{"ID":0}}],"stackFrames":{},"timestampUnit":"us"}