{ "traceEvents":[{"name":"Base","cat":"Feature","ph":"B","ts":0,"pid":2821031,"tid":2821031,"args":{"ID":0}},{"name":"FR(FeatureA)","cat":"Feature","ph":"B","ts":2000119,"pid":2821031,"tid":2821031,"args":{"ID":1729382256910270467}},{"name":"FR(FeatureA)","cat":"Feature","ph":"E","ts":3000208,"pid":2821031,"tid":2821031,"args":{"ID":1729382256910270467}},{"name":"FR(FeatureB)","cat":"Feature","ph":"B","ts":3000209,"pid":2821031,"tid":2821031,"args":{"ID":1729382256910286851}},{"name":"FR(FeatureB)","cat":"Feature","ph":"E","ts":5000304,"pid":2821031,"tid":2821031,"args":{"ID":1729382256910286851}},{"name":"FR(FeatureD)","cat":"Feature","ph":"B","ts":5000310,"pid":2821031,"tid":2821031,"args":{"ID":1729382256910319619}},{"name":"FR(FeatureD)","cat":"Feature","ph":"E","ts":7000411,"pid":2821031,"tid":2821031,"args":{"ID":1729382256910319619}},{"name":"FR(FeatureA)","cat":"Feature","ph":"B","ts":7000412,"pid":2821031,"tid":2821031,"args":{"ID":1729382256910336003}},{"name":"FR(FeatureB)","cat":"Feature","ph":"B","ts":7000413,"pid":2821031,"tid":2821031,"args":{"ID":1729382256910352387}},{"name":"FR(FeatureA)","cat":"Feature","ph":"E","ts":9000518,"pid":2821031,"tid":2821031,"args":{"ID":1729382256910336003}},{"name":"FR(FeatureB)","cat":"Feature","ph":"E","ts":9000520,"pid":2821031,"tid":2821031,"args":{"ID":1729382256910352387}},{"name":"Base","cat":"Feature","ph":"E","ts":9000520,"pid":2821031,"tid":2821031,"args":{"ID":0}}],"stackFrames":{},"timestampUnit":"us"}