{ "traceEvents":[{"name":"Base","cat":"Feature","ph":"B","ts":0,"pid":2824425,"tid":2824425,"args":{"ID":0}},{"name":"FR(FeatureA)","cat":"Feature","ph":"B","ts":2000098,"pid":2824425,"tid":2824425,"args":{"ID":1729382256910270467}},{"name":"FR(FeatureA)","cat":"Feature","ph":"E","ts":3000155,"pid":2824425,"tid":2824425,"args":{"ID":1729382256910270467}},{"name":"FR(FeatureB)","cat":"Feature","ph":"B","ts":3000156,"pid":2824425,"tid":2824425,"args":{"ID":1729382256910286851}},{"name":"FR(FeatureB)","cat":"Feature","ph":"E","ts":5000263,"pid":2824425,"tid":2824425,"args":{"ID":1729382256910286851}},{"name":"FR(FeatureD)","cat":"Feature","ph":"B","ts":5000268,"pid":2824425,"tid":2824425,"args":{"ID":1729382256910319619}},{"name":"FR(FeatureD)","cat":"Feature","ph":"E","ts":7000373,"pid":2824425,"tid":2824425,"args":{"ID":1729382256910319619}},{"name":"FR(FeatureA)","cat":"Feature","ph":"B","ts":7000375,"pid":2824425,"tid":2824425,"args":{"ID":1729382256910336003}},{"name":"FR(FeatureB)","cat":"Feature","ph":"B","ts":7000376,"pid":2824425,"tid":2824425,"args":{"ID":1729382256910352387}},{"name":"FR(FeatureA)","cat":"Feature","ph":"E","ts":9000481,"pid":2824425,"tid":2824425,"args":{"ID":1729382256910336003}},{"name":"FR(FeatureB)","cat":"Feature","ph":"E","ts":9000482,"pid":2824425,"tid":2824425,"args":{"ID":1729382256910352387}},{"name":"Base","cat":"Feature","ph":"E","ts":9000483,"pid":2824425,"tid":2824425,"args":{"ID":0}}],"stackFrames":{},"timestampUnit":"us"}