{ "traceEvents":[{"name":"Base","cat":"Feature","ph":"B","ts":0,"pid":2787267,"tid":2787267,"args":{"ID":0}},{"name":"FR(FeatureA)","cat":"Feature","ph":"B","ts":2000118,"pid":2787267,"tid":2787267,"args":{"ID":1729382256910270467}},{"name":"FR(FeatureA)","cat":"Feature","ph":"E","ts":3000234,"pid":2787267,"tid":2787267,"args":{"ID":1729382256910270467}},{"name":"FR(FeatureB)","cat":"Feature","ph":"B","ts":3000234,"pid":2787267,"tid":2787267,"args":{"ID":1729382256910286851}},{"name":"FR(FeatureB)","cat":"Feature","ph":"E","ts":5000354,"pid":2787267,"tid":2787267,"args":{"ID":1729382256910286851}},{"name":"FR(FeatureD)","cat":"Feature","ph":"B","ts":5000360,"pid":2787267,"tid":2787267,"args":{"ID":1729382256910319619}},{"name":"FR(FeatureD)","cat":"Feature","ph":"E","ts":7000481,"pid":2787267,"tid":2787267,"args":{"ID":1729382256910319619}},{"name":"FR(FeatureA)","cat":"Feature","ph":"B","ts":7000481,"pid":2787267,"tid":2787267,"args":{"ID":1729382256910336003}},{"name":"FR(FeatureB)","cat":"Feature","ph":"B","ts":7000482,"pid":2787267,"tid":2787267,"args":{"ID":1729382256910352387}},{"name":"FR(FeatureA)","cat":"Feature","ph":"E","ts":9000606,"pid":2787267,"tid":2787267,"args":{"ID":1729382256910336003}},{"name":"FR(FeatureB)","cat":"Feature","ph":"E","ts":9000607,"pid":2787267,"tid":2787267,"args":{"ID":1729382256910352387}},{"name":"Base","cat":"Feature","ph":"E","ts":9000608,"pid":2787267,"tid":2787267,"args":{"ID":0}}],"stackFrames":{},"timestampUnit":"us"}