{ "traceEvents":[{"name":"Base","cat":"Feature","ph":"B","ts":0,"pid":2805662,"tid":2805662,"args":{"ID":0}},{"name":"FR(FeatureA)","cat":"Feature","ph":"B","ts":2000106,"pid":2805662,"tid":2805662,"args":{"ID":1729382256910270467}},{"name":"FR(FeatureA)","cat":"Feature","ph":"E","ts":3000205,"pid":2805662,"tid":2805662,"args":{"ID":1729382256910270467}},{"name":"FR(FeatureB)","cat":"Feature","ph":"B","ts":3000206,"pid":2805662,"tid":2805662,"args":{"ID":1729382256910286851}},{"name":"FR(FeatureB)","cat":"Feature","ph":"E","ts":5000302,"pid":2805662,"tid":2805662,"args":{"ID":1729382256910286851}},{"name":"FR(FeatureD)","cat":"Feature","ph":"B","ts":5000307,"pid":2805662,"tid":2805662,"args":{"ID":1729382256910319619}},{"name":"FR(FeatureD)","cat":"Feature","ph":"E","ts":7000420,"pid":2805662,"tid":2805662,"args":{"ID":1729382256910319619}},{"name":"FR(FeatureA)","cat":"Feature","ph":"B","ts":7000423,"pid":2805662,"tid":2805662,"args":{"ID":1729382256910336003}},{"name":"FR(FeatureB)","cat":"Feature","ph":"B","ts":7000423,"pid":2805662,"tid":2805662,"args":{"ID":1729382256910352387}},{"name":"FR(FeatureA)","cat":"Feature","ph":"E","ts":9000532,"pid":2805662,"tid":2805662,"args":{"ID":1729382256910336003}},{"name":"FR(FeatureB)","cat":"Feature","ph":"E","ts":9000534,"pid":2805662,"tid":2805662,"args":{"ID":1729382256910352387}},{"name":"Base","cat":"Feature","ph":"E","ts":9000535,"pid":2805662,"tid":2805662,"args":{"ID":0}}],"stackFrames":{},"timestampUnit":"us"}