{ "traceEvents":[{"name":"Base","cat":"Feature","ph":"B","ts":0,"pid":2781074,"tid":2781074,"args":{"ID":0}},{"name":"FR(FeatureA)","cat":"Feature","ph":"B","ts":2000097,"pid":2781074,"tid":2781074,"args":{"ID":1729382256910270467}},{"name":"FR(FeatureA)","cat":"Feature","ph":"E","ts":3000185,"pid":2781074,"tid":2781074,"args":{"ID":1729382256910270467}},{"name":"FR(FeatureB)","cat":"Feature","ph":"B","ts":3000185,"pid":2781074,"tid":2781074,"args":{"ID":1729382256910286851}},{"name":"FR(FeatureB)","cat":"Feature","ph":"E","ts":5000277,"pid":2781074,"tid":2781074,"args":{"ID":1729382256910286851}},{"name":"FR(FeatureD)","cat":"Feature","ph":"B","ts":5000281,"pid":2781074,"tid":2781074,"args":{"ID":1729382256910319619}},{"name":"FR(FeatureD)","cat":"Feature","ph":"E","ts":7000374,"pid":2781074,"tid":2781074,"args":{"ID":1729382256910319619}},{"name":"FR(FeatureA)","cat":"Feature","ph":"B","ts":7000375,"pid":2781074,"tid":2781074,"args":{"ID":1729382256910336003}},{"name":"FR(FeatureB)","cat":"Feature","ph":"B","ts":7000375,"pid":2781074,"tid":2781074,"args":{"ID":1729382256910352387}},{"name":"FR(FeatureA)","cat":"Feature","ph":"E","ts":9000471,"pid":2781074,"tid":2781074,"args":{"ID":1729382256910336003}},{"name":"FR(FeatureB)","cat":"Feature","ph":"E","ts":9000473,"pid":2781074,"tid":2781074,"args":{"ID":1729382256910352387}},{"name":"Base","cat":"Feature","ph":"E","ts":9000473,"pid":2781074,"tid":2781074,"args":{"ID":0}}],"stackFrames":{},"timestampUnit":"us"}