{ "traceEvents":[{"name":"Base","cat":"Feature","ph":"B","ts":0,"pid":2830620,"tid":2830620,"args":{"ID":0}},{"name":"FR(FeatureA)","cat":"Feature","ph":"B","ts":2000119,"pid":2830620,"tid":2830620,"args":{"ID":1729382256910270467}},{"name":"FR(FeatureA)","cat":"Feature","ph":"E","ts":3000218,"pid":2830620,"tid":2830620,"args":{"ID":1729382256910270467}},{"name":"FR(FeatureB)","cat":"Feature","ph":"B","ts":3000219,"pid":2830620,"tid":2830620,"args":{"ID":1729382256910286851}},{"name":"FR(FeatureB)","cat":"Feature","ph":"E","ts":5000327,"pid":2830620,"tid":2830620,"args":{"ID":1729382256910286851}},{"name":"FR(FeatureD)","cat":"Feature","ph":"B","ts":5000333,"pid":2830620,"tid":2830620,"args":{"ID":1729382256910319619}},{"name":"FR(FeatureD)","cat":"Feature","ph":"E","ts":7000451,"pid":2830620,"tid":2830620,"args":{"ID":1729382256910319619}},{"name":"FR(FeatureA)","cat":"Feature","ph":"B","ts":7000452,"pid":2830620,"tid":2830620,"args":{"ID":1729382256910336003}},{"name":"FR(FeatureB)","cat":"Feature","ph":"B","ts":7000453,"pid":2830620,"tid":2830620,"args":{"ID":1729382256910352387}},{"name":"FR(FeatureA)","cat":"Feature","ph":"E","ts":9000567,"pid":2830620,"tid":2830620,"args":{"ID":1729382256910336003}},{"name":"FR(FeatureB)","cat":"Feature","ph":"E","ts":9000570,"pid":2830620,"tid":2830620,"args":{"ID":1729382256910352387}},{"name":"Base","cat":"Feature","ph":"E","ts":9000570,"pid":2830620,"tid":2830620,"args":{"ID":0}}],"stackFrames":{},"timestampUnit":"us"}