{ "traceEvents":[{"name":"Base","cat":"Feature","ph":"B","ts":0,"pid":2796397,"tid":2796397,"args":{"ID":0}},{"name":"FR(FeatureA)","cat":"Feature","ph":"B","ts":2000130,"pid":2796397,"tid":2796397,"args":{"ID":1729382256910270467}},{"name":"FR(FeatureA)","cat":"Feature","ph":"E","ts":3000236,"pid":2796397,"tid":2796397,"args":{"ID":1729382256910270467}},{"name":"FR(FeatureB)","cat":"Feature","ph":"B","ts":3000236,"pid":2796397,"tid":2796397,"args":{"ID":1729382256910286851}},{"name":"FR(FeatureB)","cat":"Feature","ph":"E","ts":5000366,"pid":2796397,"tid":2796397,"args":{"ID":1729382256910286851}},{"name":"FR(FeatureD)","cat":"Feature","ph":"B","ts":5000371,"pid":2796397,"tid":2796397,"args":{"ID":1729382256910319619}},{"name":"FR(FeatureD)","cat":"Feature","ph":"E","ts":7000474,"pid":2796397,"tid":2796397,"args":{"ID":1729382256910319619}},{"name":"FR(FeatureA)","cat":"Feature","ph":"B","ts":7000475,"pid":2796397,"tid":2796397,"args":{"ID":1729382256910336003}},{"name":"FR(FeatureB)","cat":"Feature","ph":"B","ts":7000475,"pid":2796397,"tid":2796397,"args":{"ID":1729382256910352387}},{"name":"FR(FeatureA)","cat":"Feature","ph":"E","ts":9000599,"pid":2796397,"tid":2796397,"args":{"ID":1729382256910336003}},{"name":"FR(FeatureB)","cat":"Feature","ph":"E","ts":9000601,"pid":2796397,"tid":2796397,"args":{"ID":1729382256910352387}},{"name":"Base","cat":"Feature","ph":"E","ts":9000602,"pid":2796397,"tid":2796397,"args":{"ID":0}}],"stackFrames":{},"timestampUnit":"us"}