{ "traceEvents":[{"name":"Base","cat":"Feature","ph":"B","ts":0,"pid":2777938,"tid":2777938,"args":{"ID":0}},{"name":"FR(FeatureA)","cat":"Feature","ph":"B","ts":2000116,"pid":2777938,"tid":2777938,"args":{"ID":1729382256910270467}},{"name":"FR(FeatureA)","cat":"Feature","ph":"E","ts":3000204,"pid":2777938,"tid":2777938,"args":{"ID":1729382256910270467}},{"name":"FR(FeatureB)","cat":"Feature","ph":"B","ts":3000205,"pid":2777938,"tid":2777938,"args":{"ID":1729382256910286851}},{"name":"FR(FeatureB)","cat":"Feature","ph":"E","ts":5000308,"pid":2777938,"tid":2777938,"args":{"ID":1729382256910286851}},{"name":"FR(FeatureD)","cat":"Feature","ph":"B","ts":5000314,"pid":2777938,"tid":2777938,"args":{"ID":1729382256910319619}},{"name":"FR(FeatureD)","cat":"Feature","ph":"E","ts":7000424,"pid":2777938,"tid":2777938,"args":{"ID":1729382256910319619}},{"name":"FR(FeatureA)","cat":"Feature","ph":"B","ts":7000427,"pid":2777938,"tid":2777938,"args":{"ID":1729382256910336003}},{"name":"FR(FeatureB)","cat":"Feature","ph":"B","ts":7000428,"pid":2777938,"tid":2777938,"args":{"ID":1729382256910352387}},{"name":"FR(FeatureA)","cat":"Feature","ph":"E","ts":9000537,"pid":2777938,"tid":2777938,"args":{"ID":1729382256910336003}},{"name":"FR(FeatureB)","cat":"Feature","ph":"E","ts":9000539,"pid":2777938,"tid":2777938,"args":{"ID":1729382256910352387}},{"name":"Base","cat":"Feature","ph":"E","ts":9000541,"pid":2777938,"tid":2777938,"args":{"ID":0}}],"stackFrames":{},"timestampUnit":"us"}