{ "traceEvents":[{"name":"Base","cat":"Feature","ph":"B","ts":0,"pid":2790216,"tid":2790216,"args":{"ID":0}},{"name":"FR(FeatureA)","cat":"Feature","ph":"B","ts":2000124,"pid":2790216,"tid":2790216,"args":{"ID":1729382256910270467}},{"name":"FR(FeatureA)","cat":"Feature","ph":"E","ts":3000218,"pid":2790216,"tid":2790216,"args":{"ID":1729382256910270467}},{"name":"FR(FeatureB)","cat":"Feature","ph":"B","ts":3000219,"pid":2790216,"tid":2790216,"args":{"ID":1729382256910286851}},{"name":"FR(FeatureB)","cat":"Feature","ph":"E","ts":5000302,"pid":2790216,"tid":2790216,"args":{"ID":1729382256910286851}},{"name":"FR(FeatureD)","cat":"Feature","ph":"B","ts":5000307,"pid":2790216,"tid":2790216,"args":{"ID":1729382256910319619}},{"name":"FR(FeatureD)","cat":"Feature","ph":"E","ts":7000403,"pid":2790216,"tid":2790216,"args":{"ID":1729382256910319619}},{"name":"FR(FeatureA)","cat":"Feature","ph":"B","ts":7000403,"pid":2790216,"tid":2790216,"args":{"ID":1729382256910336003}},{"name":"FR(FeatureB)","cat":"Feature","ph":"B","ts":7000404,"pid":2790216,"tid":2790216,"args":{"ID":1729382256910352387}},{"name":"FR(FeatureA)","cat":"Feature","ph":"E","ts":9000508,"pid":2790216,"tid":2790216,"args":{"ID":1729382256910336003}},{"name":"FR(FeatureB)","cat":"Feature","ph":"E","ts":9000510,"pid":2790216,"tid":2790216,"args":{"ID":1729382256910352387}},{"name":"Base","cat":"Feature","ph":"E","ts":9000510,"pid":2790216,"tid":2790216,"args":{"ID":0}}],"stackFrames":{},"timestampUnit":"us"}