{ "traceEvents":[{"name":"Base","cat":"Feature","ph":"B","ts":0,"pid":2818032,"tid":2818032,"args":{"ID":0}},{"name":"FR(FeatureA)","cat":"Feature","ph":"B","ts":2000141,"pid":2818032,"tid":2818032,"args":{"ID":1729382256910270467}},{"name":"FR(FeatureA)","cat":"Feature","ph":"E","ts":3000232,"pid":2818032,"tid":2818032,"args":{"ID":1729382256910270467}},{"name":"FR(FeatureB)","cat":"Feature","ph":"B","ts":3000233,"pid":2818032,"tid":2818032,"args":{"ID":1729382256910286851}},{"name":"FR(FeatureB)","cat":"Feature","ph":"E","ts":5000317,"pid":2818032,"tid":2818032,"args":{"ID":1729382256910286851}},{"name":"FR(FeatureD)","cat":"Feature","ph":"B","ts":5000325,"pid":2818032,"tid":2818032,"args":{"ID":1729382256910319619}},{"name":"FR(FeatureD)","cat":"Feature","ph":"E","ts":7000432,"pid":2818032,"tid":2818032,"args":{"ID":1729382256910319619}},{"name":"FR(FeatureA)","cat":"Feature","ph":"B","ts":7000433,"pid":2818032,"tid":2818032,"args":{"ID":1729382256910336003}},{"name":"FR(FeatureB)","cat":"Feature","ph":"B","ts":7000433,"pid":2818032,"tid":2818032,"args":{"ID":1729382256910352387}},{"name":"FR(FeatureA)","cat":"Feature","ph":"E","ts":9000559,"pid":2818032,"tid":2818032,"args":{"ID":1729382256910336003}},{"name":"FR(FeatureB)","cat":"Feature","ph":"E","ts":9000561,"pid":2818032,"tid":2818032,"args":{"ID":1729382256910352387}},{"name":"Base","cat":"Feature","ph":"E","ts":9000562,"pid":2818032,"tid":2818032,"args":{"ID":0}}],"stackFrames":{},"timestampUnit":"us"}