{ "traceEvents":[{"name":"Base","cat":"Feature","ph":"B","ts":0,"pid":2811841,"tid":2811841,"args":{"ID":0}},{"name":"FR(FeatureA)","cat":"Feature","ph":"B","ts":2000116,"pid":2811841,"tid":2811841,"args":{"ID":1729382256910270467}},{"name":"FR(FeatureA)","cat":"Feature","ph":"E","ts":3000210,"pid":2811841,"tid":2811841,"args":{"ID":1729382256910270467}},{"name":"FR(FeatureB)","cat":"Feature","ph":"B","ts":3000210,"pid":2811841,"tid":2811841,"args":{"ID":1729382256910286851}},{"name":"FR(FeatureB)","cat":"Feature","ph":"E","ts":5000287,"pid":2811841,"tid":2811841,"args":{"ID":1729382256910286851}},{"name":"FR(FeatureD)","cat":"Feature","ph":"B","ts":5000295,"pid":2811841,"tid":2811841,"args":{"ID":1729382256910319619}},{"name":"FR(FeatureD)","cat":"Feature","ph":"E","ts":7000397,"pid":2811841,"tid":2811841,"args":{"ID":1729382256910319619}},{"name":"FR(FeatureA)","cat":"Feature","ph":"B","ts":7000397,"pid":2811841,"tid":2811841,"args":{"ID":1729382256910336003}},{"name":"FR(FeatureB)","cat":"Feature","ph":"B","ts":7000398,"pid":2811841,"tid":2811841,"args":{"ID":1729382256910352387}},{"name":"FR(FeatureA)","cat":"Feature","ph":"E","ts":9000511,"pid":2811841,"tid":2811841,"args":{"ID":1729382256910336003}},{"name":"FR(FeatureB)","cat":"Feature","ph":"E","ts":9000513,"pid":2811841,"tid":2811841,"args":{"ID":1729382256910352387}},{"name":"Base","cat":"Feature","ph":"E","ts":9000514,"pid":2811841,"tid":2811841,"args":{"ID":0}}],"stackFrames":{},"timestampUnit":"us"}