{ "traceEvents":[{"name":"Base","cat":"Feature","ph":"B","ts":0,"pid":2814787,"tid":2814787,"args":{"ID":0}},{"name":"FR(FeatureA)","cat":"Feature","ph":"B","ts":2000116,"pid":2814787,"tid":2814787,"args":{"ID":1729382256910270467}},{"name":"FR(FeatureA)","cat":"Feature","ph":"E","ts":3000203,"pid":2814787,"tid":2814787,"args":{"ID":1729382256910270467}},{"name":"FR(FeatureB)","cat":"Feature","ph":"B","ts":3000204,"pid":2814787,"tid":2814787,"args":{"ID":1729382256910286851}},{"name":"FR(FeatureB)","cat":"Feature","ph":"E","ts":5000300,"pid":2814787,"tid":2814787,"args":{"ID":1729382256910286851}},{"name":"FR(FeatureD)","cat":"Feature","ph":"B","ts":5000304,"pid":2814787,"tid":2814787,"args":{"ID":1729382256910319619}},{"name":"FR(FeatureD)","cat":"Feature","ph":"E","ts":7000400,"pid":2814787,"tid":2814787,"args":{"ID":1729382256910319619}},{"name":"FR(FeatureA)","cat":"Feature","ph":"B","ts":7000401,"pid":2814787,"tid":2814787,"args":{"ID":1729382256910336003}},{"name":"FR(FeatureB)","cat":"Feature","ph":"B","ts":7000402,"pid":2814787,"tid":2814787,"args":{"ID":1729382256910352387}},{"name":"FR(FeatureA)","cat":"Feature","ph":"E","ts":9000509,"pid":2814787,"tid":2814787,"args":{"ID":1729382256910336003}},{"name":"FR(FeatureB)","cat":"Feature","ph":"E","ts":9000510,"pid":2814787,"tid":2814787,"args":{"ID":1729382256910352387}},{"name":"Base","cat":"Feature","ph":"E","ts":9000511,"pid":2814787,"tid":2814787,"args":{"ID":0}}],"stackFrames":{},"timestampUnit":"us"}