{ "traceEvents":[{"name":"Base","cat":"Feature","ph":"B","ts":0,"pid":2765584,"tid":2765584,"args":{"ID":0}},{"name":"FR(FeatureA)","cat":"Feature","ph":"B","ts":2000099,"pid":2765584,"tid":2765584,"args":{"ID":1729382256910270467}},{"name":"FR(FeatureA)","cat":"Feature","ph":"E","ts":3000190,"pid":2765584,"tid":2765584,"args":{"ID":1729382256910270467}},{"name":"FR(FeatureB)","cat":"Feature","ph":"B","ts":3000191,"pid":2765584,"tid":2765584,"args":{"ID":1729382256910286851}},{"name":"FR(FeatureB)","cat":"Feature","ph":"E","ts":5000284,"pid":2765584,"tid":2765584,"args":{"ID":1729382256910286851}},{"name":"FR(FeatureD)","cat":"Feature","ph":"B","ts":5000288,"pid":2765584,"tid":2765584,"args":{"ID":1729382256910319619}},{"name":"FR(FeatureD)","cat":"Feature","ph":"E","ts":7000389,"pid":2765584,"tid":2765584,"args":{"ID":1729382256910319619}},{"name":"FR(FeatureA)","cat":"Feature","ph":"B","ts":7000391,"pid":2765584,"tid":2765584,"args":{"ID":1729382256910336003}},{"name":"FR(FeatureB)","cat":"Feature","ph":"B","ts":7000391,"pid":2765584,"tid":2765584,"args":{"ID":1729382256910352387}},{"name":"FR(FeatureA)","cat":"Feature","ph":"E","ts":9000497,"pid":2765584,"tid":2765584,"args":{"ID":1729382256910336003}},{"name":"FR(FeatureB)","cat":"Feature","ph":"E","ts":9000499,"pid":2765584,"tid":2765584,"args":{"ID":1729382256910352387}},{"name":"Base","cat":"Feature","ph":"E","ts":9000499,"pid":2765584,"tid":2765584,"args":{"ID":0}}],"stackFrames":{},"timestampUnit":"us"}