{ "traceEvents":[{"name":"Base","cat":"Feature","ph":"B","ts":0,"pid":2845612,"tid":2845612,"args":{"ID":0}},{"name":"FR(FeatureA)","cat":"Feature","ph":"B","ts":2000124,"pid":2845612,"tid":2845612,"args":{"ID":1729382256910270467}},{"name":"FR(FeatureA)","cat":"Feature","ph":"E","ts":3000213,"pid":2845612,"tid":2845612,"args":{"ID":1729382256910270467}},{"name":"FR(FeatureB)","cat":"Feature","ph":"B","ts":3000213,"pid":2845612,"tid":2845612,"args":{"ID":1729382256910286851}},{"name":"FR(FeatureB)","cat":"Feature","ph":"E","ts":5000293,"pid":2845612,"tid":2845612,"args":{"ID":1729382256910286851}},{"name":"FR(FeatureD)","cat":"Feature","ph":"B","ts":5000301,"pid":2845612,"tid":2845612,"args":{"ID":1729382256910319619}},{"name":"FR(FeatureD)","cat":"Feature","ph":"E","ts":7000400,"pid":2845612,"tid":2845612,"args":{"ID":1729382256910319619}},{"name":"FR(FeatureA)","cat":"Feature","ph":"B","ts":7000400,"pid":2845612,"tid":2845612,"args":{"ID":1729382256910336003}},{"name":"FR(FeatureB)","cat":"Feature","ph":"B","ts":7000401,"pid":2845612,"tid":2845612,"args":{"ID":1729382256910352387}},{"name":"FR(FeatureA)","cat":"Feature","ph":"E","ts":9000503,"pid":2845612,"tid":2845612,"args":{"ID":1729382256910336003}},{"name":"FR(FeatureB)","cat":"Feature","ph":"E","ts":9000505,"pid":2845612,"tid":2845612,"args":{"ID":1729382256910352387}},{"name":"Base","cat":"Feature","ph":"E","ts":9000505,"pid":2845612,"tid":2845612,"args":{"ID":0}}],"stackFrames":{},"timestampUnit":"us"}