{ "traceEvents":[{"name":"Base","cat":"Feature","ph":"B","ts":0,"pid":2842856,"tid":2842856,"args":{"ID":0}},{"name":"FR(FeatureA)","cat":"Feature","ph":"B","ts":2000121,"pid":2842856,"tid":2842856,"args":{"ID":1729382256910270467}},{"name":"FR(FeatureA)","cat":"Feature","ph":"E","ts":3000217,"pid":2842856,"tid":2842856,"args":{"ID":1729382256910270467}},{"name":"FR(FeatureB)","cat":"Feature","ph":"B","ts":3000218,"pid":2842856,"tid":2842856,"args":{"ID":1729382256910286851}},{"name":"FR(FeatureB)","cat":"Feature","ph":"E","ts":5000318,"pid":2842856,"tid":2842856,"args":{"ID":1729382256910286851}},{"name":"FR(FeatureD)","cat":"Feature","ph":"B","ts":5000324,"pid":2842856,"tid":2842856,"args":{"ID":1729382256910319619}},{"name":"FR(FeatureD)","cat":"Feature","ph":"E","ts":7000442,"pid":2842856,"tid":2842856,"args":{"ID":1729382256910319619}},{"name":"FR(FeatureA)","cat":"Feature","ph":"B","ts":7000443,"pid":2842856,"tid":2842856,"args":{"ID":1729382256910336003}},{"name":"FR(FeatureB)","cat":"Feature","ph":"B","ts":7000443,"pid":2842856,"tid":2842856,"args":{"ID":1729382256910352387}},{"name":"FR(FeatureA)","cat":"Feature","ph":"E","ts":9000552,"pid":2842856,"tid":2842856,"args":{"ID":1729382256910336003}},{"name":"FR(FeatureB)","cat":"Feature","ph":"E","ts":9000553,"pid":2842856,"tid":2842856,"args":{"ID":1729382256910352387}},{"name":"Base","cat":"Feature","ph":"E","ts":9000554,"pid":2842856,"tid":2842856,"args":{"ID":0}}],"stackFrames":{},"timestampUnit":"us"}