{ "traceEvents":[{"name":"Base","cat":"Feature","ph":"B","ts":0,"pid":2802470,"tid":2802470,"args":{"ID":0}},{"name":"FR(FeatureA)","cat":"Feature","ph":"B","ts":2000115,"pid":2802470,"tid":2802470,"args":{"ID":1729382256910270467}},{"name":"FR(FeatureA)","cat":"Feature","ph":"E","ts":3000221,"pid":2802470,"tid":2802470,"args":{"ID":1729382256910270467}},{"name":"FR(FeatureB)","cat":"Feature","ph":"B","ts":3000222,"pid":2802470,"tid":2802470,"args":{"ID":1729382256910286851}},{"name":"FR(FeatureB)","cat":"Feature","ph":"E","ts":5000335,"pid":2802470,"tid":2802470,"args":{"ID":1729382256910286851}},{"name":"FR(FeatureD)","cat":"Feature","ph":"B","ts":5000341,"pid":2802470,"tid":2802470,"args":{"ID":1729382256910319619}},{"name":"FR(FeatureD)","cat":"Feature","ph":"E","ts":7000447,"pid":2802470,"tid":2802470,"args":{"ID":1729382256910319619}},{"name":"FR(FeatureA)","cat":"Feature","ph":"B","ts":7000449,"pid":2802470,"tid":2802470,"args":{"ID":1729382256910336003}},{"name":"FR(FeatureB)","cat":"Feature","ph":"B","ts":7000450,"pid":2802470,"tid":2802470,"args":{"ID":1729382256910352387}},{"name":"FR(FeatureA)","cat":"Feature","ph":"E","ts":9000560,"pid":2802470,"tid":2802470,"args":{"ID":1729382256910336003}},{"name":"FR(FeatureB)","cat":"Feature","ph":"E","ts":9000561,"pid":2802470,"tid":2802470,"args":{"ID":1729382256910352387}},{"name":"Base","cat":"Feature","ph":"E","ts":9000562,"pid":2802470,"tid":2802470,"args":{"ID":0}}],"stackFrames":{},"timestampUnit":"us"}