{ "traceEvents":[{"name":"Base","cat":"Feature","ph":"B","ts":0,"pid":2851861,"tid":2851861,"args":{"ID":0}},{"name":"FR(FeatureA)","cat":"Feature","ph":"B","ts":2000133,"pid":2851861,"tid":2851861,"args":{"ID":1729382256910270467}},{"name":"FR(FeatureA)","cat":"Feature","ph":"E","ts":3000230,"pid":2851861,"tid":2851861,"args":{"ID":1729382256910270467}},{"name":"FR(FeatureB)","cat":"Feature","ph":"B","ts":3000231,"pid":2851861,"tid":2851861,"args":{"ID":1729382256910286851}},{"name":"FR(FeatureB)","cat":"Feature","ph":"E","ts":5000338,"pid":2851861,"tid":2851861,"args":{"ID":1729382256910286851}},{"name":"FR(FeatureD)","cat":"Feature","ph":"B","ts":5000343,"pid":2851861,"tid":2851861,"args":{"ID":1729382256910319619}},{"name":"FR(FeatureD)","cat":"Feature","ph":"E","ts":7000452,"pid":2851861,"tid":2851861,"args":{"ID":1729382256910319619}},{"name":"FR(FeatureA)","cat":"Feature","ph":"B","ts":7000454,"pid":2851861,"tid":2851861,"args":{"ID":1729382256910336003}},{"name":"FR(FeatureB)","cat":"Feature","ph":"B","ts":7000455,"pid":2851861,"tid":2851861,"args":{"ID":1729382256910352387}},{"name":"FR(FeatureA)","cat":"Feature","ph":"E","ts":9000571,"pid":2851861,"tid":2851861,"args":{"ID":1729382256910336003}},{"name":"FR(FeatureB)","cat":"Feature","ph":"E","ts":9000573,"pid":2851861,"tid":2851861,"args":{"ID":1729382256910352387}},{"name":"Base","cat":"Feature","ph":"E","ts":9000574,"pid":2851861,"tid":2851861,"args":{"ID":0}}],"stackFrames":{},"timestampUnit":"us"}