{ "traceEvents":[{"name":"Base","cat":"Feature","ph":"B","ts":0,"pid":2793408,"tid":2793408,"args":{"ID":0}},{"name":"FR(FeatureA)","cat":"Feature","ph":"B","ts":2000111,"pid":2793408,"tid":2793408,"args":{"ID":1729382256910270467}},{"name":"FR(FeatureA)","cat":"Feature","ph":"E","ts":3000206,"pid":2793408,"tid":2793408,"args":{"ID":1729382256910270467}},{"name":"FR(FeatureB)","cat":"Feature","ph":"B","ts":3000207,"pid":2793408,"tid":2793408,"args":{"ID":1729382256910286851}},{"name":"FR(FeatureB)","cat":"Feature","ph":"E","ts":5000297,"pid":2793408,"tid":2793408,"args":{"ID":1729382256910286851}},{"name":"FR(FeatureD)","cat":"Feature","ph":"B","ts":5000301,"pid":2793408,"tid":2793408,"args":{"ID":1729382256910319619}},{"name":"FR(FeatureD)","cat":"Feature","ph":"E","ts":7000417,"pid":2793408,"tid":2793408,"args":{"ID":1729382256910319619}},{"name":"FR(FeatureA)","cat":"Feature","ph":"B","ts":7000419,"pid":2793408,"tid":2793408,"args":{"ID":1729382256910336003}},{"name":"FR(FeatureB)","cat":"Feature","ph":"B","ts":7000419,"pid":2793408,"tid":2793408,"args":{"ID":1729382256910352387}},{"name":"FR(FeatureA)","cat":"Feature","ph":"E","ts":9000533,"pid":2793408,"tid":2793408,"args":{"ID":1729382256910336003}},{"name":"FR(FeatureB)","cat":"Feature","ph":"E","ts":9000535,"pid":2793408,"tid":2793408,"args":{"ID":1729382256910352387}},{"name":"Base","cat":"Feature","ph":"E","ts":9000536,"pid":2793408,"tid":2793408,"args":{"ID":0}}],"stackFrames":{},"timestampUnit":"us"}