{ "traceEvents":[{"name":"Base","cat":"Feature","ph":"B","ts":0,"pid":2836740,"tid":2836740,"args":{"ID":0}},{"name":"FR(FeatureA)","cat":"Feature","ph":"B","ts":2000129,"pid":2836740,"tid":2836740,"args":{"ID":1729382256910270467}},{"name":"FR(FeatureA)","cat":"Feature","ph":"E","ts":3000244,"pid":2836740,"tid":2836740,"args":{"ID":1729382256910270467}},{"name":"FR(FeatureB)","cat":"Feature","ph":"B","ts":3000245,"pid":2836740,"tid":2836740,"args":{"ID":1729382256910286851}},{"name":"FR(FeatureB)","cat":"Feature","ph":"E","ts":5000360,"pid":2836740,"tid":2836740,"args":{"ID":1729382256910286851}},{"name":"FR(FeatureD)","cat":"Feature","ph":"B","ts":5000369,"pid":2836740,"tid":2836740,"args":{"ID":1729382256910319619}},{"name":"FR(FeatureD)","cat":"Feature","ph":"E","ts":7000467,"pid":2836740,"tid":2836740,"args":{"ID":1729382256910319619}},{"name":"FR(FeatureA)","cat":"Feature","ph":"B","ts":7000468,"pid":2836740,"tid":2836740,"args":{"ID":1729382256910336003}},{"name":"FR(FeatureB)","cat":"Feature","ph":"B","ts":7000468,"pid":2836740,"tid":2836740,"args":{"ID":1729382256910352387}},{"name":"FR(FeatureA)","cat":"Feature","ph":"E","ts":9000573,"pid":2836740,"tid":2836740,"args":{"ID":1729382256910336003}},{"name":"FR(FeatureB)","cat":"Feature","ph":"E","ts":9000575,"pid":2836740,"tid":2836740,"args":{"ID":1729382256910352387}},{"name":"Base","cat":"Feature","ph":"E","ts":9000576,"pid":2836740,"tid":2836740,"args":{"ID":0}}],"stackFrames":{},"timestampUnit":"us"}