{ "traceEvents":[{"name":"Base","cat":"Feature","ph":"B","ts":0,"pid":1118082,"tid":1118082,"args":{"ID":0}},{"name":"FR(FeatureA)","cat":"Feature","ph":"B","ts":2000120,"pid":1118082,"tid":1118082,"args":{"ID":1729382256910270467}},{"name":"FR(FeatureA)","cat":"Feature","ph":"E","ts":2000121,"pid":1118082,"tid":1118082,"args":{"ID":1729382256910270467}},{"name":"FR(FeatureB)","cat":"Feature","ph":"B","ts":3000222,"pid":1118082,"tid":1118082,"args":{"ID":1729382256910286851}},{"name":"FR(FeatureB)","cat":"Feature","ph":"E","ts":3000222,"pid":1118082,"tid":1118082,"args":{"ID":1729382256910286851}},{"name":"FR(FeatureA)","cat":"Feature","ph":"E","ts":3000230,"pid":1118082,"tid":1118082,"args":{"ID":1729382256910270467}},{"name":"FR(FeatureC)","cat":"Feature","ph":"B","ts":5000315,"pid":1118082,"tid":1118082,"args":{"ID":1729382256910303235}},{"name":"FR(FeatureC)","cat":"Feature","ph":"E","ts":5000316,"pid":1118082,"tid":1118082,"args":{"ID":1729382256910303235}},{"name":"FR(FeatureB)","cat":"Feature","ph":"E","ts":5000316,"pid":1118082,"tid":1118082,"args":{"ID":1729382256910286851}},{"name":"FR(FeatureA)","cat":"Feature","ph":"E","ts":5000317,"pid":1118082,"tid":1118082,"args":{"ID":1729382256910270467}},{"name":"FR(FeatureC)","cat":"Feature","ph":"E","ts":5000318,"pid":1118082,"tid":1118082,"args":{"ID":1729382256910303235}},{"name":"FR(FeatureB)","cat":"Feature","ph":"E","ts":5000318,"pid":1118082,"tid":1118082,"args":{"ID":1729382256910286851}},{"name":"FR(FeatureA)","cat":"Feature","ph":"E","ts":5000318,"pid":1118082,"tid":1118082,"args":{"ID":1729382256910270467}},{"name":"FR(FeatureC)","cat":"Feature","ph":"E","ts":7000416,"pid":1118082,"tid":1118082,"args":{"ID":1729382256910303235}},{"name":"FR(FeatureB)","cat":"Feature","ph":"E","ts":7000418,"pid":1118082,"tid":1118082,"args":{"ID":1729382256910286851}},{"name":"FR(FeatureA)","cat":"Feature","ph":"E","ts":7000419,"pid":1118082,"tid":1118082,"args":{"ID":1729382256910270467}},{"name":"FR(FeatureA)","cat":"Feature","ph":"B","ts":7000420,"pid":1118082,"tid":1118082,"args":{"ID":1729382256910319619}},{"name":"FR(FeatureB)","cat":"Feature","ph":"B","ts":7000420,"pid":1118082,"tid":1118082,"args":{"ID":1729382256910336003}},{"name":"FR(FeatureB)","cat":"Feature","ph":"E","ts":7000421,"pid":1118082,"tid":1118082,"args":{"ID":1729382256910336003}},{"name":"FR(FeatureA)","cat":"Feature","ph":"E","ts":7000421,"pid":1118082,"tid":1118082,"args":{"ID":1729382256910319619}},{"name":"FR(FeatureC)","cat":"Feature","ph":"E","ts":7000422,"pid":1118082,"tid":1118082,"args":{"ID":1729382256910303235}},{"name":"FR(FeatureB)","cat":"Feature","ph":"E","ts":7000422,"pid":1118082,"tid":1118082,"args":{"ID":1729382256910286851}},{"name":"FR(FeatureA)","cat":"Feature","ph":"E","ts":7000423,"pid":1118082,"tid":1118082,"args":{"ID":1729382256910270467}},{"name":"FR(FeatureB)","cat":"Feature","ph":"E","ts":9000522,"pid":1118082,"tid":1118082,"args":{"ID":1729382256910336003}},{"name":"FR(FeatureC)","cat":"Feature","ph":"B","ts":9000522,"pid":1118082,"tid":1118082,"args":{"ID":1729382256910352387}},{"name":"FR(FeatureC)","cat":"Feature","ph":"E","ts":9000523,"pid":1118082,"tid":1118082,"args":{"ID":1729382256910352387}},{"name":"FR(FeatureA)","cat":"Feature","ph":"E","ts":9000524,"pid":1118082,"tid":1118082,"args":{"ID":1729382256910319619}},{"name":"FR(FeatureC)","cat":"Feature","ph":"E","ts":9000524,"pid":1118082,"tid":1118082,"args":{"ID":1729382256910303235}},{"name":"FR(FeatureB)","cat":"Feature","ph":"E","ts":9000525,"pid":1118082,"tid":1118082,"args":{"ID":1729382256910286851}},{"name":"FR(FeatureA)","cat":"Feature","ph":"E","ts":9000525,"pid":1118082,"tid":1118082,"args":{"ID":1729382256910270467}},{"name":"Base","cat":"Feature","ph":"E","ts":9000526,"pid":1118082,"tid":1118082,"args":{"ID":0}}],"stackFrames":{},"timestampUnit":"us"}