{ "traceEvents":[{"name":"Base","cat":"Feature","ph":"B","ts":0,"pid":1301222,"tid":1301222,"args":{"ID":0}},{"name":"FR(FeatureB)","cat":"Feature","ph":"B","ts":2000136,"pid":1301222,"tid":1301222,"args":{"ID":1729382256910286851}},{"name":"FR(FeatureB)","cat":"Feature","ph":"E","ts":4000250,"pid":1301222,"tid":1301222,"args":{"ID":1729382256910286851}},{"name":"FR(FeatureC)","cat":"Feature","ph":"B","ts":4000251,"pid":1301222,"tid":1301222,"args":{"ID":1729382256910303235}},{"name":"FR(FeatureC)","cat":"Feature","ph":"E","ts":5000354,"pid":1301222,"tid":1301222,"args":{"ID":1729382256910303235}},{"name":"FR(FeatureC)","cat":"Feature","ph":"B","ts":5000360,"pid":1301222,"tid":1301222,"args":{"ID":1729382256910368771}},{"name":"FR(FeatureC)","cat":"Feature","ph":"E","ts":5000360,"pid":1301222,"tid":1301222,"args":{"ID":1729382256910368771}},{"name":"Base","cat":"Feature","ph":"E","ts":5000361,"pid":1301222,"tid":1301222,"args":{"ID":0}}],"stackFrames":{},"timestampUnit":"us"}