{ "traceEvents":[{"name":"Base","cat":"Feature","ph":"B","ts":0,"pid":1292712,"tid":1292712,"args":{"ID":0}},{"name":"FR(FeatureB)","cat":"Feature","ph":"B","ts":2000107,"pid":1292712,"tid":1292712,"args":{"ID":1729382256910286851}},{"name":"FR(FeatureB)","cat":"Feature","ph":"E","ts":4000195,"pid":1292712,"tid":1292712,"args":{"ID":1729382256910286851}},{"name":"FR(FeatureC)","cat":"Feature","ph":"B","ts":4000195,"pid":1292712,"tid":1292712,"args":{"ID":1729382256910303235}},{"name":"FR(FeatureC)","cat":"Feature","ph":"E","ts":5000281,"pid":1292712,"tid":1292712,"args":{"ID":1729382256910303235}},{"name":"FR(FeatureC)","cat":"Feature","ph":"B","ts":5000289,"pid":1292712,"tid":1292712,"args":{"ID":1729382256910368771}},{"name":"FR(FeatureC)","cat":"Feature","ph":"E","ts":5000290,"pid":1292712,"tid":1292712,"args":{"ID":1729382256910368771}},{"name":"Base","cat":"Feature","ph":"E","ts":5000290,"pid":1292712,"tid":1292712,"args":{"ID":0}}],"stackFrames":{},"timestampUnit":"us"}