{ "traceEvents":[{"name":"Base","cat":"Feature","ph":"B","ts":0,"pid":1287573,"tid":1287573,"args":{"ID":0}},{"name":"FR(FeatureB)","cat":"Feature","ph":"B","ts":2000122,"pid":1287573,"tid":1287573,"args":{"ID":1729382256910286851}},{"name":"FR(FeatureB)","cat":"Feature","ph":"E","ts":4000237,"pid":1287573,"tid":1287573,"args":{"ID":1729382256910286851}},{"name":"FR(FeatureC)","cat":"Feature","ph":"B","ts":4000237,"pid":1287573,"tid":1287573,"args":{"ID":1729382256910303235}},{"name":"FR(FeatureC)","cat":"Feature","ph":"E","ts":5000339,"pid":1287573,"tid":1287573,"args":{"ID":1729382256910303235}},{"name":"FR(FeatureC)","cat":"Feature","ph":"B","ts":5000346,"pid":1287573,"tid":1287573,"args":{"ID":1729382256910368771}},{"name":"FR(FeatureC)","cat":"Feature","ph":"E","ts":5000346,"pid":1287573,"tid":1287573,"args":{"ID":1729382256910368771}},{"name":"Base","cat":"Feature","ph":"E","ts":5000347,"pid":1287573,"tid":1287573,"args":{"ID":0}}],"stackFrames":{},"timestampUnit":"us"}