{ "traceEvents":[{"name":"Base","cat":"Feature","ph":"B","ts":0,"pid":1280611,"tid":1280611,"args":{"ID":0}},{"name":"FR(FeatureB)","cat":"Feature","ph":"B","ts":2000121,"pid":1280611,"tid":1280611,"args":{"ID":1729382256910286851}},{"name":"FR(FeatureB)","cat":"Feature","ph":"E","ts":4000225,"pid":1280611,"tid":1280611,"args":{"ID":1729382256910286851}},{"name":"FR(FeatureC)","cat":"Feature","ph":"B","ts":4000226,"pid":1280611,"tid":1280611,"args":{"ID":1729382256910303235}},{"name":"FR(FeatureC)","cat":"Feature","ph":"E","ts":5000335,"pid":1280611,"tid":1280611,"args":{"ID":1729382256910303235}},{"name":"FR(FeatureC)","cat":"Feature","ph":"B","ts":5000343,"pid":1280611,"tid":1280611,"args":{"ID":1729382256910368771}},{"name":"FR(FeatureC)","cat":"Feature","ph":"E","ts":5000344,"pid":1280611,"tid":1280611,"args":{"ID":1729382256910368771}},{"name":"Base","cat":"Feature","ph":"E","ts":5000345,"pid":1280611,"tid":1280611,"args":{"ID":0}}],"stackFrames":{},"timestampUnit":"us"}