{ "traceEvents":[{"name":"Base","cat":"Feature","ph":"B","ts":0,"pid":1299721,"tid":1299721,"args":{"ID":0}},{"name":"FR(FeatureB)","cat":"Feature","ph":"B","ts":2000111,"pid":1299721,"tid":1299721,"args":{"ID":1729382256910286851}},{"name":"FR(FeatureB)","cat":"Feature","ph":"E","ts":4000198,"pid":1299721,"tid":1299721,"args":{"ID":1729382256910286851}},{"name":"FR(FeatureC)","cat":"Feature","ph":"B","ts":4000199,"pid":1299721,"tid":1299721,"args":{"ID":1729382256910303235}},{"name":"FR(FeatureC)","cat":"Feature","ph":"E","ts":5000297,"pid":1299721,"tid":1299721,"args":{"ID":1729382256910303235}},{"name":"FR(FeatureC)","cat":"Feature","ph":"B","ts":5000302,"pid":1299721,"tid":1299721,"args":{"ID":1729382256910368771}},{"name":"FR(FeatureC)","cat":"Feature","ph":"E","ts":5000302,"pid":1299721,"tid":1299721,"args":{"ID":1729382256910368771}},{"name":"Base","cat":"Feature","ph":"E","ts":5000303,"pid":1299721,"tid":1299721,"args":{"ID":0}}],"stackFrames":{},"timestampUnit":"us"}