{ "traceEvents":[{"name":"Base","cat":"Feature","ph":"B","ts":0,"pid":1294387,"tid":1294387,"args":{"ID":0}},{"name":"FR(FeatureB)","cat":"Feature","ph":"B","ts":2000119,"pid":1294387,"tid":1294387,"args":{"ID":1729382256910286851}},{"name":"FR(FeatureB)","cat":"Feature","ph":"E","ts":4000211,"pid":1294387,"tid":1294387,"args":{"ID":1729382256910286851}},{"name":"FR(FeatureC)","cat":"Feature","ph":"B","ts":4000211,"pid":1294387,"tid":1294387,"args":{"ID":1729382256910303235}},{"name":"FR(FeatureC)","cat":"Feature","ph":"E","ts":5000298,"pid":1294387,"tid":1294387,"args":{"ID":1729382256910303235}},{"name":"FR(FeatureC)","cat":"Feature","ph":"B","ts":5000305,"pid":1294387,"tid":1294387,"args":{"ID":1729382256910368771}},{"name":"FR(FeatureC)","cat":"Feature","ph":"E","ts":5000305,"pid":1294387,"tid":1294387,"args":{"ID":1729382256910368771}},{"name":"Base","cat":"Feature","ph":"E","ts":5000306,"pid":1294387,"tid":1294387,"args":{"ID":0}}],"stackFrames":{},"timestampUnit":"us"}