{ "traceEvents":[{"name":"Base","cat":"Feature","ph":"B","ts":0,"pid":1296369,"tid":1296369,"args":{"ID":0}},{"name":"FR(FeatureB)","cat":"Feature","ph":"B","ts":2000100,"pid":1296369,"tid":1296369,"args":{"ID":1729382256910286851}},{"name":"FR(FeatureB)","cat":"Feature","ph":"E","ts":4000188,"pid":1296369,"tid":1296369,"args":{"ID":1729382256910286851}},{"name":"FR(FeatureC)","cat":"Feature","ph":"B","ts":4000188,"pid":1296369,"tid":1296369,"args":{"ID":1729382256910303235}},{"name":"FR(FeatureC)","cat":"Feature","ph":"E","ts":5000288,"pid":1296369,"tid":1296369,"args":{"ID":1729382256910303235}},{"name":"FR(FeatureC)","cat":"Feature","ph":"B","ts":5000292,"pid":1296369,"tid":1296369,"args":{"ID":1729382256910368771}},{"name":"FR(FeatureC)","cat":"Feature","ph":"E","ts":5000293,"pid":1296369,"tid":1296369,"args":{"ID":1729382256910368771}},{"name":"Base","cat":"Feature","ph":"E","ts":5000293,"pid":1296369,"tid":1296369,"args":{"ID":0}}],"stackFrames":{},"timestampUnit":"us"}