{ "traceEvents":[{"name":"Base","cat":"Feature","ph":"B","ts":0,"pid":1263849,"tid":1263849,"args":{"ID":0}},{"name":"FR(FeatureB)","cat":"Feature","ph":"B","ts":2000096,"pid":1263849,"tid":1263849,"args":{"ID":1729382256910286851}},{"name":"FR(FeatureB)","cat":"Feature","ph":"E","ts":4000185,"pid":1263849,"tid":1263849,"args":{"ID":1729382256910286851}},{"name":"FR(FeatureC)","cat":"Feature","ph":"B","ts":4000186,"pid":1263849,"tid":1263849,"args":{"ID":1729382256910303235}},{"name":"FR(FeatureC)","cat":"Feature","ph":"E","ts":5000270,"pid":1263849,"tid":1263849,"args":{"ID":1729382256910303235}},{"name":"FR(FeatureC)","cat":"Feature","ph":"B","ts":5000283,"pid":1263849,"tid":1263849,"args":{"ID":1729382256910368771}},{"name":"FR(FeatureC)","cat":"Feature","ph":"E","ts":5000283,"pid":1263849,"tid":1263849,"args":{"ID":1729382256910368771}},{"name":"Base","cat":"Feature","ph":"E","ts":5000284,"pid":1263849,"tid":1263849,"args":{"ID":0}}],"stackFrames":{},"timestampUnit":"us"}