{ "traceEvents":[{"name":"Base","cat":"Feature","ph":"B","ts":0,"pid":1304539,"tid":1304539,"args":{"ID":0}},{"name":"FR(FeatureB)","cat":"Feature","ph":"B","ts":2000113,"pid":1304539,"tid":1304539,"args":{"ID":1729382256910286851}},{"name":"FR(FeatureB)","cat":"Feature","ph":"E","ts":4000220,"pid":1304539,"tid":1304539,"args":{"ID":1729382256910286851}},{"name":"FR(FeatureC)","cat":"Feature","ph":"B","ts":4000221,"pid":1304539,"tid":1304539,"args":{"ID":1729382256910303235}},{"name":"FR(FeatureC)","cat":"Feature","ph":"E","ts":5000321,"pid":1304539,"tid":1304539,"args":{"ID":1729382256910303235}},{"name":"FR(FeatureC)","cat":"Feature","ph":"B","ts":5000325,"pid":1304539,"tid":1304539,"args":{"ID":1729382256910368771}},{"name":"FR(FeatureC)","cat":"Feature","ph":"E","ts":5000326,"pid":1304539,"tid":1304539,"args":{"ID":1729382256910368771}},{"name":"Base","cat":"Feature","ph":"E","ts":5000326,"pid":1304539,"tid":1304539,"args":{"ID":0}}],"stackFrames":{},"timestampUnit":"us"}