{ "traceEvents":[{"name":"Base","cat":"Feature","ph":"B","ts":0,"pid":1289398,"tid":1289398,"args":{"ID":0}},{"name":"FR(FeatureB)","cat":"Feature","ph":"B","ts":2000124,"pid":1289398,"tid":1289398,"args":{"ID":1729382256910286851}},{"name":"FR(FeatureB)","cat":"Feature","ph":"E","ts":4000232,"pid":1289398,"tid":1289398,"args":{"ID":1729382256910286851}},{"name":"FR(FeatureC)","cat":"Feature","ph":"B","ts":4000233,"pid":1289398,"tid":1289398,"args":{"ID":1729382256910303235}},{"name":"FR(FeatureC)","cat":"Feature","ph":"E","ts":5000335,"pid":1289398,"tid":1289398,"args":{"ID":1729382256910303235}},{"name":"FR(FeatureC)","cat":"Feature","ph":"B","ts":5000342,"pid":1289398,"tid":1289398,"args":{"ID":1729382256910368771}},{"name":"FR(FeatureC)","cat":"Feature","ph":"E","ts":5000343,"pid":1289398,"tid":1289398,"args":{"ID":1729382256910368771}},{"name":"Base","cat":"Feature","ph":"E","ts":5000343,"pid":1289398,"tid":1289398,"args":{"ID":0}}],"stackFrames":{},"timestampUnit":"us"}