{ "traceEvents":[{"name":"Base","cat":"Feature","ph":"B","ts":0,"pid":1297969,"tid":1297969,"args":{"ID":0}},{"name":"FR(FeatureB)","cat":"Feature","ph":"B","ts":2000128,"pid":1297969,"tid":1297969,"args":{"ID":1729382256910286851}},{"name":"FR(FeatureB)","cat":"Feature","ph":"E","ts":4000222,"pid":1297969,"tid":1297969,"args":{"ID":1729382256910286851}},{"name":"FR(FeatureC)","cat":"Feature","ph":"B","ts":4000222,"pid":1297969,"tid":1297969,"args":{"ID":1729382256910303235}},{"name":"FR(FeatureC)","cat":"Feature","ph":"E","ts":5000312,"pid":1297969,"tid":1297969,"args":{"ID":1729382256910303235}},{"name":"FR(FeatureC)","cat":"Feature","ph":"B","ts":5000319,"pid":1297969,"tid":1297969,"args":{"ID":1729382256910368771}},{"name":"FR(FeatureC)","cat":"Feature","ph":"E","ts":5000320,"pid":1297969,"tid":1297969,"args":{"ID":1729382256910368771}},{"name":"Base","cat":"Feature","ph":"E","ts":5000320,"pid":1297969,"tid":1297969,"args":{"ID":0}}],"stackFrames":{},"timestampUnit":"us"}