{ "traceEvents":[{"name":"Base","cat":"Feature","ph":"B","ts":0,"pid":1270660,"tid":1270660,"args":{"ID":0}},{"name":"FR(FeatureB)","cat":"Feature","ph":"B","ts":2000122,"pid":1270660,"tid":1270660,"args":{"ID":1729382256910286851}},{"name":"FR(FeatureB)","cat":"Feature","ph":"E","ts":4000216,"pid":1270660,"tid":1270660,"args":{"ID":1729382256910286851}},{"name":"FR(FeatureC)","cat":"Feature","ph":"B","ts":4000217,"pid":1270660,"tid":1270660,"args":{"ID":1729382256910303235}},{"name":"FR(FeatureC)","cat":"Feature","ph":"E","ts":5000317,"pid":1270660,"tid":1270660,"args":{"ID":1729382256910303235}},{"name":"FR(FeatureC)","cat":"Feature","ph":"B","ts":5000323,"pid":1270660,"tid":1270660,"args":{"ID":1729382256910368771}},{"name":"FR(FeatureC)","cat":"Feature","ph":"E","ts":5000323,"pid":1270660,"tid":1270660,"args":{"ID":1729382256910368771}},{"name":"Base","cat":"Feature","ph":"E","ts":5000324,"pid":1270660,"tid":1270660,"args":{"ID":0}}],"stackFrames":{},"timestampUnit":"us"}