{ "traceEvents":[{"name":"Base","cat":"Feature","ph":"B","ts":0,"pid":921946,"tid":921946,"args":{"ID":0}},{"name":"FR(FeatureA)","cat":"Feature","ph":"B","ts":2000131,"pid":921946,"tid":921946,"args":{"ID":1729382256910270467}},{"name":"FR(FeatureA)","cat":"Feature","ph":"E","ts":3000230,"pid":921946,"tid":921946,"args":{"ID":1729382256910270467}},{"name":"FR(FeatureC)","cat":"Feature","ph":"B","ts":3000231,"pid":921946,"tid":921946,"args":{"ID":1729382256910303235}},{"name":"FR(FeatureC)","cat":"Feature","ph":"E","ts":4000322,"pid":921946,"tid":921946,"args":{"ID":1729382256910303235}},{"name":"FR(FeatureA)","cat":"Feature","ph":"B","ts":4000331,"pid":921946,"tid":921946,"args":{"ID":1729382256910336003}},{"name":"FR(FeatureA)","cat":"Feature","ph":"E","ts":4000331,"pid":921946,"tid":921946,"args":{"ID":1729382256910336003}},{"name":"FR(FeatureC)","cat":"Feature","ph":"B","ts":4000332,"pid":921946,"tid":921946,"args":{"ID":1729382256910368771}},{"name":"FR(FeatureC)","cat":"Feature","ph":"E","ts":4000332,"pid":921946,"tid":921946,"args":{"ID":1729382256910368771}},{"name":"Base","cat":"Feature","ph":"E","ts":4000333,"pid":921946,"tid":921946,"args":{"ID":0}}],"stackFrames":{},"timestampUnit":"us"}