{ "traceEvents":[{"name":"Base","cat":"Feature","ph":"B","ts":0,"pid":949994,"tid":949994,"args":{"ID":0}},{"name":"FR(FeatureA)","cat":"Feature","ph":"B","ts":2000124,"pid":949994,"tid":949994,"args":{"ID":1729382256910270467}},{"name":"FR(FeatureA)","cat":"Feature","ph":"E","ts":3000219,"pid":949994,"tid":949994,"args":{"ID":1729382256910270467}},{"name":"FR(FeatureC)","cat":"Feature","ph":"B","ts":3000220,"pid":949994,"tid":949994,"args":{"ID":1729382256910303235}},{"name":"FR(FeatureC)","cat":"Feature","ph":"E","ts":4000311,"pid":949994,"tid":949994,"args":{"ID":1729382256910303235}},{"name":"FR(FeatureA)","cat":"Feature","ph":"B","ts":4000320,"pid":949994,"tid":949994,"args":{"ID":1729382256910336003}},{"name":"FR(FeatureA)","cat":"Feature","ph":"E","ts":4000321,"pid":949994,"tid":949994,"args":{"ID":1729382256910336003}},{"name":"FR(FeatureC)","cat":"Feature","ph":"B","ts":4000321,"pid":949994,"tid":949994,"args":{"ID":1729382256910368771}},{"name":"FR(FeatureC)","cat":"Feature","ph":"E","ts":4000321,"pid":949994,"tid":949994,"args":{"ID":1729382256910368771}},{"name":"Base","cat":"Feature","ph":"E","ts":4000322,"pid":949994,"tid":949994,"args":{"ID":0}}],"stackFrames":{},"timestampUnit":"us"}