{ "traceEvents":[{"name":"Base","cat":"Feature","ph":"B","ts":0,"pid":972189,"tid":972189,"args":{"ID":0}},{"name":"FR(FeatureA)","cat":"Feature","ph":"B","ts":2000102,"pid":972189,"tid":972189,"args":{"ID":1729382256910270467}},{"name":"FR(FeatureA)","cat":"Feature","ph":"E","ts":3000187,"pid":972189,"tid":972189,"args":{"ID":1729382256910270467}},{"name":"FR(FeatureC)","cat":"Feature","ph":"B","ts":3000188,"pid":972189,"tid":972189,"args":{"ID":1729382256910303235}},{"name":"FR(FeatureC)","cat":"Feature","ph":"E","ts":4000267,"pid":972189,"tid":972189,"args":{"ID":1729382256910303235}},{"name":"FR(FeatureA)","cat":"Feature","ph":"B","ts":4000274,"pid":972189,"tid":972189,"args":{"ID":1729382256910336003}},{"name":"FR(FeatureA)","cat":"Feature","ph":"E","ts":4000274,"pid":972189,"tid":972189,"args":{"ID":1729382256910336003}},{"name":"FR(FeatureC)","cat":"Feature","ph":"B","ts":4000274,"pid":972189,"tid":972189,"args":{"ID":1729382256910368771}},{"name":"FR(FeatureC)","cat":"Feature","ph":"E","ts":4000275,"pid":972189,"tid":972189,"args":{"ID":1729382256910368771}},{"name":"Base","cat":"Feature","ph":"E","ts":4000275,"pid":972189,"tid":972189,"args":{"ID":0}}],"stackFrames":{},"timestampUnit":"us"}