{ "traceEvents":[{"name":"Base","cat":"Feature","ph":"B","ts":0,"pid":954066,"tid":954066,"args":{"ID":0}},{"name":"FR(FeatureA)","cat":"Feature","ph":"B","ts":2000117,"pid":954066,"tid":954066,"args":{"ID":1729382256910270467}},{"name":"FR(FeatureA)","cat":"Feature","ph":"E","ts":3000210,"pid":954066,"tid":954066,"args":{"ID":1729382256910270467}},{"name":"FR(FeatureC)","cat":"Feature","ph":"B","ts":3000211,"pid":954066,"tid":954066,"args":{"ID":1729382256910303235}},{"name":"FR(FeatureC)","cat":"Feature","ph":"E","ts":4000288,"pid":954066,"tid":954066,"args":{"ID":1729382256910303235}},{"name":"FR(FeatureA)","cat":"Feature","ph":"B","ts":4000294,"pid":954066,"tid":954066,"args":{"ID":1729382256910336003}},{"name":"FR(FeatureA)","cat":"Feature","ph":"E","ts":4000295,"pid":954066,"tid":954066,"args":{"ID":1729382256910336003}},{"name":"FR(FeatureC)","cat":"Feature","ph":"B","ts":4000295,"pid":954066,"tid":954066,"args":{"ID":1729382256910368771}},{"name":"FR(FeatureC)","cat":"Feature","ph":"E","ts":4000296,"pid":954066,"tid":954066,"args":{"ID":1729382256910368771}},{"name":"Base","cat":"Feature","ph":"E","ts":4000296,"pid":954066,"tid":954066,"args":{"ID":0}}],"stackFrames":{},"timestampUnit":"us"}