{ "traceEvents":[{"name":"Base","cat":"Feature","ph":"B","ts":0,"pid":970194,"tid":970194,"args":{"ID":0}},{"name":"FR(FeatureA)","cat":"Feature","ph":"B","ts":2000102,"pid":970194,"tid":970194,"args":{"ID":1729382256910270467}},{"name":"FR(FeatureA)","cat":"Feature","ph":"E","ts":3000192,"pid":970194,"tid":970194,"args":{"ID":1729382256910270467}},{"name":"FR(FeatureC)","cat":"Feature","ph":"B","ts":3000192,"pid":970194,"tid":970194,"args":{"ID":1729382256910303235}},{"name":"FR(FeatureC)","cat":"Feature","ph":"E","ts":4000274,"pid":970194,"tid":970194,"args":{"ID":1729382256910303235}},{"name":"FR(FeatureA)","cat":"Feature","ph":"B","ts":4000280,"pid":970194,"tid":970194,"args":{"ID":1729382256910336003}},{"name":"FR(FeatureA)","cat":"Feature","ph":"E","ts":4000280,"pid":970194,"tid":970194,"args":{"ID":1729382256910336003}},{"name":"FR(FeatureC)","cat":"Feature","ph":"B","ts":4000281,"pid":970194,"tid":970194,"args":{"ID":1729382256910368771}},{"name":"FR(FeatureC)","cat":"Feature","ph":"E","ts":4000281,"pid":970194,"tid":970194,"args":{"ID":1729382256910368771}},{"name":"Base","cat":"Feature","ph":"E","ts":4000281,"pid":970194,"tid":970194,"args":{"ID":0}}],"stackFrames":{},"timestampUnit":"us"}