{ "traceEvents":[{"name":"Base","cat":"Feature","ph":"B","ts":0,"pid":940125,"tid":940125,"args":{"ID":0}},{"name":"FR(FeatureA)","cat":"Feature","ph":"B","ts":2000109,"pid":940125,"tid":940125,"args":{"ID":1729382256910270467}},{"name":"FR(FeatureA)","cat":"Feature","ph":"E","ts":3000196,"pid":940125,"tid":940125,"args":{"ID":1729382256910270467}},{"name":"FR(FeatureC)","cat":"Feature","ph":"B","ts":3000197,"pid":940125,"tid":940125,"args":{"ID":1729382256910303235}},{"name":"FR(FeatureC)","cat":"Feature","ph":"E","ts":4000277,"pid":940125,"tid":940125,"args":{"ID":1729382256910303235}},{"name":"FR(FeatureA)","cat":"Feature","ph":"B","ts":4000282,"pid":940125,"tid":940125,"args":{"ID":1729382256910336003}},{"name":"FR(FeatureA)","cat":"Feature","ph":"E","ts":4000282,"pid":940125,"tid":940125,"args":{"ID":1729382256910336003}},{"name":"FR(FeatureC)","cat":"Feature","ph":"B","ts":4000282,"pid":940125,"tid":940125,"args":{"ID":1729382256910368771}},{"name":"FR(FeatureC)","cat":"Feature","ph":"E","ts":4000282,"pid":940125,"tid":940125,"args":{"ID":1729382256910368771}},{"name":"Base","cat":"Feature","ph":"E","ts":4000283,"pid":940125,"tid":940125,"args":{"ID":0}}],"stackFrames":{},"timestampUnit":"us"}