{ "traceEvents":[{"name":"Base","cat":"Feature","ph":"B","ts":0,"pid":948069,"tid":948069,"args":{"ID":0}},{"name":"FR(FeatureA)","cat":"Feature","ph":"B","ts":2000121,"pid":948069,"tid":948069,"args":{"ID":1729382256910270467}},{"name":"FR(FeatureA)","cat":"Feature","ph":"E","ts":3000216,"pid":948069,"tid":948069,"args":{"ID":1729382256910270467}},{"name":"FR(FeatureC)","cat":"Feature","ph":"B","ts":3000216,"pid":948069,"tid":948069,"args":{"ID":1729382256910303235}},{"name":"FR(FeatureC)","cat":"Feature","ph":"E","ts":4000324,"pid":948069,"tid":948069,"args":{"ID":1729382256910303235}},{"name":"FR(FeatureA)","cat":"Feature","ph":"B","ts":4000332,"pid":948069,"tid":948069,"args":{"ID":1729382256910336003}},{"name":"FR(FeatureA)","cat":"Feature","ph":"E","ts":4000332,"pid":948069,"tid":948069,"args":{"ID":1729382256910336003}},{"name":"FR(FeatureC)","cat":"Feature","ph":"B","ts":4000333,"pid":948069,"tid":948069,"args":{"ID":1729382256910368771}},{"name":"FR(FeatureC)","cat":"Feature","ph":"E","ts":4000333,"pid":948069,"tid":948069,"args":{"ID":1729382256910368771}},{"name":"Base","cat":"Feature","ph":"E","ts":4000334,"pid":948069,"tid":948069,"args":{"ID":0}}],"stackFrames":{},"timestampUnit":"us"}