{ "traceEvents":[{"name":"Base","cat":"Feature","ph":"B","ts":0,"pid":946131,"tid":946131,"args":{"ID":0}},{"name":"FR(FeatureA)","cat":"Feature","ph":"B","ts":2000100,"pid":946131,"tid":946131,"args":{"ID":1729382256910270467}},{"name":"FR(FeatureA)","cat":"Feature","ph":"E","ts":3000181,"pid":946131,"tid":946131,"args":{"ID":1729382256910270467}},{"name":"FR(FeatureC)","cat":"Feature","ph":"B","ts":3000182,"pid":946131,"tid":946131,"args":{"ID":1729382256910303235}},{"name":"FR(FeatureC)","cat":"Feature","ph":"E","ts":4000254,"pid":946131,"tid":946131,"args":{"ID":1729382256910303235}},{"name":"FR(FeatureA)","cat":"Feature","ph":"B","ts":4000259,"pid":946131,"tid":946131,"args":{"ID":1729382256910336003}},{"name":"FR(FeatureA)","cat":"Feature","ph":"E","ts":4000260,"pid":946131,"tid":946131,"args":{"ID":1729382256910336003}},{"name":"FR(FeatureC)","cat":"Feature","ph":"B","ts":4000260,"pid":946131,"tid":946131,"args":{"ID":1729382256910368771}},{"name":"FR(FeatureC)","cat":"Feature","ph":"E","ts":4000260,"pid":946131,"tid":946131,"args":{"ID":1729382256910368771}},{"name":"Base","cat":"Feature","ph":"E","ts":4000260,"pid":946131,"tid":946131,"args":{"ID":0}}],"stackFrames":{},"timestampUnit":"us"}