{ "traceEvents":[{"name":"Base","cat":"Feature","ph":"B","ts":0,"pid":925933,"tid":925933,"args":{"ID":0}},{"name":"FR(FeatureA)","cat":"Feature","ph":"B","ts":2000114,"pid":925933,"tid":925933,"args":{"ID":1729382256910270467}},{"name":"FR(FeatureA)","cat":"Feature","ph":"E","ts":3000206,"pid":925933,"tid":925933,"args":{"ID":1729382256910270467}},{"name":"FR(FeatureC)","cat":"Feature","ph":"B","ts":3000207,"pid":925933,"tid":925933,"args":{"ID":1729382256910303235}},{"name":"FR(FeatureC)","cat":"Feature","ph":"E","ts":4000290,"pid":925933,"tid":925933,"args":{"ID":1729382256910303235}},{"name":"FR(FeatureA)","cat":"Feature","ph":"B","ts":4000297,"pid":925933,"tid":925933,"args":{"ID":1729382256910336003}},{"name":"FR(FeatureA)","cat":"Feature","ph":"E","ts":4000298,"pid":925933,"tid":925933,"args":{"ID":1729382256910336003}},{"name":"FR(FeatureC)","cat":"Feature","ph":"B","ts":4000298,"pid":925933,"tid":925933,"args":{"ID":1729382256910368771}},{"name":"FR(FeatureC)","cat":"Feature","ph":"E","ts":4000299,"pid":925933,"tid":925933,"args":{"ID":1729382256910368771}},{"name":"Base","cat":"Feature","ph":"E","ts":4000299,"pid":925933,"tid":925933,"args":{"ID":0}}],"stackFrames":{},"timestampUnit":"us"}