{ "traceEvents":[{"name":"Base","cat":"Feature","ph":"B","ts":0,"pid":968138,"tid":968138,"args":{"ID":0}},{"name":"FR(FeatureA)","cat":"Feature","ph":"B","ts":2000116,"pid":968138,"tid":968138,"args":{"ID":1729382256910270467}},{"name":"FR(FeatureA)","cat":"Feature","ph":"E","ts":3000217,"pid":968138,"tid":968138,"args":{"ID":1729382256910270467}},{"name":"FR(FeatureC)","cat":"Feature","ph":"B","ts":3000218,"pid":968138,"tid":968138,"args":{"ID":1729382256910303235}},{"name":"FR(FeatureC)","cat":"Feature","ph":"E","ts":4000305,"pid":968138,"tid":968138,"args":{"ID":1729382256910303235}},{"name":"FR(FeatureA)","cat":"Feature","ph":"B","ts":4000315,"pid":968138,"tid":968138,"args":{"ID":1729382256910336003}},{"name":"FR(FeatureA)","cat":"Feature","ph":"E","ts":4000315,"pid":968138,"tid":968138,"args":{"ID":1729382256910336003}},{"name":"FR(FeatureC)","cat":"Feature","ph":"B","ts":4000316,"pid":968138,"tid":968138,"args":{"ID":1729382256910368771}},{"name":"FR(FeatureC)","cat":"Feature","ph":"E","ts":4000316,"pid":968138,"tid":968138,"args":{"ID":1729382256910368771}},{"name":"Base","cat":"Feature","ph":"E","ts":4000317,"pid":968138,"tid":968138,"args":{"ID":0}}],"stackFrames":{},"timestampUnit":"us"}