{ "traceEvents":[{"name":"Base","cat":"Feature","ph":"B","ts":0,"pid":930024,"tid":930024,"args":{"ID":0}},{"name":"FR(FeatureA)","cat":"Feature","ph":"B","ts":2000129,"pid":930024,"tid":930024,"args":{"ID":1729382256910270467}},{"name":"FR(FeatureA)","cat":"Feature","ph":"E","ts":3000226,"pid":930024,"tid":930024,"args":{"ID":1729382256910270467}},{"name":"FR(FeatureC)","cat":"Feature","ph":"B","ts":3000226,"pid":930024,"tid":930024,"args":{"ID":1729382256910303235}},{"name":"FR(FeatureC)","cat":"Feature","ph":"E","ts":4000280,"pid":930024,"tid":930024,"args":{"ID":1729382256910303235}},{"name":"FR(FeatureA)","cat":"Feature","ph":"B","ts":4000286,"pid":930024,"tid":930024,"args":{"ID":1729382256910336003}},{"name":"FR(FeatureA)","cat":"Feature","ph":"E","ts":4000287,"pid":930024,"tid":930024,"args":{"ID":1729382256910336003}},{"name":"FR(FeatureC)","cat":"Feature","ph":"B","ts":4000287,"pid":930024,"tid":930024,"args":{"ID":1729382256910368771}},{"name":"FR(FeatureC)","cat":"Feature","ph":"E","ts":4000287,"pid":930024,"tid":930024,"args":{"ID":1729382256910368771}},{"name":"Base","cat":"Feature","ph":"E","ts":4000288,"pid":930024,"tid":930024,"args":{"ID":0}}],"stackFrames":{},"timestampUnit":"us"}