{ "traceEvents":[{"name":"Base","cat":"Feature","ph":"B","ts":0,"pid":951985,"tid":951985,"args":{"ID":0}},{"name":"FR(FeatureA)","cat":"Feature","ph":"B","ts":2000125,"pid":951985,"tid":951985,"args":{"ID":1729382256910270467}},{"name":"FR(FeatureA)","cat":"Feature","ph":"E","ts":3000224,"pid":951985,"tid":951985,"args":{"ID":1729382256910270467}},{"name":"FR(FeatureC)","cat":"Feature","ph":"B","ts":3000225,"pid":951985,"tid":951985,"args":{"ID":1729382256910303235}},{"name":"FR(FeatureC)","cat":"Feature","ph":"E","ts":4000313,"pid":951985,"tid":951985,"args":{"ID":1729382256910303235}},{"name":"FR(FeatureA)","cat":"Feature","ph":"B","ts":4000321,"pid":951985,"tid":951985,"args":{"ID":1729382256910336003}},{"name":"FR(FeatureA)","cat":"Feature","ph":"E","ts":4000322,"pid":951985,"tid":951985,"args":{"ID":1729382256910336003}},{"name":"FR(FeatureC)","cat":"Feature","ph":"B","ts":4000322,"pid":951985,"tid":951985,"args":{"ID":1729382256910368771}},{"name":"FR(FeatureC)","cat":"Feature","ph":"E","ts":4000323,"pid":951985,"tid":951985,"args":{"ID":1729382256910368771}},{"name":"Base","cat":"Feature","ph":"E","ts":4000323,"pid":951985,"tid":951985,"args":{"ID":0}}],"stackFrames":{},"timestampUnit":"us"}