{ "traceEvents":[{"name":"Base","cat":"Feature","ph":"B","ts":0,"pid":942086,"tid":942086,"args":{"ID":0}},{"name":"FR(FeatureA)","cat":"Feature","ph":"B","ts":2000110,"pid":942086,"tid":942086,"args":{"ID":1729382256910270467}},{"name":"FR(FeatureA)","cat":"Feature","ph":"E","ts":3000207,"pid":942086,"tid":942086,"args":{"ID":1729382256910270467}},{"name":"FR(FeatureC)","cat":"Feature","ph":"B","ts":3000208,"pid":942086,"tid":942086,"args":{"ID":1729382256910303235}},{"name":"FR(FeatureC)","cat":"Feature","ph":"E","ts":4000291,"pid":942086,"tid":942086,"args":{"ID":1729382256910303235}},{"name":"FR(FeatureA)","cat":"Feature","ph":"B","ts":4000300,"pid":942086,"tid":942086,"args":{"ID":1729382256910336003}},{"name":"FR(FeatureA)","cat":"Feature","ph":"E","ts":4000301,"pid":942086,"tid":942086,"args":{"ID":1729382256910336003}},{"name":"FR(FeatureC)","cat":"Feature","ph":"B","ts":4000302,"pid":942086,"tid":942086,"args":{"ID":1729382256910368771}},{"name":"FR(FeatureC)","cat":"Feature","ph":"E","ts":4000302,"pid":942086,"tid":942086,"args":{"ID":1729382256910368771}},{"name":"Base","cat":"Feature","ph":"E","ts":4000303,"pid":942086,"tid":942086,"args":{"ID":0}}],"stackFrames":{},"timestampUnit":"us"}