{ "traceEvents":[{"name":"Base","cat":"Feature","ph":"B","ts":0,"pid":962082,"tid":962082,"args":{"ID":0}},{"name":"FR(FeatureA)","cat":"Feature","ph":"B","ts":2000101,"pid":962082,"tid":962082,"args":{"ID":1729382256910270467}},{"name":"FR(FeatureA)","cat":"Feature","ph":"E","ts":3000189,"pid":962082,"tid":962082,"args":{"ID":1729382256910270467}},{"name":"FR(FeatureC)","cat":"Feature","ph":"B","ts":3000190,"pid":962082,"tid":962082,"args":{"ID":1729382256910303235}},{"name":"FR(FeatureC)","cat":"Feature","ph":"E","ts":4000273,"pid":962082,"tid":962082,"args":{"ID":1729382256910303235}},{"name":"FR(FeatureA)","cat":"Feature","ph":"B","ts":4000280,"pid":962082,"tid":962082,"args":{"ID":1729382256910336003}},{"name":"FR(FeatureA)","cat":"Feature","ph":"E","ts":4000281,"pid":962082,"tid":962082,"args":{"ID":1729382256910336003}},{"name":"FR(FeatureC)","cat":"Feature","ph":"B","ts":4000281,"pid":962082,"tid":962082,"args":{"ID":1729382256910368771}},{"name":"FR(FeatureC)","cat":"Feature","ph":"E","ts":4000282,"pid":962082,"tid":962082,"args":{"ID":1729382256910368771}},{"name":"Base","cat":"Feature","ph":"E","ts":4000282,"pid":962082,"tid":962082,"args":{"ID":0}}],"stackFrames":{},"timestampUnit":"us"}