{ "traceEvents":[{"name":"Base","cat":"Feature","ph":"B","ts":0,"pid":958113,"tid":958113,"args":{"ID":0}},{"name":"FR(FeatureA)","cat":"Feature","ph":"B","ts":2000140,"pid":958113,"tid":958113,"args":{"ID":1729382256910270467}},{"name":"FR(FeatureA)","cat":"Feature","ph":"E","ts":3000238,"pid":958113,"tid":958113,"args":{"ID":1729382256910270467}},{"name":"FR(FeatureC)","cat":"Feature","ph":"B","ts":3000238,"pid":958113,"tid":958113,"args":{"ID":1729382256910303235}},{"name":"FR(FeatureC)","cat":"Feature","ph":"E","ts":4000331,"pid":958113,"tid":958113,"args":{"ID":1729382256910303235}},{"name":"FR(FeatureA)","cat":"Feature","ph":"B","ts":4000339,"pid":958113,"tid":958113,"args":{"ID":1729382256910336003}},{"name":"FR(FeatureA)","cat":"Feature","ph":"E","ts":4000340,"pid":958113,"tid":958113,"args":{"ID":1729382256910336003}},{"name":"FR(FeatureC)","cat":"Feature","ph":"B","ts":4000341,"pid":958113,"tid":958113,"args":{"ID":1729382256910368771}},{"name":"FR(FeatureC)","cat":"Feature","ph":"E","ts":4000341,"pid":958113,"tid":958113,"args":{"ID":1729382256910368771}},{"name":"Base","cat":"Feature","ph":"E","ts":4000342,"pid":958113,"tid":958113,"args":{"ID":0}}],"stackFrames":{},"timestampUnit":"us"}