{ "traceEvents":[{"name":"Base","cat":"Feature","ph":"B","ts":0,"pid":915655,"tid":915655,"args":{"ID":0}},{"name":"FR(FeatureA)","cat":"Feature","ph":"B","ts":2000084,"pid":915655,"tid":915655,"args":{"ID":1729382256910270467}},{"name":"FR(FeatureA)","cat":"Feature","ph":"E","ts":3000180,"pid":915655,"tid":915655,"args":{"ID":1729382256910270467}},{"name":"FR(FeatureC)","cat":"Feature","ph":"B","ts":3000181,"pid":915655,"tid":915655,"args":{"ID":1729382256910303235}},{"name":"FR(FeatureC)","cat":"Feature","ph":"E","ts":4000267,"pid":915655,"tid":915655,"args":{"ID":1729382256910303235}},{"name":"FR(FeatureA)","cat":"Feature","ph":"B","ts":4000274,"pid":915655,"tid":915655,"args":{"ID":1729382256910336003}},{"name":"FR(FeatureA)","cat":"Feature","ph":"E","ts":4000275,"pid":915655,"tid":915655,"args":{"ID":1729382256910336003}},{"name":"FR(FeatureC)","cat":"Feature","ph":"B","ts":4000275,"pid":915655,"tid":915655,"args":{"ID":1729382256910368771}},{"name":"FR(FeatureC)","cat":"Feature","ph":"E","ts":4000276,"pid":915655,"tid":915655,"args":{"ID":1729382256910368771}},{"name":"Base","cat":"Feature","ph":"E","ts":4000276,"pid":915655,"tid":915655,"args":{"ID":0}}],"stackFrames":{},"timestampUnit":"us"}