{ "traceEvents":[{"name":"Base","cat":"Feature","ph":"B","ts":0,"pid":944244,"tid":944244,"args":{"ID":0}},{"name":"FR(FeatureA)","cat":"Feature","ph":"B","ts":2000134,"pid":944244,"tid":944244,"args":{"ID":1729382256910270467}},{"name":"FR(FeatureA)","cat":"Feature","ph":"E","ts":3000241,"pid":944244,"tid":944244,"args":{"ID":1729382256910270467}},{"name":"FR(FeatureC)","cat":"Feature","ph":"B","ts":3000241,"pid":944244,"tid":944244,"args":{"ID":1729382256910303235}},{"name":"FR(FeatureC)","cat":"Feature","ph":"E","ts":4000340,"pid":944244,"tid":944244,"args":{"ID":1729382256910303235}},{"name":"FR(FeatureA)","cat":"Feature","ph":"B","ts":4000355,"pid":944244,"tid":944244,"args":{"ID":1729382256910336003}},{"name":"FR(FeatureA)","cat":"Feature","ph":"E","ts":4000356,"pid":944244,"tid":944244,"args":{"ID":1729382256910336003}},{"name":"FR(FeatureC)","cat":"Feature","ph":"B","ts":4000356,"pid":944244,"tid":944244,"args":{"ID":1729382256910368771}},{"name":"FR(FeatureC)","cat":"Feature","ph":"E","ts":4000357,"pid":944244,"tid":944244,"args":{"ID":1729382256910368771}},{"name":"Base","cat":"Feature","ph":"E","ts":4000357,"pid":944244,"tid":944244,"args":{"ID":0}}],"stackFrames":{},"timestampUnit":"us"}