{ "traceEvents":[{"name":"Base","cat":"Feature","ph":"B","ts":0,"pid":923938,"tid":923938,"args":{"ID":0}},{"name":"FR(FeatureA)","cat":"Feature","ph":"B","ts":2000124,"pid":923938,"tid":923938,"args":{"ID":1729382256910270467}},{"name":"FR(FeatureA)","cat":"Feature","ph":"E","ts":3000228,"pid":923938,"tid":923938,"args":{"ID":1729382256910270467}},{"name":"FR(FeatureC)","cat":"Feature","ph":"B","ts":3000229,"pid":923938,"tid":923938,"args":{"ID":1729382256910303235}},{"name":"FR(FeatureC)","cat":"Feature","ph":"E","ts":4000319,"pid":923938,"tid":923938,"args":{"ID":1729382256910303235}},{"name":"FR(FeatureA)","cat":"Feature","ph":"B","ts":4000327,"pid":923938,"tid":923938,"args":{"ID":1729382256910336003}},{"name":"FR(FeatureA)","cat":"Feature","ph":"E","ts":4000328,"pid":923938,"tid":923938,"args":{"ID":1729382256910336003}},{"name":"FR(FeatureC)","cat":"Feature","ph":"B","ts":4000328,"pid":923938,"tid":923938,"args":{"ID":1729382256910368771}},{"name":"FR(FeatureC)","cat":"Feature","ph":"E","ts":4000329,"pid":923938,"tid":923938,"args":{"ID":1729382256910368771}},{"name":"Base","cat":"Feature","ph":"E","ts":4000329,"pid":923938,"tid":923938,"args":{"ID":0}}],"stackFrames":{},"timestampUnit":"us"}