{ "traceEvents":[{"name":"Base","cat":"Feature","ph":"B","ts":0,"pid":1099760,"tid":1099760,"args":{"ID":0}},{"name":"FR(FeatureA)","cat":"Feature","ph":"B","ts":2000117,"pid":1099760,"tid":1099760,"args":{"ID":1729382256910270467}},{"name":"FR(FeatureB)","cat":"Feature","ph":"B","ts":2000118,"pid":1099760,"tid":1099760,"args":{"ID":1729382256910286851}},{"name":"FR(FeatureC)","cat":"Feature","ph":"B","ts":2000119,"pid":1099760,"tid":1099760,"args":{"ID":1729382256910303235}},{"name":"FR(FeatureC)","cat":"Feature","ph":"E","ts":2000119,"pid":1099760,"tid":1099760,"args":{"ID":1729382256910303235}},{"name":"FR(FeatureB)","cat":"Feature","ph":"E","ts":2000127,"pid":1099760,"tid":1099760,"args":{"ID":1729382256910286851}},{"name":"FR(FeatureA)","cat":"Feature","ph":"E","ts":2000127,"pid":1099760,"tid":1099760,"args":{"ID":1729382256910270467}},{"name":"FR(FeatureC)","cat":"Feature","ph":"E","ts":2000128,"pid":1099760,"tid":1099760,"args":{"ID":1729382256910303235}},{"name":"FR(FeatureB)","cat":"Feature","ph":"E","ts":2000129,"pid":1099760,"tid":1099760,"args":{"ID":1729382256910286851}},{"name":"FR(FeatureA)","cat":"Feature","ph":"E","ts":2000129,"pid":1099760,"tid":1099760,"args":{"ID":1729382256910270467}},{"name":"FR(FeatureC)","cat":"Feature","ph":"E","ts":4000230,"pid":1099760,"tid":1099760,"args":{"ID":1729382256910303235}},{"name":"FR(FeatureB)","cat":"Feature","ph":"E","ts":4000231,"pid":1099760,"tid":1099760,"args":{"ID":1729382256910286851}},{"name":"FR(FeatureA)","cat":"Feature","ph":"E","ts":4000231,"pid":1099760,"tid":1099760,"args":{"ID":1729382256910270467}},{"name":"FR(FeatureC)","cat":"Feature","ph":"B","ts":4000233,"pid":1099760,"tid":1099760,"args":{"ID":1729382256910352387}},{"name":"FR(FeatureC)","cat":"Feature","ph":"E","ts":4000233,"pid":1099760,"tid":1099760,"args":{"ID":1729382256910352387}},{"name":"FR(FeatureA)","cat":"Feature","ph":"E","ts":4000234,"pid":1099760,"tid":1099760,"args":{"ID":1729382256910319619}},{"name":"FR(FeatureC)","cat":"Feature","ph":"E","ts":4000235,"pid":1099760,"tid":1099760,"args":{"ID":1729382256910303235}},{"name":"FR(FeatureB)","cat":"Feature","ph":"E","ts":4000236,"pid":1099760,"tid":1099760,"args":{"ID":1729382256910286851}},{"name":"FR(FeatureA)","cat":"Feature","ph":"E","ts":4000237,"pid":1099760,"tid":1099760,"args":{"ID":1729382256910270467}},{"name":"Base","cat":"Feature","ph":"E","ts":4000237,"pid":1099760,"tid":1099760,"args":{"ID":0}}],"stackFrames":{},"timestampUnit":"us"}