{ "traceEvents":[{"name":"Base","cat":"Feature","ph":"B","ts":0,"pid":1185668,"tid":1185668,"args":{"ID":0}},{"name":"FR(FeatureA)","cat":"Feature","ph":"B","ts":2000106,"pid":1185668,"tid":1185668,"args":{"ID":1729382256910270467}},{"name":"FR(FeatureB)","cat":"Feature","ph":"B","ts":2000107,"pid":1185668,"tid":1185668,"args":{"ID":1729382256910286851}},{"name":"FR(FeatureB)","cat":"Feature","ph":"E","ts":2000108,"pid":1185668,"tid":1185668,"args":{"ID":1729382256910286851}},{"name":"FR(FeatureA)","cat":"Feature","ph":"E","ts":2000108,"pid":1185668,"tid":1185668,"args":{"ID":1729382256910270467}},{"name":"FR(FeatureC)","cat":"Feature","ph":"B","ts":4000203,"pid":1185668,"tid":1185668,"args":{"ID":1729382256910303235}},{"name":"FR(FeatureC)","cat":"Feature","ph":"E","ts":4000204,"pid":1185668,"tid":1185668,"args":{"ID":1729382256910303235}},{"name":"FR(FeatureB)","cat":"Feature","ph":"E","ts":4000204,"pid":1185668,"tid":1185668,"args":{"ID":1729382256910286851}},{"name":"FR(FeatureA)","cat":"Feature","ph":"E","ts":4000205,"pid":1185668,"tid":1185668,"args":{"ID":1729382256910270467}},{"name":"FR(FeatureC)","cat":"Feature","ph":"E","ts":5000298,"pid":1185668,"tid":1185668,"args":{"ID":1729382256910303235}},{"name":"FR(FeatureB)","cat":"Feature","ph":"E","ts":5000300,"pid":1185668,"tid":1185668,"args":{"ID":1729382256910286851}},{"name":"FR(FeatureA)","cat":"Feature","ph":"E","ts":5000300,"pid":1185668,"tid":1185668,"args":{"ID":1729382256910270467}},{"name":"FR(FeatureC)","cat":"Feature","ph":"E","ts":5000301,"pid":1185668,"tid":1185668,"args":{"ID":1729382256910303235}},{"name":"FR(FeatureB)","cat":"Feature","ph":"E","ts":5000301,"pid":1185668,"tid":1185668,"args":{"ID":1729382256910286851}},{"name":"FR(FeatureA)","cat":"Feature","ph":"E","ts":5000301,"pid":1185668,"tid":1185668,"args":{"ID":1729382256910270467}},{"name":"FR(FeatureC)","cat":"Feature","ph":"E","ts":5000302,"pid":1185668,"tid":1185668,"args":{"ID":1729382256910303235}},{"name":"FR(FeatureB)","cat":"Feature","ph":"E","ts":5000302,"pid":1185668,"tid":1185668,"args":{"ID":1729382256910286851}},{"name":"FR(FeatureA)","cat":"Feature","ph":"E","ts":5000302,"pid":1185668,"tid":1185668,"args":{"ID":1729382256910270467}},{"name":"FR(FeatureC)","cat":"Feature","ph":"B","ts":6000403,"pid":1185668,"tid":1185668,"args":{"ID":1729382256910352387}},{"name":"FR(FeatureC)","cat":"Feature","ph":"E","ts":6000405,"pid":1185668,"tid":1185668,"args":{"ID":1729382256910352387}},{"name":"FR(FeatureA)","cat":"Feature","ph":"E","ts":6000406,"pid":1185668,"tid":1185668,"args":{"ID":1729382256910319619}},{"name":"FR(FeatureC)","cat":"Feature","ph":"E","ts":6000406,"pid":1185668,"tid":1185668,"args":{"ID":1729382256910303235}},{"name":"FR(FeatureB)","cat":"Feature","ph":"E","ts":6000406,"pid":1185668,"tid":1185668,"args":{"ID":1729382256910286851}},{"name":"FR(FeatureA)","cat":"Feature","ph":"E","ts":6000407,"pid":1185668,"tid":1185668,"args":{"ID":1729382256910270467}},{"name":"FR(FeatureC)","cat":"Feature","ph":"E","ts":6000408,"pid":1185668,"tid":1185668,"args":{"ID":1729382256910352387}},{"name":"FR(FeatureA)","cat":"Feature","ph":"E","ts":6000408,"pid":1185668,"tid":1185668,"args":{"ID":1729382256910319619}},{"name":"FR(FeatureC)","cat":"Feature","ph":"E","ts":6000408,"pid":1185668,"tid":1185668,"args":{"ID":1729382256910303235}},{"name":"FR(FeatureB)","cat":"Feature","ph":"E","ts":6000409,"pid":1185668,"tid":1185668,"args":{"ID":1729382256910286851}},{"name":"FR(FeatureA)","cat":"Feature","ph":"E","ts":6000409,"pid":1185668,"tid":1185668,"args":{"ID":1729382256910270467}},{"name":"Base","cat":"Feature","ph":"E","ts":6000409,"pid":1185668,"tid":1185668,"args":{"ID":0}}],"stackFrames":{},"timestampUnit":"us"}