{ "traceEvents":[{"name":"Base","cat":"Feature","ph":"B","ts":0,"pid":1018699,"tid":1018699,"args":{"ID":0}},{"name":"FR(FeatureA)","cat":"Feature","ph":"B","ts":2000114,"pid":1018699,"tid":1018699,"args":{"ID":1729382256910270467}},{"name":"FR(FeatureA)","cat":"Feature","ph":"E","ts":3000229,"pid":1018699,"tid":1018699,"args":{"ID":1729382256910270467}},{"name":"FR(FeatureC)","cat":"Feature","ph":"B","ts":3000230,"pid":1018699,"tid":1018699,"args":{"ID":1729382256910303235}},{"name":"FR(FeatureC)","cat":"Feature","ph":"E","ts":4000315,"pid":1018699,"tid":1018699,"args":{"ID":1729382256910303235}},{"name":"FR(FeatureA)","cat":"Feature","ph":"B","ts":4000323,"pid":1018699,"tid":1018699,"args":{"ID":1729382256910336003}},{"name":"FR(FeatureA)","cat":"Feature","ph":"E","ts":4000323,"pid":1018699,"tid":1018699,"args":{"ID":1729382256910336003}},{"name":"FR(FeatureC)","cat":"Feature","ph":"B","ts":4000324,"pid":1018699,"tid":1018699,"args":{"ID":1729382256910368771}},{"name":"FR(FeatureC)","cat":"Feature","ph":"E","ts":4000324,"pid":1018699,"tid":1018699,"args":{"ID":1729382256910368771}},{"name":"Base","cat":"Feature","ph":"E","ts":4000324,"pid":1018699,"tid":1018699,"args":{"ID":0}}],"stackFrames":{},"timestampUnit":"us"}