{ "traceEvents":[{"name":"Base","cat":"Feature","ph":"B","ts":0,"pid":986619,"tid":986619,"args":{"ID":0}},{"name":"FR(FeatureA)","cat":"Feature","ph":"B","ts":2000122,"pid":986619,"tid":986619,"args":{"ID":1729382256910270467}},{"name":"FR(FeatureA)","cat":"Feature","ph":"E","ts":3000220,"pid":986619,"tid":986619,"args":{"ID":1729382256910270467}},{"name":"FR(FeatureC)","cat":"Feature","ph":"B","ts":3000221,"pid":986619,"tid":986619,"args":{"ID":1729382256910303235}},{"name":"FR(FeatureC)","cat":"Feature","ph":"E","ts":4000308,"pid":986619,"tid":986619,"args":{"ID":1729382256910303235}},{"name":"FR(FeatureA)","cat":"Feature","ph":"B","ts":4000314,"pid":986619,"tid":986619,"args":{"ID":1729382256910336003}},{"name":"FR(FeatureA)","cat":"Feature","ph":"E","ts":4000315,"pid":986619,"tid":986619,"args":{"ID":1729382256910336003}},{"name":"FR(FeatureC)","cat":"Feature","ph":"B","ts":4000315,"pid":986619,"tid":986619,"args":{"ID":1729382256910368771}},{"name":"FR(FeatureC)","cat":"Feature","ph":"E","ts":4000316,"pid":986619,"tid":986619,"args":{"ID":1729382256910368771}},{"name":"Base","cat":"Feature","ph":"E","ts":4000316,"pid":986619,"tid":986619,"args":{"ID":0}}],"stackFrames":{},"timestampUnit":"us"}