{ "traceEvents":[{"name":"Base","cat":"Feature","ph":"B","ts":0,"pid":1028908,"tid":1028908,"args":{"ID":0}},{"name":"FR(FeatureA)","cat":"Feature","ph":"B","ts":2000115,"pid":1028908,"tid":1028908,"args":{"ID":1729382256910270467}},{"name":"FR(FeatureA)","cat":"Feature","ph":"E","ts":3000208,"pid":1028908,"tid":1028908,"args":{"ID":1729382256910270467}},{"name":"FR(FeatureC)","cat":"Feature","ph":"B","ts":3000209,"pid":1028908,"tid":1028908,"args":{"ID":1729382256910303235}},{"name":"FR(FeatureC)","cat":"Feature","ph":"E","ts":4000292,"pid":1028908,"tid":1028908,"args":{"ID":1729382256910303235}},{"name":"FR(FeatureA)","cat":"Feature","ph":"B","ts":4000297,"pid":1028908,"tid":1028908,"args":{"ID":1729382256910336003}},{"name":"FR(FeatureA)","cat":"Feature","ph":"E","ts":4000297,"pid":1028908,"tid":1028908,"args":{"ID":1729382256910336003}},{"name":"FR(FeatureC)","cat":"Feature","ph":"B","ts":4000297,"pid":1028908,"tid":1028908,"args":{"ID":1729382256910368771}},{"name":"FR(FeatureC)","cat":"Feature","ph":"E","ts":4000298,"pid":1028908,"tid":1028908,"args":{"ID":1729382256910368771}},{"name":"Base","cat":"Feature","ph":"E","ts":4000298,"pid":1028908,"tid":1028908,"args":{"ID":0}}],"stackFrames":{},"timestampUnit":"us"}