{ "traceEvents":[{"name":"Base","cat":"Feature","ph":"B","ts":0,"pid":1020728,"tid":1020728,"args":{"ID":0}},{"name":"FR(FeatureA)","cat":"Feature","ph":"B","ts":2000113,"pid":1020728,"tid":1020728,"args":{"ID":1729382256910270467}},{"name":"FR(FeatureA)","cat":"Feature","ph":"E","ts":3000201,"pid":1020728,"tid":1020728,"args":{"ID":1729382256910270467}},{"name":"FR(FeatureC)","cat":"Feature","ph":"B","ts":3000201,"pid":1020728,"tid":1020728,"args":{"ID":1729382256910303235}},{"name":"FR(FeatureC)","cat":"Feature","ph":"E","ts":4000285,"pid":1020728,"tid":1020728,"args":{"ID":1729382256910303235}},{"name":"FR(FeatureA)","cat":"Feature","ph":"B","ts":4000292,"pid":1020728,"tid":1020728,"args":{"ID":1729382256910336003}},{"name":"FR(FeatureA)","cat":"Feature","ph":"E","ts":4000292,"pid":1020728,"tid":1020728,"args":{"ID":1729382256910336003}},{"name":"FR(FeatureC)","cat":"Feature","ph":"B","ts":4000293,"pid":1020728,"tid":1020728,"args":{"ID":1729382256910368771}},{"name":"FR(FeatureC)","cat":"Feature","ph":"E","ts":4000293,"pid":1020728,"tid":1020728,"args":{"ID":1729382256910368771}},{"name":"Base","cat":"Feature","ph":"E","ts":4000294,"pid":1020728,"tid":1020728,"args":{"ID":0}}],"stackFrames":{},"timestampUnit":"us"}