{ "traceEvents":[{"name":"Base","cat":"Feature","ph":"B","ts":0,"pid":1012538,"tid":1012538,"args":{"ID":0}},{"name":"FR(FeatureA)","cat":"Feature","ph":"B","ts":2000119,"pid":1012538,"tid":1012538,"args":{"ID":1729382256910270467}},{"name":"FR(FeatureA)","cat":"Feature","ph":"E","ts":3000214,"pid":1012538,"tid":1012538,"args":{"ID":1729382256910270467}},{"name":"FR(FeatureC)","cat":"Feature","ph":"B","ts":3000215,"pid":1012538,"tid":1012538,"args":{"ID":1729382256910303235}},{"name":"FR(FeatureC)","cat":"Feature","ph":"E","ts":4000301,"pid":1012538,"tid":1012538,"args":{"ID":1729382256910303235}},{"name":"FR(FeatureA)","cat":"Feature","ph":"B","ts":4000308,"pid":1012538,"tid":1012538,"args":{"ID":1729382256910336003}},{"name":"FR(FeatureA)","cat":"Feature","ph":"E","ts":4000308,"pid":1012538,"tid":1012538,"args":{"ID":1729382256910336003}},{"name":"FR(FeatureC)","cat":"Feature","ph":"B","ts":4000309,"pid":1012538,"tid":1012538,"args":{"ID":1729382256910368771}},{"name":"FR(FeatureC)","cat":"Feature","ph":"E","ts":4000309,"pid":1012538,"tid":1012538,"args":{"ID":1729382256910368771}},{"name":"Base","cat":"Feature","ph":"E","ts":4000310,"pid":1012538,"tid":1012538,"args":{"ID":0}}],"stackFrames":{},"timestampUnit":"us"}