{ "traceEvents":[{"name":"Base","cat":"Feature","ph":"B","ts":0,"pid":984638,"tid":984638,"args":{"ID":0}},{"name":"FR(FeatureA)","cat":"Feature","ph":"B","ts":2000118,"pid":984638,"tid":984638,"args":{"ID":1729382256910270467}},{"name":"FR(FeatureA)","cat":"Feature","ph":"E","ts":3000219,"pid":984638,"tid":984638,"args":{"ID":1729382256910270467}},{"name":"FR(FeatureC)","cat":"Feature","ph":"B","ts":3000219,"pid":984638,"tid":984638,"args":{"ID":1729382256910303235}},{"name":"FR(FeatureC)","cat":"Feature","ph":"E","ts":4000308,"pid":984638,"tid":984638,"args":{"ID":1729382256910303235}},{"name":"FR(FeatureA)","cat":"Feature","ph":"B","ts":4000315,"pid":984638,"tid":984638,"args":{"ID":1729382256910336003}},{"name":"FR(FeatureA)","cat":"Feature","ph":"E","ts":4000315,"pid":984638,"tid":984638,"args":{"ID":1729382256910336003}},{"name":"FR(FeatureC)","cat":"Feature","ph":"B","ts":4000316,"pid":984638,"tid":984638,"args":{"ID":1729382256910368771}},{"name":"FR(FeatureC)","cat":"Feature","ph":"E","ts":4000316,"pid":984638,"tid":984638,"args":{"ID":1729382256910368771}},{"name":"Base","cat":"Feature","ph":"E","ts":4000316,"pid":984638,"tid":984638,"args":{"ID":0}}],"stackFrames":{},"timestampUnit":"us"}