{ "traceEvents":[{"name":"Base","cat":"Feature","ph":"B","ts":0,"pid":998659,"tid":998659,"args":{"ID":0}},{"name":"FR(FeatureA)","cat":"Feature","ph":"B","ts":2000119,"pid":998659,"tid":998659,"args":{"ID":1729382256910270467}},{"name":"FR(FeatureA)","cat":"Feature","ph":"E","ts":3000169,"pid":998659,"tid":998659,"args":{"ID":1729382256910270467}},{"name":"FR(FeatureC)","cat":"Feature","ph":"B","ts":3000170,"pid":998659,"tid":998659,"args":{"ID":1729382256910303235}},{"name":"FR(FeatureC)","cat":"Feature","ph":"E","ts":4000240,"pid":998659,"tid":998659,"args":{"ID":1729382256910303235}},{"name":"FR(FeatureA)","cat":"Feature","ph":"B","ts":4000247,"pid":998659,"tid":998659,"args":{"ID":1729382256910336003}},{"name":"FR(FeatureA)","cat":"Feature","ph":"E","ts":4000248,"pid":998659,"tid":998659,"args":{"ID":1729382256910336003}},{"name":"FR(FeatureC)","cat":"Feature","ph":"B","ts":4000248,"pid":998659,"tid":998659,"args":{"ID":1729382256910368771}},{"name":"FR(FeatureC)","cat":"Feature","ph":"E","ts":4000248,"pid":998659,"tid":998659,"args":{"ID":1729382256910368771}},{"name":"Base","cat":"Feature","ph":"E","ts":4000249,"pid":998659,"tid":998659,"args":{"ID":0}}],"stackFrames":{},"timestampUnit":"us"}