{ "traceEvents":[{"name":"Base","cat":"Feature","ph":"B","ts":0,"pid":1032629,"tid":1032629,"args":{"ID":0}},{"name":"FR(FeatureA)","cat":"Feature","ph":"B","ts":2000103,"pid":1032629,"tid":1032629,"args":{"ID":1729382256910270467}},{"name":"FR(FeatureA)","cat":"Feature","ph":"E","ts":3000190,"pid":1032629,"tid":1032629,"args":{"ID":1729382256910270467}},{"name":"FR(FeatureC)","cat":"Feature","ph":"B","ts":3000191,"pid":1032629,"tid":1032629,"args":{"ID":1729382256910303235}},{"name":"FR(FeatureC)","cat":"Feature","ph":"E","ts":4000274,"pid":1032629,"tid":1032629,"args":{"ID":1729382256910303235}},{"name":"FR(FeatureA)","cat":"Feature","ph":"B","ts":4000286,"pid":1032629,"tid":1032629,"args":{"ID":1729382256910336003}},{"name":"FR(FeatureA)","cat":"Feature","ph":"E","ts":4000287,"pid":1032629,"tid":1032629,"args":{"ID":1729382256910336003}},{"name":"FR(FeatureC)","cat":"Feature","ph":"B","ts":4000287,"pid":1032629,"tid":1032629,"args":{"ID":1729382256910368771}},{"name":"FR(FeatureC)","cat":"Feature","ph":"E","ts":4000288,"pid":1032629,"tid":1032629,"args":{"ID":1729382256910368771}},{"name":"Base","cat":"Feature","ph":"E","ts":4000289,"pid":1032629,"tid":1032629,"args":{"ID":0}}],"stackFrames":{},"timestampUnit":"us"}