{ "traceEvents":[{"name":"Base","cat":"Feature","ph":"B","ts":0,"pid":996593,"tid":996593,"args":{"ID":0}},{"name":"FR(FeatureA)","cat":"Feature","ph":"B","ts":2000149,"pid":996593,"tid":996593,"args":{"ID":1729382256910270467}},{"name":"FR(FeatureA)","cat":"Feature","ph":"E","ts":3000236,"pid":996593,"tid":996593,"args":{"ID":1729382256910270467}},{"name":"FR(FeatureC)","cat":"Feature","ph":"B","ts":3000236,"pid":996593,"tid":996593,"args":{"ID":1729382256910303235}},{"name":"FR(FeatureC)","cat":"Feature","ph":"E","ts":4000321,"pid":996593,"tid":996593,"args":{"ID":1729382256910303235}},{"name":"FR(FeatureA)","cat":"Feature","ph":"B","ts":4000329,"pid":996593,"tid":996593,"args":{"ID":1729382256910336003}},{"name":"FR(FeatureA)","cat":"Feature","ph":"E","ts":4000330,"pid":996593,"tid":996593,"args":{"ID":1729382256910336003}},{"name":"FR(FeatureC)","cat":"Feature","ph":"B","ts":4000330,"pid":996593,"tid":996593,"args":{"ID":1729382256910368771}},{"name":"FR(FeatureC)","cat":"Feature","ph":"E","ts":4000331,"pid":996593,"tid":996593,"args":{"ID":1729382256910368771}},{"name":"Base","cat":"Feature","ph":"E","ts":4000331,"pid":996593,"tid":996593,"args":{"ID":0}}],"stackFrames":{},"timestampUnit":"us"}