{ "traceEvents":[{"name":"Base","cat":"Feature","ph":"B","ts":0,"pid":976274,"tid":976274,"args":{"ID":0}},{"name":"FR(FeatureA)","cat":"Feature","ph":"B","ts":2000117,"pid":976274,"tid":976274,"args":{"ID":1729382256910270467}},{"name":"FR(FeatureA)","cat":"Feature","ph":"E","ts":3000204,"pid":976274,"tid":976274,"args":{"ID":1729382256910270467}},{"name":"FR(FeatureC)","cat":"Feature","ph":"B","ts":3000205,"pid":976274,"tid":976274,"args":{"ID":1729382256910303235}},{"name":"FR(FeatureC)","cat":"Feature","ph":"E","ts":4000279,"pid":976274,"tid":976274,"args":{"ID":1729382256910303235}},{"name":"FR(FeatureA)","cat":"Feature","ph":"B","ts":4000285,"pid":976274,"tid":976274,"args":{"ID":1729382256910336003}},{"name":"FR(FeatureA)","cat":"Feature","ph":"E","ts":4000286,"pid":976274,"tid":976274,"args":{"ID":1729382256910336003}},{"name":"FR(FeatureC)","cat":"Feature","ph":"B","ts":4000286,"pid":976274,"tid":976274,"args":{"ID":1729382256910368771}},{"name":"FR(FeatureC)","cat":"Feature","ph":"E","ts":4000286,"pid":976274,"tid":976274,"args":{"ID":1729382256910368771}},{"name":"Base","cat":"Feature","ph":"E","ts":4000287,"pid":976274,"tid":976274,"args":{"ID":0}}],"stackFrames":{},"timestampUnit":"us"}