{ "traceEvents":[{"name":"Base","cat":"Feature","ph":"B","ts":0,"pid":1014776,"tid":1014776,"args":{"ID":0}},{"name":"FR(FeatureA)","cat":"Feature","ph":"B","ts":2000122,"pid":1014776,"tid":1014776,"args":{"ID":1729382256910270467}},{"name":"FR(FeatureA)","cat":"Feature","ph":"E","ts":3000225,"pid":1014776,"tid":1014776,"args":{"ID":1729382256910270467}},{"name":"FR(FeatureC)","cat":"Feature","ph":"B","ts":3000225,"pid":1014776,"tid":1014776,"args":{"ID":1729382256910303235}},{"name":"FR(FeatureC)","cat":"Feature","ph":"E","ts":4000316,"pid":1014776,"tid":1014776,"args":{"ID":1729382256910303235}},{"name":"FR(FeatureA)","cat":"Feature","ph":"B","ts":4000323,"pid":1014776,"tid":1014776,"args":{"ID":1729382256910336003}},{"name":"FR(FeatureA)","cat":"Feature","ph":"E","ts":4000324,"pid":1014776,"tid":1014776,"args":{"ID":1729382256910336003}},{"name":"FR(FeatureC)","cat":"Feature","ph":"B","ts":4000324,"pid":1014776,"tid":1014776,"args":{"ID":1729382256910368771}},{"name":"FR(FeatureC)","cat":"Feature","ph":"E","ts":4000325,"pid":1014776,"tid":1014776,"args":{"ID":1729382256910368771}},{"name":"Base","cat":"Feature","ph":"E","ts":4000325,"pid":1014776,"tid":1014776,"args":{"ID":0}}],"stackFrames":{},"timestampUnit":"us"}