{ "traceEvents":[{"name":"Base","cat":"Feature","ph":"B","ts":0,"pid":1026859,"tid":1026859,"args":{"ID":0}},{"name":"FR(FeatureA)","cat":"Feature","ph":"B","ts":2000117,"pid":1026859,"tid":1026859,"args":{"ID":1729382256910270467}},{"name":"FR(FeatureA)","cat":"Feature","ph":"E","ts":3000207,"pid":1026859,"tid":1026859,"args":{"ID":1729382256910270467}},{"name":"FR(FeatureC)","cat":"Feature","ph":"B","ts":3000207,"pid":1026859,"tid":1026859,"args":{"ID":1729382256910303235}},{"name":"FR(FeatureC)","cat":"Feature","ph":"E","ts":4000293,"pid":1026859,"tid":1026859,"args":{"ID":1729382256910303235}},{"name":"FR(FeatureA)","cat":"Feature","ph":"B","ts":4000299,"pid":1026859,"tid":1026859,"args":{"ID":1729382256910336003}},{"name":"FR(FeatureA)","cat":"Feature","ph":"E","ts":4000300,"pid":1026859,"tid":1026859,"args":{"ID":1729382256910336003}},{"name":"FR(FeatureC)","cat":"Feature","ph":"B","ts":4000300,"pid":1026859,"tid":1026859,"args":{"ID":1729382256910368771}},{"name":"FR(FeatureC)","cat":"Feature","ph":"E","ts":4000300,"pid":1026859,"tid":1026859,"args":{"ID":1729382256910368771}},{"name":"Base","cat":"Feature","ph":"E","ts":4000301,"pid":1026859,"tid":1026859,"args":{"ID":0}}],"stackFrames":{},"timestampUnit":"us"}