{ "traceEvents":[{"name":"Base","cat":"Feature","ph":"B","ts":0,"pid":994619,"tid":994619,"args":{"ID":0}},{"name":"FR(FeatureA)","cat":"Feature","ph":"B","ts":2000117,"pid":994619,"tid":994619,"args":{"ID":1729382256910270467}},{"name":"FR(FeatureA)","cat":"Feature","ph":"E","ts":3000205,"pid":994619,"tid":994619,"args":{"ID":1729382256910270467}},{"name":"FR(FeatureC)","cat":"Feature","ph":"B","ts":3000206,"pid":994619,"tid":994619,"args":{"ID":1729382256910303235}},{"name":"FR(FeatureC)","cat":"Feature","ph":"E","ts":4000294,"pid":994619,"tid":994619,"args":{"ID":1729382256910303235}},{"name":"FR(FeatureA)","cat":"Feature","ph":"B","ts":4000301,"pid":994619,"tid":994619,"args":{"ID":1729382256910336003}},{"name":"FR(FeatureA)","cat":"Feature","ph":"E","ts":4000301,"pid":994619,"tid":994619,"args":{"ID":1729382256910336003}},{"name":"FR(FeatureC)","cat":"Feature","ph":"B","ts":4000301,"pid":994619,"tid":994619,"args":{"ID":1729382256910368771}},{"name":"FR(FeatureC)","cat":"Feature","ph":"E","ts":4000302,"pid":994619,"tid":994619,"args":{"ID":1729382256910368771}},{"name":"Base","cat":"Feature","ph":"E","ts":4000302,"pid":994619,"tid":994619,"args":{"ID":0}}],"stackFrames":{},"timestampUnit":"us"}