{ "traceEvents":[{"name":"Base","cat":"Feature","ph":"B","ts":0,"pid":1004696,"tid":1004696,"args":{"ID":0}},{"name":"FR(FeatureA)","cat":"Feature","ph":"B","ts":2000120,"pid":1004696,"tid":1004696,"args":{"ID":1729382256910270467}},{"name":"FR(FeatureA)","cat":"Feature","ph":"E","ts":3000216,"pid":1004696,"tid":1004696,"args":{"ID":1729382256910270467}},{"name":"FR(FeatureC)","cat":"Feature","ph":"B","ts":3000217,"pid":1004696,"tid":1004696,"args":{"ID":1729382256910303235}},{"name":"FR(FeatureC)","cat":"Feature","ph":"E","ts":4000298,"pid":1004696,"tid":1004696,"args":{"ID":1729382256910303235}},{"name":"FR(FeatureA)","cat":"Feature","ph":"B","ts":4000305,"pid":1004696,"tid":1004696,"args":{"ID":1729382256910336003}},{"name":"FR(FeatureA)","cat":"Feature","ph":"E","ts":4000305,"pid":1004696,"tid":1004696,"args":{"ID":1729382256910336003}},{"name":"FR(FeatureC)","cat":"Feature","ph":"B","ts":4000306,"pid":1004696,"tid":1004696,"args":{"ID":1729382256910368771}},{"name":"FR(FeatureC)","cat":"Feature","ph":"E","ts":4000306,"pid":1004696,"tid":1004696,"args":{"ID":1729382256910368771}},{"name":"Base","cat":"Feature","ph":"E","ts":4000307,"pid":1004696,"tid":1004696,"args":{"ID":0}}],"stackFrames":{},"timestampUnit":"us"}