{ "traceEvents":[{"name":"Base","cat":"Feature","ph":"B","ts":0,"pid":988648,"tid":988648,"args":{"ID":0}},{"name":"FR(FeatureA)","cat":"Feature","ph":"B","ts":2000122,"pid":988648,"tid":988648,"args":{"ID":1729382256910270467}},{"name":"FR(FeatureA)","cat":"Feature","ph":"E","ts":3000224,"pid":988648,"tid":988648,"args":{"ID":1729382256910270467}},{"name":"FR(FeatureC)","cat":"Feature","ph":"B","ts":3000224,"pid":988648,"tid":988648,"args":{"ID":1729382256910303235}},{"name":"FR(FeatureC)","cat":"Feature","ph":"E","ts":4000317,"pid":988648,"tid":988648,"args":{"ID":1729382256910303235}},{"name":"FR(FeatureA)","cat":"Feature","ph":"B","ts":4000326,"pid":988648,"tid":988648,"args":{"ID":1729382256910336003}},{"name":"FR(FeatureA)","cat":"Feature","ph":"E","ts":4000326,"pid":988648,"tid":988648,"args":{"ID":1729382256910336003}},{"name":"FR(FeatureC)","cat":"Feature","ph":"B","ts":4000327,"pid":988648,"tid":988648,"args":{"ID":1729382256910368771}},{"name":"FR(FeatureC)","cat":"Feature","ph":"E","ts":4000327,"pid":988648,"tid":988648,"args":{"ID":1729382256910368771}},{"name":"Base","cat":"Feature","ph":"E","ts":4000328,"pid":988648,"tid":988648,"args":{"ID":0}}],"stackFrames":{},"timestampUnit":"us"}