{ "traceEvents":[{"name":"Base","cat":"Feature","ph":"B","ts":0,"pid":1022772,"tid":1022772,"args":{"ID":0}},{"name":"FR(FeatureA)","cat":"Feature","ph":"B","ts":2000123,"pid":1022772,"tid":1022772,"args":{"ID":1729382256910270467}},{"name":"FR(FeatureA)","cat":"Feature","ph":"E","ts":3000221,"pid":1022772,"tid":1022772,"args":{"ID":1729382256910270467}},{"name":"FR(FeatureC)","cat":"Feature","ph":"B","ts":3000221,"pid":1022772,"tid":1022772,"args":{"ID":1729382256910303235}},{"name":"FR(FeatureC)","cat":"Feature","ph":"E","ts":4000309,"pid":1022772,"tid":1022772,"args":{"ID":1729382256910303235}},{"name":"FR(FeatureA)","cat":"Feature","ph":"B","ts":4000317,"pid":1022772,"tid":1022772,"args":{"ID":1729382256910336003}},{"name":"FR(FeatureA)","cat":"Feature","ph":"E","ts":4000318,"pid":1022772,"tid":1022772,"args":{"ID":1729382256910336003}},{"name":"FR(FeatureC)","cat":"Feature","ph":"B","ts":4000318,"pid":1022772,"tid":1022772,"args":{"ID":1729382256910368771}},{"name":"FR(FeatureC)","cat":"Feature","ph":"E","ts":4000318,"pid":1022772,"tid":1022772,"args":{"ID":1729382256910368771}},{"name":"Base","cat":"Feature","ph":"E","ts":4000320,"pid":1022772,"tid":1022772,"args":{"ID":0}}],"stackFrames":{},"timestampUnit":"us"}