{ "traceEvents":[{"name":"Base","cat":"Feature","ph":"B","ts":0,"pid":1000551,"tid":1000551,"args":{"ID":0}},{"name":"FR(FeatureA)","cat":"Feature","ph":"B","ts":2000119,"pid":1000551,"tid":1000551,"args":{"ID":1729382256910270467}},{"name":"FR(FeatureA)","cat":"Feature","ph":"E","ts":3000211,"pid":1000551,"tid":1000551,"args":{"ID":1729382256910270467}},{"name":"FR(FeatureC)","cat":"Feature","ph":"B","ts":3000212,"pid":1000551,"tid":1000551,"args":{"ID":1729382256910303235}},{"name":"FR(FeatureC)","cat":"Feature","ph":"E","ts":4000296,"pid":1000551,"tid":1000551,"args":{"ID":1729382256910303235}},{"name":"FR(FeatureA)","cat":"Feature","ph":"B","ts":4000304,"pid":1000551,"tid":1000551,"args":{"ID":1729382256910336003}},{"name":"FR(FeatureA)","cat":"Feature","ph":"E","ts":4000305,"pid":1000551,"tid":1000551,"args":{"ID":1729382256910336003}},{"name":"FR(FeatureC)","cat":"Feature","ph":"B","ts":4000305,"pid":1000551,"tid":1000551,"args":{"ID":1729382256910368771}},{"name":"FR(FeatureC)","cat":"Feature","ph":"E","ts":4000305,"pid":1000551,"tid":1000551,"args":{"ID":1729382256910368771}},{"name":"Base","cat":"Feature","ph":"E","ts":4000306,"pid":1000551,"tid":1000551,"args":{"ID":0}}],"stackFrames":{},"timestampUnit":"us"}