{ "traceEvents":[{"name":"Base","cat":"Feature","ph":"B","ts":0,"pid":1024893,"tid":1024893,"args":{"ID":0}},{"name":"FR(FeatureA)","cat":"Feature","ph":"B","ts":2000118,"pid":1024893,"tid":1024893,"args":{"ID":1729382256910270467}},{"name":"FR(FeatureA)","cat":"Feature","ph":"E","ts":3000213,"pid":1024893,"tid":1024893,"args":{"ID":1729382256910270467}},{"name":"FR(FeatureC)","cat":"Feature","ph":"B","ts":3000213,"pid":1024893,"tid":1024893,"args":{"ID":1729382256910303235}},{"name":"FR(FeatureC)","cat":"Feature","ph":"E","ts":4000304,"pid":1024893,"tid":1024893,"args":{"ID":1729382256910303235}},{"name":"FR(FeatureA)","cat":"Feature","ph":"B","ts":4000311,"pid":1024893,"tid":1024893,"args":{"ID":1729382256910336003}},{"name":"FR(FeatureA)","cat":"Feature","ph":"E","ts":4000312,"pid":1024893,"tid":1024893,"args":{"ID":1729382256910336003}},{"name":"FR(FeatureC)","cat":"Feature","ph":"B","ts":4000312,"pid":1024893,"tid":1024893,"args":{"ID":1729382256910368771}},{"name":"FR(FeatureC)","cat":"Feature","ph":"E","ts":4000313,"pid":1024893,"tid":1024893,"args":{"ID":1729382256910368771}},{"name":"Base","cat":"Feature","ph":"E","ts":4000313,"pid":1024893,"tid":1024893,"args":{"ID":0}}],"stackFrames":{},"timestampUnit":"us"}