{ "traceEvents":[{"name":"Base","cat":"Feature","ph":"B","ts":0,"pid":39570,"tid":39570,"args":{"ID":0}},{"name":"FR(FeatureA)","cat":"Feature","ph":"B","ts":2000138,"pid":39570,"tid":39570,"args":{"ID":1729382256910270467}},{"name":"FR(FeatureA)","cat":"Feature","ph":"E","ts":3000248,"pid":39570,"tid":39570,"args":{"ID":1729382256910270467}},{"name":"FR(FeatureA)","cat":"Feature","ph":"B","ts":3000248,"pid":39570,"tid":39570,"args":{"ID":1729382256910336003}},{"name":"FR(FeatureA)","cat":"Feature","ph":"E","ts":3000249,"pid":39570,"tid":39570,"args":{"ID":1729382256910336003}},{"name":"Base","cat":"Feature","ph":"E","ts":3000256,"pid":39570,"tid":39570,"args":{"ID":0}}],"stackFrames":{},"timestampUnit":"us"}