{ "traceEvents":[{"name":"Base","cat":"Feature","ph":"B","ts":0,"pid":53393,"tid":53393,"args":{"ID":0}},{"name":"FR(FeatureA)","cat":"Feature","ph":"B","ts":2000122,"pid":53393,"tid":53393,"args":{"ID":1729382256910270467}},{"name":"FR(FeatureA)","cat":"Feature","ph":"E","ts":3000222,"pid":53393,"tid":53393,"args":{"ID":1729382256910270467}},{"name":"FR(FeatureA)","cat":"Feature","ph":"B","ts":3000222,"pid":53393,"tid":53393,"args":{"ID":1729382256910336003}},{"name":"FR(FeatureA)","cat":"Feature","ph":"E","ts":3000223,"pid":53393,"tid":53393,"args":{"ID":1729382256910336003}},{"name":"Base","cat":"Feature","ph":"E","ts":3000239,"pid":53393,"tid":53393,"args":{"ID":0}}],"stackFrames":{},"timestampUnit":"us"}