{ "traceEvents":[{"name":"Base","cat":"Feature","ph":"B","ts":0,"pid":67023,"tid":67023,"args":{"ID":0}},{"name":"FR(FeatureA)","cat":"Feature","ph":"B","ts":2000116,"pid":67023,"tid":67023,"args":{"ID":1729382256910270467}},{"name":"FR(FeatureA)","cat":"Feature","ph":"E","ts":3000208,"pid":67023,"tid":67023,"args":{"ID":1729382256910270467}},{"name":"FR(FeatureA)","cat":"Feature","ph":"B","ts":3000208,"pid":67023,"tid":67023,"args":{"ID":1729382256910336003}},{"name":"FR(FeatureA)","cat":"Feature","ph":"E","ts":3000209,"pid":67023,"tid":67023,"args":{"ID":1729382256910336003}},{"name":"Base","cat":"Feature","ph":"E","ts":3000226,"pid":67023,"tid":67023,"args":{"ID":0}}],"stackFrames":{},"timestampUnit":"us"}