{ "traceEvents":[{"name":"Base","cat":"Feature","ph":"B","ts":0,"pid":73177,"tid":73177,"args":{"ID":0}},{"name":"FR(FeatureA)","cat":"Feature","ph":"B","ts":2000132,"pid":73177,"tid":73177,"args":{"ID":1729382256910270467}},{"name":"FR(FeatureA)","cat":"Feature","ph":"E","ts":3000226,"pid":73177,"tid":73177,"args":{"ID":1729382256910270467}},{"name":"FR(FeatureA)","cat":"Feature","ph":"B","ts":3000227,"pid":73177,"tid":73177,"args":{"ID":1729382256910336003}},{"name":"FR(FeatureA)","cat":"Feature","ph":"E","ts":3000227,"pid":73177,"tid":73177,"args":{"ID":1729382256910336003}},{"name":"Base","cat":"Feature","ph":"E","ts":3000241,"pid":73177,"tid":73177,"args":{"ID":0}}],"stackFrames":{},"timestampUnit":"us"}