{ "traceEvents":[{"name":"Base","cat":"Feature","ph":"B","ts":0,"pid":63899,"tid":63899,"args":{"ID":0}},{"name":"FR(FeatureA)","cat":"Feature","ph":"B","ts":2000122,"pid":63899,"tid":63899,"args":{"ID":1729382256910270467}},{"name":"FR(FeatureA)","cat":"Feature","ph":"E","ts":3000223,"pid":63899,"tid":63899,"args":{"ID":1729382256910270467}},{"name":"FR(FeatureA)","cat":"Feature","ph":"B","ts":3000224,"pid":63899,"tid":63899,"args":{"ID":1729382256910336003}},{"name":"FR(FeatureA)","cat":"Feature","ph":"E","ts":3000224,"pid":63899,"tid":63899,"args":{"ID":1729382256910336003}},{"name":"Base","cat":"Feature","ph":"E","ts":3000232,"pid":63899,"tid":63899,"args":{"ID":0}}],"stackFrames":{},"timestampUnit":"us"}