{ "traceEvents":[{"name":"Base","cat":"Feature","ph":"B","ts":0,"pid":42564,"tid":42564,"args":{"ID":0}},{"name":"FR(FeatureA)","cat":"Feature","ph":"B","ts":2000144,"pid":42564,"tid":42564,"args":{"ID":1729382256910270467}},{"name":"FR(FeatureA)","cat":"Feature","ph":"E","ts":3000262,"pid":42564,"tid":42564,"args":{"ID":1729382256910270467}},{"name":"FR(FeatureA)","cat":"Feature","ph":"B","ts":3000263,"pid":42564,"tid":42564,"args":{"ID":1729382256910336003}},{"name":"FR(FeatureA)","cat":"Feature","ph":"E","ts":3000263,"pid":42564,"tid":42564,"args":{"ID":1729382256910336003}},{"name":"Base","cat":"Feature","ph":"E","ts":3000270,"pid":42564,"tid":42564,"args":{"ID":0}}],"stackFrames":{},"timestampUnit":"us"}