{ "traceEvents":[{"name":"Base","cat":"Feature","ph":"B","ts":0,"pid":55033,"tid":55033,"args":{"ID":0}},{"name":"FR(FeatureA)","cat":"Feature","ph":"B","ts":2000118,"pid":55033,"tid":55033,"args":{"ID":1729382256910270467}},{"name":"FR(FeatureA)","cat":"Feature","ph":"E","ts":3000207,"pid":55033,"tid":55033,"args":{"ID":1729382256910270467}},{"name":"FR(FeatureA)","cat":"Feature","ph":"B","ts":3000208,"pid":55033,"tid":55033,"args":{"ID":1729382256910336003}},{"name":"FR(FeatureA)","cat":"Feature","ph":"E","ts":3000209,"pid":55033,"tid":55033,"args":{"ID":1729382256910336003}},{"name":"Base","cat":"Feature","ph":"E","ts":3000220,"pid":55033,"tid":55033,"args":{"ID":0}}],"stackFrames":{},"timestampUnit":"us"}