{ "traceEvents":[{"name":"Base","cat":"Feature","ph":"B","ts":0,"pid":47063,"tid":47063,"args":{"ID":0}},{"name":"FR(FeatureA)","cat":"Feature","ph":"B","ts":2000100,"pid":47063,"tid":47063,"args":{"ID":1729382256910270467}},{"name":"FR(FeatureA)","cat":"Feature","ph":"E","ts":3000197,"pid":47063,"tid":47063,"args":{"ID":1729382256910270467}},{"name":"FR(FeatureA)","cat":"Feature","ph":"B","ts":3000198,"pid":47063,"tid":47063,"args":{"ID":1729382256910336003}},{"name":"FR(FeatureA)","cat":"Feature","ph":"E","ts":3000198,"pid":47063,"tid":47063,"args":{"ID":1729382256910336003}},{"name":"Base","cat":"Feature","ph":"E","ts":3000210,"pid":47063,"tid":47063,"args":{"ID":0}}],"stackFrames":{},"timestampUnit":"us"}