{ "traceEvents":[{"name":"Base","cat":"Feature","ph":"B","ts":0,"pid":59290,"tid":59290,"args":{"ID":0}},{"name":"FR(FeatureA)","cat":"Feature","ph":"B","ts":2000117,"pid":59290,"tid":59290,"args":{"ID":1729382256910270467}},{"name":"FR(FeatureA)","cat":"Feature","ph":"E","ts":3000207,"pid":59290,"tid":59290,"args":{"ID":1729382256910270467}},{"name":"FR(FeatureA)","cat":"Feature","ph":"B","ts":3000208,"pid":59290,"tid":59290,"args":{"ID":1729382256910336003}},{"name":"FR(FeatureA)","cat":"Feature","ph":"E","ts":3000208,"pid":59290,"tid":59290,"args":{"ID":1729382256910336003}},{"name":"Base","cat":"Feature","ph":"E","ts":3000219,"pid":59290,"tid":59290,"args":{"ID":0}}],"stackFrames":{},"timestampUnit":"us"}