{ "traceEvents":[{"name":"Base","cat":"Feature","ph":"B","ts":0,"pid":48844,"tid":48844,"args":{"ID":0}},{"name":"FR(FeatureA)","cat":"Feature","ph":"B","ts":2000114,"pid":48844,"tid":48844,"args":{"ID":1729382256910270467}},{"name":"FR(FeatureA)","cat":"Feature","ph":"E","ts":3000215,"pid":48844,"tid":48844,"args":{"ID":1729382256910270467}},{"name":"FR(FeatureA)","cat":"Feature","ph":"B","ts":3000215,"pid":48844,"tid":48844,"args":{"ID":1729382256910336003}},{"name":"FR(FeatureA)","cat":"Feature","ph":"E","ts":3000216,"pid":48844,"tid":48844,"args":{"ID":1729382256910336003}},{"name":"Base","cat":"Feature","ph":"E","ts":3000232,"pid":48844,"tid":48844,"args":{"ID":0}}],"stackFrames":{},"timestampUnit":"us"}