{ "traceEvents":[{"name":"Base","cat":"Feature","ph":"B","ts":0,"pid":43942,"tid":43942,"args":{"ID":0}},{"name":"FR(FeatureA)","cat":"Feature","ph":"B","ts":2000131,"pid":43942,"tid":43942,"args":{"ID":1729382256910270467}},{"name":"FR(FeatureA)","cat":"Feature","ph":"E","ts":3000221,"pid":43942,"tid":43942,"args":{"ID":1729382256910270467}},{"name":"FR(FeatureA)","cat":"Feature","ph":"B","ts":3000221,"pid":43942,"tid":43942,"args":{"ID":1729382256910336003}},{"name":"FR(FeatureA)","cat":"Feature","ph":"E","ts":3000222,"pid":43942,"tid":43942,"args":{"ID":1729382256910336003}},{"name":"Base","cat":"Feature","ph":"E","ts":3000235,"pid":43942,"tid":43942,"args":{"ID":0}}],"stackFrames":{},"timestampUnit":"us"}