{ "traceEvents":[{"name":"Base","cat":"Feature","ph":"B","ts":0,"pid":50374,"tid":50374,"args":{"ID":0}},{"name":"FR(FeatureA)","cat":"Feature","ph":"B","ts":2000121,"pid":50374,"tid":50374,"args":{"ID":1729382256910270467}},{"name":"FR(FeatureA)","cat":"Feature","ph":"E","ts":3000209,"pid":50374,"tid":50374,"args":{"ID":1729382256910270467}},{"name":"FR(FeatureA)","cat":"Feature","ph":"B","ts":3000209,"pid":50374,"tid":50374,"args":{"ID":1729382256910336003}},{"name":"FR(FeatureA)","cat":"Feature","ph":"E","ts":3000210,"pid":50374,"tid":50374,"args":{"ID":1729382256910336003}},{"name":"Base","cat":"Feature","ph":"E","ts":3000217,"pid":50374,"tid":50374,"args":{"ID":0}}],"stackFrames":{},"timestampUnit":"us"}