{ "traceEvents":[{"name":"Base","cat":"Feature","ph":"B","ts":0,"pid":36598,"tid":36598,"args":{"ID":0}},{"name":"FR(FeatureA)","cat":"Feature","ph":"B","ts":2000120,"pid":36598,"tid":36598,"args":{"ID":1729382256910270467}},{"name":"FR(FeatureA)","cat":"Feature","ph":"E","ts":3000214,"pid":36598,"tid":36598,"args":{"ID":1729382256910270467}},{"name":"FR(FeatureA)","cat":"Feature","ph":"B","ts":3000215,"pid":36598,"tid":36598,"args":{"ID":1729382256910336003}},{"name":"FR(FeatureA)","cat":"Feature","ph":"E","ts":3000216,"pid":36598,"tid":36598,"args":{"ID":1729382256910336003}},{"name":"Base","cat":"Feature","ph":"E","ts":3000221,"pid":36598,"tid":36598,"args":{"ID":0}}],"stackFrames":{},"timestampUnit":"us"}