{ "traceEvents":[{"name":"Base","cat":"Feature","ph":"B","ts":0,"pid":51890,"tid":51890,"args":{"ID":0}},{"name":"FR(FeatureA)","cat":"Feature","ph":"B","ts":2000100,"pid":51890,"tid":51890,"args":{"ID":1729382256910270467}},{"name":"FR(FeatureA)","cat":"Feature","ph":"E","ts":3000186,"pid":51890,"tid":51890,"args":{"ID":1729382256910270467}},{"name":"FR(FeatureA)","cat":"Feature","ph":"B","ts":3000186,"pid":51890,"tid":51890,"args":{"ID":1729382256910336003}},{"name":"FR(FeatureA)","cat":"Feature","ph":"E","ts":3000187,"pid":51890,"tid":51890,"args":{"ID":1729382256910336003}},{"name":"Base","cat":"Feature","ph":"E","ts":3000192,"pid":51890,"tid":51890,"args":{"ID":0}}],"stackFrames":{},"timestampUnit":"us"}