{ "traceEvents":[{"name":"Base","cat":"Feature","ph":"B","ts":0,"pid":68472,"tid":68472,"args":{"ID":0}},{"name":"FR(FeatureA)","cat":"Feature","ph":"B","ts":2000101,"pid":68472,"tid":68472,"args":{"ID":1729382256910270467}},{"name":"FR(FeatureA)","cat":"Feature","ph":"E","ts":3000189,"pid":68472,"tid":68472,"args":{"ID":1729382256910270467}},{"name":"FR(FeatureA)","cat":"Feature","ph":"B","ts":3000189,"pid":68472,"tid":68472,"args":{"ID":1729382256910336003}},{"name":"FR(FeatureA)","cat":"Feature","ph":"E","ts":3000190,"pid":68472,"tid":68472,"args":{"ID":1729382256910336003}},{"name":"Base","cat":"Feature","ph":"E","ts":3000201,"pid":68472,"tid":68472,"args":{"ID":0}}],"stackFrames":{},"timestampUnit":"us"}