{ "traceEvents":[{"name":"Base","cat":"Feature","ph":"B","ts":0,"pid":57961,"tid":57961,"args":{"ID":0}},{"name":"FR(FeatureA)","cat":"Feature","ph":"B","ts":2000106,"pid":57961,"tid":57961,"args":{"ID":1729382256910270467}},{"name":"FR(FeatureA)","cat":"Feature","ph":"E","ts":3000200,"pid":57961,"tid":57961,"args":{"ID":1729382256910270467}},{"name":"FR(FeatureA)","cat":"Feature","ph":"B","ts":3000201,"pid":57961,"tid":57961,"args":{"ID":1729382256910336003}},{"name":"FR(FeatureA)","cat":"Feature","ph":"E","ts":3000201,"pid":57961,"tid":57961,"args":{"ID":1729382256910336003}},{"name":"Base","cat":"Feature","ph":"E","ts":3000209,"pid":57961,"tid":57961,"args":{"ID":0}}],"stackFrames":{},"timestampUnit":"us"}