{ "traceEvents":[{"name":"Base","cat":"Feature","ph":"B","ts":0,"pid":60943,"tid":60943,"args":{"ID":0}},{"name":"FR(FeatureA)","cat":"Feature","ph":"B","ts":2000107,"pid":60943,"tid":60943,"args":{"ID":1729382256910270467}},{"name":"FR(FeatureA)","cat":"Feature","ph":"E","ts":3000205,"pid":60943,"tid":60943,"args":{"ID":1729382256910270467}},{"name":"FR(FeatureA)","cat":"Feature","ph":"B","ts":3000206,"pid":60943,"tid":60943,"args":{"ID":1729382256910336003}},{"name":"FR(FeatureA)","cat":"Feature","ph":"E","ts":3000206,"pid":60943,"tid":60943,"args":{"ID":1729382256910336003}},{"name":"Base","cat":"Feature","ph":"E","ts":3000218,"pid":60943,"tid":60943,"args":{"ID":0}}],"stackFrames":{},"timestampUnit":"us"}