{ "traceEvents":[{"name":"Base","cat":"Feature","ph":"B","ts":0,"pid":62383,"tid":62383,"args":{"ID":0}},{"name":"FR(FeatureA)","cat":"Feature","ph":"B","ts":2000121,"pid":62383,"tid":62383,"args":{"ID":1729382256910270467}},{"name":"FR(FeatureA)","cat":"Feature","ph":"E","ts":3000218,"pid":62383,"tid":62383,"args":{"ID":1729382256910270467}},{"name":"FR(FeatureA)","cat":"Feature","ph":"B","ts":3000218,"pid":62383,"tid":62383,"args":{"ID":1729382256910336003}},{"name":"FR(FeatureA)","cat":"Feature","ph":"E","ts":3000219,"pid":62383,"tid":62383,"args":{"ID":1729382256910336003}},{"name":"Base","cat":"Feature","ph":"E","ts":3000227,"pid":62383,"tid":62383,"args":{"ID":0}}],"stackFrames":{},"timestampUnit":"us"}