{ "traceEvents":[{"name":"Base","cat":"Feature","ph":"B","ts":0,"pid":76173,"tid":76173,"args":{"ID":0}},{"name":"FR(FeatureA)","cat":"Feature","ph":"B","ts":2000131,"pid":76173,"tid":76173,"args":{"ID":1729382256910270467}},{"name":"FR(FeatureA)","cat":"Feature","ph":"E","ts":3000223,"pid":76173,"tid":76173,"args":{"ID":1729382256910270467}},{"name":"FR(FeatureA)","cat":"Feature","ph":"B","ts":3000224,"pid":76173,"tid":76173,"args":{"ID":1729382256910336003}},{"name":"FR(FeatureA)","cat":"Feature","ph":"E","ts":3000225,"pid":76173,"tid":76173,"args":{"ID":1729382256910336003}},{"name":"Base","cat":"Feature","ph":"E","ts":3000232,"pid":76173,"tid":76173,"args":{"ID":0}}],"stackFrames":{},"timestampUnit":"us"}