{ "traceEvents":[{"name":"Base","cat":"Feature","ph":"B","ts":0,"pid":2512899,"tid":2512899,"args":{"ID":0}},{"name":"FR(FeatureB)","cat":"Feature","ph":"B","ts":2000101,"pid":2512899,"tid":2512899,"args":{"ID":1729382256910286851}},{"name":"FR(FeatureB)","cat":"Feature","ph":"E","ts":4000185,"pid":2512899,"tid":2512899,"args":{"ID":1729382256910286851}},{"name":"FR(FeatureD)","cat":"Feature","ph":"B","ts":4000186,"pid":2512899,"tid":2512899,"args":{"ID":1729382256910319619}},{"name":"FR(FeatureD)","cat":"Feature","ph":"E","ts":6000273,"pid":2512899,"tid":2512899,"args":{"ID":1729382256910319619}},{"name":"Base","cat":"Feature","ph":"E","ts":6000276,"pid":2512899,"tid":2512899,"args":{"ID":0}}],"stackFrames":{},"timestampUnit":"us"}