{ "traceEvents":[{"name":"Base","cat":"Feature","ph":"B","ts":0,"pid":2526749,"tid":2526749,"args":{"ID":0}},{"name":"FR(FeatureB)","cat":"Feature","ph":"B","ts":2000114,"pid":2526749,"tid":2526749,"args":{"ID":1729382256910286851}},{"name":"FR(FeatureB)","cat":"Feature","ph":"E","ts":4000208,"pid":2526749,"tid":2526749,"args":{"ID":1729382256910286851}},{"name":"FR(FeatureD)","cat":"Feature","ph":"B","ts":4000208,"pid":2526749,"tid":2526749,"args":{"ID":1729382256910319619}},{"name":"FR(FeatureD)","cat":"Feature","ph":"E","ts":6000310,"pid":2526749,"tid":2526749,"args":{"ID":1729382256910319619}},{"name":"Base","cat":"Feature","ph":"E","ts":6000316,"pid":2526749,"tid":2526749,"args":{"ID":0}}],"stackFrames":{},"timestampUnit":"us"}