{ "traceEvents":[{"name":"Base","cat":"Feature","ph":"B","ts":0,"pid":2524533,"tid":2524533,"args":{"ID":0}},{"name":"FR(FeatureB)","cat":"Feature","ph":"B","ts":2000119,"pid":2524533,"tid":2524533,"args":{"ID":1729382256910286851}},{"name":"FR(FeatureB)","cat":"Feature","ph":"E","ts":4000206,"pid":2524533,"tid":2524533,"args":{"ID":1729382256910286851}},{"name":"FR(FeatureD)","cat":"Feature","ph":"B","ts":4000207,"pid":2524533,"tid":2524533,"args":{"ID":1729382256910319619}},{"name":"FR(FeatureD)","cat":"Feature","ph":"E","ts":6000306,"pid":2524533,"tid":2524533,"args":{"ID":1729382256910319619}},{"name":"Base","cat":"Feature","ph":"E","ts":6000311,"pid":2524533,"tid":2524533,"args":{"ID":0}}],"stackFrames":{},"timestampUnit":"us"}