{ "traceEvents":[{"name":"Base","cat":"Feature","ph":"B","ts":0,"pid":2547350,"tid":2547350,"args":{"ID":0}},{"name":"FR(FeatureB)","cat":"Feature","ph":"B","ts":2000114,"pid":2547350,"tid":2547350,"args":{"ID":1729382256910286851}},{"name":"FR(FeatureB)","cat":"Feature","ph":"E","ts":4000208,"pid":2547350,"tid":2547350,"args":{"ID":1729382256910286851}},{"name":"FR(FeatureD)","cat":"Feature","ph":"B","ts":4000209,"pid":2547350,"tid":2547350,"args":{"ID":1729382256910319619}},{"name":"FR(FeatureD)","cat":"Feature","ph":"E","ts":6000317,"pid":2547350,"tid":2547350,"args":{"ID":1729382256910319619}},{"name":"Base","cat":"Feature","ph":"E","ts":6000325,"pid":2547350,"tid":2547350,"args":{"ID":0}}],"stackFrames":{},"timestampUnit":"us"}