{ "traceEvents":[{"name":"Base","cat":"Feature","ph":"B","ts":0,"pid":2499100,"tid":2499100,"args":{"ID":0}},{"name":"FR(FeatureB)","cat":"Feature","ph":"B","ts":2000111,"pid":2499100,"tid":2499100,"args":{"ID":1729382256910286851}},{"name":"FR(FeatureB)","cat":"Feature","ph":"E","ts":4000197,"pid":2499100,"tid":2499100,"args":{"ID":1729382256910286851}},{"name":"FR(FeatureD)","cat":"Feature","ph":"B","ts":4000198,"pid":2499100,"tid":2499100,"args":{"ID":1729382256910319619}},{"name":"FR(FeatureD)","cat":"Feature","ph":"E","ts":6000298,"pid":2499100,"tid":2499100,"args":{"ID":1729382256910319619}},{"name":"Base","cat":"Feature","ph":"E","ts":6000302,"pid":2499100,"tid":2499100,"args":{"ID":0}}],"stackFrames":{},"timestampUnit":"us"}