{ "traceEvents":[{"name":"Base","cat":"Feature","ph":"B","ts":0,"pid":2505954,"tid":2505954,"args":{"ID":0}},{"name":"FR(FeatureB)","cat":"Feature","ph":"B","ts":2000113,"pid":2505954,"tid":2505954,"args":{"ID":1729382256910286851}},{"name":"FR(FeatureB)","cat":"Feature","ph":"E","ts":4000202,"pid":2505954,"tid":2505954,"args":{"ID":1729382256910286851}},{"name":"FR(FeatureD)","cat":"Feature","ph":"B","ts":4000203,"pid":2505954,"tid":2505954,"args":{"ID":1729382256910319619}},{"name":"FR(FeatureD)","cat":"Feature","ph":"E","ts":6000306,"pid":2505954,"tid":2505954,"args":{"ID":1729382256910319619}},{"name":"Base","cat":"Feature","ph":"E","ts":6000310,"pid":2505954,"tid":2505954,"args":{"ID":0}}],"stackFrames":{},"timestampUnit":"us"}