{ "traceEvents":[{"name":"Base","cat":"Feature","ph":"B","ts":0,"pid":2531374,"tid":2531374,"args":{"ID":0}},{"name":"FR(FeatureB)","cat":"Feature","ph":"B","ts":2000121,"pid":2531374,"tid":2531374,"args":{"ID":1729382256910286851}},{"name":"FR(FeatureB)","cat":"Feature","ph":"E","ts":4000218,"pid":2531374,"tid":2531374,"args":{"ID":1729382256910286851}},{"name":"FR(FeatureD)","cat":"Feature","ph":"B","ts":4000219,"pid":2531374,"tid":2531374,"args":{"ID":1729382256910319619}},{"name":"FR(FeatureD)","cat":"Feature","ph":"E","ts":6000319,"pid":2531374,"tid":2531374,"args":{"ID":1729382256910319619}},{"name":"Base","cat":"Feature","ph":"E","ts":6000324,"pid":2531374,"tid":2531374,"args":{"ID":0}}],"stackFrames":{},"timestampUnit":"us"}