{ "traceEvents":[{"name":"Base","cat":"Feature","ph":"B","ts":0,"pid":2501527,"tid":2501527,"args":{"ID":0}},{"name":"FR(FeatureB)","cat":"Feature","ph":"B","ts":2000103,"pid":2501527,"tid":2501527,"args":{"ID":1729382256910286851}},{"name":"FR(FeatureB)","cat":"Feature","ph":"E","ts":4000195,"pid":2501527,"tid":2501527,"args":{"ID":1729382256910286851}},{"name":"FR(FeatureD)","cat":"Feature","ph":"B","ts":4000196,"pid":2501527,"tid":2501527,"args":{"ID":1729382256910319619}},{"name":"FR(FeatureD)","cat":"Feature","ph":"E","ts":6000300,"pid":2501527,"tid":2501527,"args":{"ID":1729382256910319619}},{"name":"Base","cat":"Feature","ph":"E","ts":6000308,"pid":2501527,"tid":2501527,"args":{"ID":0}}],"stackFrames":{},"timestampUnit":"us"}