{ "traceEvents":[{"name":"Base","cat":"Feature","ph":"B","ts":0,"pid":2563745,"tid":2563745,"args":{"ID":0}},{"name":"FR(FeatureB)","cat":"Feature","ph":"B","ts":2000106,"pid":2563745,"tid":2563745,"args":{"ID":1729382256910286851}},{"name":"FR(FeatureB)","cat":"Feature","ph":"E","ts":4000193,"pid":2563745,"tid":2563745,"args":{"ID":1729382256910286851}},{"name":"FR(FeatureD)","cat":"Feature","ph":"B","ts":4000194,"pid":2563745,"tid":2563745,"args":{"ID":1729382256910319619}},{"name":"FR(FeatureD)","cat":"Feature","ph":"E","ts":6000291,"pid":2563745,"tid":2563745,"args":{"ID":1729382256910319619}},{"name":"Base","cat":"Feature","ph":"E","ts":6000296,"pid":2563745,"tid":2563745,"args":{"ID":0}}],"stackFrames":{},"timestampUnit":"us"}