{ "traceEvents":[{"name":"Base","cat":"Feature","ph":"B","ts":0,"pid":2549849,"tid":2549849,"args":{"ID":0}},{"name":"FR(FeatureB)","cat":"Feature","ph":"B","ts":2000115,"pid":2549849,"tid":2549849,"args":{"ID":1729382256910286851}},{"name":"FR(FeatureB)","cat":"Feature","ph":"E","ts":4000207,"pid":2549849,"tid":2549849,"args":{"ID":1729382256910286851}},{"name":"FR(FeatureD)","cat":"Feature","ph":"B","ts":4000208,"pid":2549849,"tid":2549849,"args":{"ID":1729382256910319619}},{"name":"FR(FeatureD)","cat":"Feature","ph":"E","ts":6000307,"pid":2549849,"tid":2549849,"args":{"ID":1729382256910319619}},{"name":"Base","cat":"Feature","ph":"E","ts":6000322,"pid":2549849,"tid":2549849,"args":{"ID":0}}],"stackFrames":{},"timestampUnit":"us"}