{ "traceEvents":[{"name":"Base","cat":"Feature","ph":"B","ts":0,"pid":2535872,"tid":2535872,"args":{"ID":0}},{"name":"FR(FeatureB)","cat":"Feature","ph":"B","ts":2000112,"pid":2535872,"tid":2535872,"args":{"ID":1729382256910286851}},{"name":"FR(FeatureB)","cat":"Feature","ph":"E","ts":4000202,"pid":2535872,"tid":2535872,"args":{"ID":1729382256910286851}},{"name":"FR(FeatureD)","cat":"Feature","ph":"B","ts":4000203,"pid":2535872,"tid":2535872,"args":{"ID":1729382256910319619}},{"name":"FR(FeatureD)","cat":"Feature","ph":"E","ts":6000305,"pid":2535872,"tid":2535872,"args":{"ID":1729382256910319619}},{"name":"Base","cat":"Feature","ph":"E","ts":6000313,"pid":2535872,"tid":2535872,"args":{"ID":0}}],"stackFrames":{},"timestampUnit":"us"}