{ "traceEvents":[{"name":"Base","cat":"Feature","ph":"B","ts":0,"pid":2522335,"tid":2522335,"args":{"ID":0}},{"name":"FR(FeatureB)","cat":"Feature","ph":"B","ts":2000124,"pid":2522335,"tid":2522335,"args":{"ID":1729382256910286851}},{"name":"FR(FeatureB)","cat":"Feature","ph":"E","ts":4000240,"pid":2522335,"tid":2522335,"args":{"ID":1729382256910286851}},{"name":"FR(FeatureD)","cat":"Feature","ph":"B","ts":4000241,"pid":2522335,"tid":2522335,"args":{"ID":1729382256910319619}},{"name":"FR(FeatureD)","cat":"Feature","ph":"E","ts":6000377,"pid":2522335,"tid":2522335,"args":{"ID":1729382256910319619}},{"name":"Base","cat":"Feature","ph":"E","ts":6000384,"pid":2522335,"tid":2522335,"args":{"ID":0}}],"stackFrames":{},"timestampUnit":"us"}