{ "traceEvents":[{"name":"Base","cat":"Feature","ph":"B","ts":0,"pid":2538026,"tid":2538026,"args":{"ID":0}},{"name":"FR(FeatureB)","cat":"Feature","ph":"B","ts":2000122,"pid":2538026,"tid":2538026,"args":{"ID":1729382256910286851}},{"name":"FR(FeatureB)","cat":"Feature","ph":"E","ts":4000213,"pid":2538026,"tid":2538026,"args":{"ID":1729382256910286851}},{"name":"FR(FeatureD)","cat":"Feature","ph":"B","ts":4000213,"pid":2538026,"tid":2538026,"args":{"ID":1729382256910319619}},{"name":"FR(FeatureD)","cat":"Feature","ph":"E","ts":6000315,"pid":2538026,"tid":2538026,"args":{"ID":1729382256910319619}},{"name":"Base","cat":"Feature","ph":"E","ts":6000320,"pid":2538026,"tid":2538026,"args":{"ID":0}}],"stackFrames":{},"timestampUnit":"us"}