{ "traceEvents":[{"name":"Base","cat":"Feature","ph":"B","ts":0,"pid":2529031,"tid":2529031,"args":{"ID":0}},{"name":"FR(FeatureB)","cat":"Feature","ph":"B","ts":2000118,"pid":2529031,"tid":2529031,"args":{"ID":1729382256910286851}},{"name":"FR(FeatureB)","cat":"Feature","ph":"E","ts":4000215,"pid":2529031,"tid":2529031,"args":{"ID":1729382256910286851}},{"name":"FR(FeatureD)","cat":"Feature","ph":"B","ts":4000216,"pid":2529031,"tid":2529031,"args":{"ID":1729382256910319619}},{"name":"FR(FeatureD)","cat":"Feature","ph":"E","ts":6000316,"pid":2529031,"tid":2529031,"args":{"ID":1729382256910319619}},{"name":"Base","cat":"Feature","ph":"E","ts":6000321,"pid":2529031,"tid":2529031,"args":{"ID":0}}],"stackFrames":{},"timestampUnit":"us"}