{ "traceEvents":[{"name":"Base","cat":"Feature","ph":"B","ts":0,"pid":2510606,"tid":2510606,"args":{"ID":0}},{"name":"FR(FeatureB)","cat":"Feature","ph":"B","ts":2000119,"pid":2510606,"tid":2510606,"args":{"ID":1729382256910286851}},{"name":"FR(FeatureB)","cat":"Feature","ph":"E","ts":4000213,"pid":2510606,"tid":2510606,"args":{"ID":1729382256910286851}},{"name":"FR(FeatureD)","cat":"Feature","ph":"B","ts":4000214,"pid":2510606,"tid":2510606,"args":{"ID":1729382256910319619}},{"name":"FR(FeatureD)","cat":"Feature","ph":"E","ts":6000317,"pid":2510606,"tid":2510606,"args":{"ID":1729382256910319619}},{"name":"Base","cat":"Feature","ph":"E","ts":6000324,"pid":2510606,"tid":2510606,"args":{"ID":0}}],"stackFrames":{},"timestampUnit":"us"}