{ "traceEvents":[{"name":"Base","cat":"Feature","ph":"B","ts":0,"pid":2542629,"tid":2542629,"args":{"ID":0}},{"name":"FR(FeatureB)","cat":"Feature","ph":"B","ts":2000116,"pid":2542629,"tid":2542629,"args":{"ID":1729382256910286851}},{"name":"FR(FeatureB)","cat":"Feature","ph":"E","ts":4000213,"pid":2542629,"tid":2542629,"args":{"ID":1729382256910286851}},{"name":"FR(FeatureD)","cat":"Feature","ph":"B","ts":4000214,"pid":2542629,"tid":2542629,"args":{"ID":1729382256910319619}},{"name":"FR(FeatureD)","cat":"Feature","ph":"E","ts":6000314,"pid":2542629,"tid":2542629,"args":{"ID":1729382256910319619}},{"name":"Base","cat":"Feature","ph":"E","ts":6000319,"pid":2542629,"tid":2542629,"args":{"ID":0}}],"stackFrames":{},"timestampUnit":"us"}