{ "traceEvents":[{"name":"Base","cat":"Feature","ph":"B","ts":0,"pid":2517485,"tid":2517485,"args":{"ID":0}},{"name":"FR(FeatureB)","cat":"Feature","ph":"B","ts":2000121,"pid":2517485,"tid":2517485,"args":{"ID":1729382256910286851}},{"name":"FR(FeatureB)","cat":"Feature","ph":"E","ts":4000215,"pid":2517485,"tid":2517485,"args":{"ID":1729382256910286851}},{"name":"FR(FeatureD)","cat":"Feature","ph":"B","ts":4000216,"pid":2517485,"tid":2517485,"args":{"ID":1729382256910319619}},{"name":"FR(FeatureD)","cat":"Feature","ph":"E","ts":6000324,"pid":2517485,"tid":2517485,"args":{"ID":1729382256910319619}},{"name":"Base","cat":"Feature","ph":"E","ts":6000330,"pid":2517485,"tid":2517485,"args":{"ID":0}}],"stackFrames":{},"timestampUnit":"us"}