{ "traceEvents":[{"name":"Base","cat":"Feature","ph":"B","ts":0,"pid":2540359,"tid":2540359,"args":{"ID":0}},{"name":"FR(FeatureB)","cat":"Feature","ph":"B","ts":2000133,"pid":2540359,"tid":2540359,"args":{"ID":1729382256910286851}},{"name":"FR(FeatureB)","cat":"Feature","ph":"E","ts":4000226,"pid":2540359,"tid":2540359,"args":{"ID":1729382256910286851}},{"name":"FR(FeatureD)","cat":"Feature","ph":"B","ts":4000226,"pid":2540359,"tid":2540359,"args":{"ID":1729382256910319619}},{"name":"FR(FeatureD)","cat":"Feature","ph":"E","ts":6000325,"pid":2540359,"tid":2540359,"args":{"ID":1729382256910319619}},{"name":"Base","cat":"Feature","ph":"E","ts":6000330,"pid":2540359,"tid":2540359,"args":{"ID":0}}],"stackFrames":{},"timestampUnit":"us"}